slug,nombre,municipio,categoria,productos estrella,direccion,descripcion,horario,telefono,correo,web,Facebook,Instagram,Google Maps,lat,lon,fecha_revision,imagen
torrons-vicens-agramunt,Torrons Vicens,Agramunt,Dulces,"Turrón de Agramunt, chocolate a la piedra y dulces tradicionales","Ctra. de Tàrrega, 1, 25310 Agramunt, Lleida, Espanya","Productor local incorporado desde fuentes públicas de producto de proximidad de la provincia de Lleida y verificado con Google Maps. Especialidad: turrón de agramunt, chocolate a la piedra y dulces tradicionales.",dilluns: 9:00–20:30 | dimarts: 9:00–20:30 | dimecres: 9:00–20:30 | dijous: 9:00–20:30 | divendres: 9:00–20:30 | dissabte: 9:00–20:30 | diumenge: 9:00–20:30,973 39 06 07,torrons@vicens.com,https://www.vicens.com/,https://www.facebook.com/torronsartesans/,https://www.instagram.com/torronsvicens/,https://www.google.com/maps/search/?api=1&query=Torrons%20Vicens%20Agramunt%2C%20Ctra.%20de%20T%C3%A0rrega%2C%201%2C%2025310%20Agramunt%2C%20Lleida%2C%20Espanya&query_place_id=ChIJrQGi0h2FphIRx9b5ayJo57E,41.7863816,1.0925877,2026-05-06,/productores/lleida/torrons-vicens-agramunt.webp
torrons-roig-agramunt,Torrons Roig,Agramunt,Dulces,Turrón de Agramunt y dulces artesanos,"Ctra. L-303, km 19,100, 25310 Agramunt, Lleida, Espanya",Productor local incorporado desde fuentes públicas de producto de proximidad de la provincia de Lleida y verificado con Google Maps. Especialidad: turrón de agramunt y dulces artesanos.,"dilluns: 9:00–13:00, 15:00–19:00 | dimarts: 9:00–13:00, 15:00–19:00 | dimecres: 9:00–13:00, 15:00–19:00 | dijous: 9:00–13:00, 15:00–19:00 | divendres: 9:00–13:00, 15:00–19:00 | dissabte: Tancat | diumenge: Tancat",973 39 00 36,info@torronsroig.com,http://www.torronsroig.com/,https://www.facebook.com/p/Torrons-Roig-100064343663355/,https://www.instagram.com/torronsroig/,https://www.google.com/maps/search/?api=1&query=Torrons%20Roig%20Agramunt%2C%20Ctra.%20L-303%2C%20km%2019%2C100%2C%2025310%20Agramunt%2C%20Lleida%2C%20Espanya&query_place_id=ChIJs3KzPAOFphIRXAdZHS97b50,41.7810438,1.1108627,2026-05-06,/productores/lleida/torrons-roig-agramunt.webp
xocolata-jolonch-agramunt,Xocolata Jolonch,Agramunt,Chocolate,Chocolate a la piedra de Agramunt,"Plaça del Pou, 8, 25310 Agramunt, Lleida, Espanya",Productor local incorporado desde fuentes públicas de producto de proximidad de la provincia de Lleida y verificado con Google Maps. Especialidad: chocolate a la piedra de agramunt.,dilluns: 8:00–20:30 | dimarts: 8:00–20:30 | dimecres: 8:00–20:30 | dijous: 8:00–20:30 | divendres: 8:00–20:30 | dissabte: 8:00–20:30 | diumenge: 8:00–20:30,973 39 21 05,,http://www.xocolatajolonch.com/,,https://www.instagram.com/xocolatajolonch/,https://www.google.com/maps/search/?api=1&query=LA%20CASA%20DE%20LA%20XOCOLATA%2C%20XOCOLATA%20JOLONCH.%2C%20Pla%C3%A7a%20del%20Pou%2C%208%2C%2025310%20Agramunt%2C%20Lleida%2C%20Espanya&query_place_id=ChIJI-MfUP2EphIRJMOZC_Qi0VU,41.7857599,1.0975022,2026-05-06,/productores/lleida/xocolata-jolonch-agramunt.webp
torrons-i-mel-alemany-os-de-balaguer,Torrons i Mel Alemany,Os de Balaguer,Miel y dulces,"Miel, turrones y dulces artesanos","Carrer Barcelona, 4, 25610 Os de Balaguer, Lleida, Espanya","Productor local incorporado desde fuentes públicas de producto de proximidad de la provincia de Lleida y verificado con Google Maps. Especialidad: miel, turrones y dulces artesanos.",Consultar web,973 43 80 72,info@alemany.com,http://www.alemany.com/shop,https://www.facebook.com/alemany1879/,https://www.instagram.com/alemany1879/,https://www.google.com/maps/search/?api=1&query=Torrons%20i%20Mel%20Alemany%2C%20Carrer%20Barcelona%2C%204%2C%2025610%20Os%20de%20Balaguer%2C%20Lleida%2C%20Espanya&query_place_id=ChIJBY9TAKz5phIRAdXwHm-0oEo,41.8722489,0.7201896000000001,2026-05-06,/productores/lleida/torrons-i-mel-alemany-os-de-balaguer.webp
licors-portet-la-pobla-de-segur,Licors Portet,La Pobla de Segur,Licores,"Ratafía, licor de cassís y licores del Pirineo","Av. Sant Miquel del Pui, 4, 25500 La Pobla de Segur, Lleida, Espanya","Productor local incorporado desde fuentes públicas de producto de proximidad de la provincia de Lleida y verificado con Google Maps. Especialidad: ratafía, licor de cassís y licores del pirineo.","dilluns: Tancat | dimarts: 9:00–14:00 | dimecres: 9:00–14:00 | dijous: 9:00–14:00 | divendres: 9:00–14:00 | dissabte: 10:00–14:00, 16:30–19:30 | diumenge: Tancat",973 68 03 40,info@licorsportet.cat,http://www.licorsportet.cat/,https://www.facebook.com/RATAFIA.DELS.RAIERS/,https://www.instagram.com/ratafiaraiers/,https://www.google.com/maps/search/?api=1&query=F%C3%A0brica%20de%20licors%20Portet%201883%2C%20Av.%20Sant%20Miquel%20del%20Pui%2C%204%2C%2025500%20La%20Pobla%20de%20Segur%2C%20Lleida%2C%20Espanya&query_place_id=ChIJ__TIJLwUphIRY52bX47L4fA,42.2474081,0.968346,2026-05-06,/productores/lleida/licors-portet-la-pobla-de-segur.webp
lo-vilot-farm-brewery-almacelles,Lo Vilot Farm Brewery,Almacelles,Cerveza,Cerveza artesana de granja,"Carrer de Sant Josep, 19, 25100 Almacelles, Lleida, Espanya",Productor local incorporado desde fuentes públicas de producto de proximidad de la provincia de Lleida y verificado con Google Maps. Especialidad: cerveza artesana de granja.,dilluns: 9:00–18:00 | dimarts: 9:00–18:00 | dimecres: 9:00–18:00 | dijous: 9:00–18:00 | divendres: 9:00–18:00 | dissabte: 11:00–17:00 | diumenge: 11:00–17:00,635 40 99 99,info@cervesalovilot.com,http://www.lovilotfarmbrewery.com/,https://www.facebook.com/cervesalovilot/,https://www.instagram.com/cervesa_lo_vilot/,https://www.google.com/maps/search/?api=1&query=Cervesa%20Lo%20Vilot%2C%20Carrer%20de%20Sant%20Josep%2C%2019%2C%2025100%20Almacelles%2C%20Lleida%2C%20Espanya&query_place_id=ChIJgSQSsG8QpxIRKPiIcNwF3fo,41.73190659999999,0.4390095000000001,2026-05-06,/productores/lleida/lo-vilot-farm-brewery-almacelles.webp
aubagueta-biosca,Aubagueta,Biosca,Quesos y lácteos,Quesos ecológicos de leche cruda de cabra,"Masia Aubagueta, 25752 Biosca, Lleida, Espanya",Productor local incorporado desde fuentes públicas de producto de proximidad de la provincia de Lleida y verificado con Google Maps. Especialidad: quesos ecológicos de leche cruda de cabra.,dilluns: 8:00–20:00 | dimarts: 8:00–20:00 | dimecres: 8:00–20:00 | dijous: 8:00–20:00 | divendres: 8:00–20:00 | dissabte: 8:00–20:00 | diumenge: 8:00–20:00,660 55 27 42,formatgesecologics@aubagueta.com,https://www.aubagueta.com/,,,https://www.google.com/maps/search/?api=1&query=Formatgeria%20Aubagueta%2C%20Masia%20Aubagueta%2C%2025752%20Biosca%2C%20Lleida%2C%20Espanya&query_place_id=ChIJPRAaoBwypBIRnJy4nKNcwuE,41.8369226,1.3771574,2026-05-06,/productores/lleida/aubagueta-biosca.webp
tros-de-sort-sort,Tros de Sort,Sort,Quesos y lácteos,Quesos del Pallars y lácteos de vaca,"N-260, 25560 Sort, Lérida, Espanya",Productor local incorporado desde fuentes públicas de producto de proximidad de la provincia de Lleida y verificado con Google Maps. Especialidad: quesos del pallars y lácteos de vaca.,"dilluns: Tancat | dimarts: 10:00–14:00, 17:00–20:00 | dimecres: 10:00–14:00, 17:15–20:00 | dijous: 10:00–14:00, 17:00–20:00 | divendres: 10:15–14:00, 17:00–20:00 | dissabte: 10:00–14:00, 17:00–20:00 | diumenge: Tancat",973 62 12 20,info@trosdesort.cat,http://www.trosdesort.cat/,,,https://www.google.com/maps/search/?api=1&query=Tros%20de%20Sort%2C%20N-260%2C%2025560%20Sort%2C%20L%C3%A9rida%2C%20Espanya&query_place_id=ChIJfWy9sOAFphIRc1zziDAak6w,42.40708250000001,1.1308453,2026-05-06,/productores/lleida/tros-de-sort-sort.webp
formatges-camps-el-palau-d-anglesola,Formatges Camps,El Palau d'Anglesola,Quesos y lácteos,Quesos artesanos de leche de cabra,"Carrer dels Bassots, 16, 25243 El Palau d'Anglesola, Lleida, Espanya",Productor local incorporado desde fuentes públicas de producto de proximidad de la provincia de Lleida y verificado con Google Maps. Especialidad: quesos artesanos de leche de cabra.,Consultar web,606 45 30 17,formatgescamps@gmail.com,http://www.formatgescamps.com/,,https://www.instagram.com/formatgescamps/,https://www.google.com/maps/search/?api=1&query=Formatges%20Camps%20Formatgeria%2C%20Carrer%20dels%20Bassots%2C%2016%2C%2025243%20El%20Palau%20d'Anglesola%2C%20Lleida%2C%20Espanya&query_place_id=ChIJcXApv5XrphIR9doIJFDwE6g,41.6457144,0.8783286,2026-05-06,
granja-godall-olius,Granja Godall,Olius,Quesos y lácteos,"Yogures, leche y productos lácteos de granja","Unnamed Road, 25286 Olius, Lérida, Espanya","Productor local incorporado desde fuentes públicas de producto de proximidad de la provincia de Lleida y verificado con Google Maps. Especialidad: yogures, leche y productos lácteos de granja.","dilluns: 9:00–13:00, 15:00–19:00 | dimarts: 9:00–13:00, 15:00–19:00 | dimecres: 9:00–13:00, 15:00–19:00 | dijous: 9:00–13:00, 15:00–19:00 | divendres: 9:00–13:00, 15:00–19:00 | dissabte: 9:00–13:00 | diumenge: Tancat",973 48 31 11,info@granjagodall.cat,http://www.granjagodall.cat/,,,https://www.google.com/maps/search/?api=1&query=Granja%20Godall%2C%20Unnamed%20Road%2C%2025286%20Olius%2C%20L%C3%A9rida%2C%20Espanya&query_place_id=ChIJof4ciIi1pRIR4WX9-HhFqRI,41.9598364,1.5232936,2026-05-06,
mas-d-eroles-ribera-d-urgellet,Mas d'Eroles,Ribera d'Urgellet,Quesos y lácteos,Quesos artesanos del Alt Urgell,"Mas d'Eroles, s/n, 25797 Adrall, Lérida, Espanya",Productor local incorporado desde fuentes públicas de producto de proximidad de la provincia de Lleida y verificado con Google Maps. Especialidad: quesos artesanos del alt urgell.,"dilluns: 10:00–14:00, 16:00–18:00 | dimarts: 10:00–14:00, 16:00–18:00 | dimecres: 10:00–14:00, 16:00–18:00 | dijous: 10:00–14:00, 16:00–18:00 | divendres: 10:00–14:00, 16:00–18:00 | dissabte: 11:00–14:00 | diumenge: Tancat",973 38 73 38,masderoles@gmail.com,http://www.masderoles.com/,https://www.facebook.com/masderoles/,https://www.instagram.com/masderoles/,https://www.google.com/maps/search/?api=1&query=Formatgeria%20Mas%20d'Eroles%2C%20Mas%20d'Eroles%2C%20s%2Fn%2C%2025797%20Adrall%2C%20L%C3%A9rida%2C%20Espanya&query_place_id=ChIJAcTPByPvpRIROqnU7-LcXlA,42.3231069,1.3979596,2026-05-06,
l-olivera-cooperativa-vallbona-de-les-monges,L'Olivera Cooperativa,Vallbona de les Monges,Vino y aceite,Vinos DO Costers del Segre y aceite de oliva,"La Plana, s/n, 25268 Vallbona de les Monges, Lleida, Espanya",Productor local incorporado desde fuentes públicas de producto de proximidad de la provincia de Lleida y verificado con Google Maps. Especialidad: vinos do costers del segre y aceite de oliva.,"dilluns: 8:00–13:30, 15:00–17:00 | dimarts: 8:00–13:30, 15:00–17:00 | dimecres: 8:00–13:30, 15:00–17:00 | dijous: 8:00–13:30, 15:00–17:00 | divendres: 8:00–13:30 | dissabte: Tancat | diumenge: 8:00–13:30, 15:00–17:00",973 33 00 92,,http://www.olivera.org/,https://www.facebook.com/cooperativa.l.olivera/,https://www.instagram.com/olivera_coop/,https://www.google.com/maps/search/?api=1&query=L'Olivera%20Cooperativa%20-%20Vallbona%20de%20les%20Monges%2C%20La%20Plana%2C%20s%2Fn%2C%2025268%20Vallbona%20de%20les%20Monges%2C%20Lleida%2C%20Espanya&query_place_id=ChIJs-PWH4SYpBIRX3FExVa2ZBo,41.5249043,1.0860575,2026-05-06,/productores/lleida/l-olivera-cooperativa-vallbona-de-les-monges.webp
castell-del-remei-penelles,Castell del Remei,Penelles,Vino,Vinos DO Costers del Segre,"Finca Castell del Remei, 1, 25333 Penelles, Lleida, Espanya",Productor local incorporado desde fuentes públicas de producto de proximidad de la provincia de Lleida y verificado con Google Maps. Especialidad: vinos do costers del segre.,"dilluns: 9:00–14:00, 15:00–17:00 | dimarts: 9:00–14:00, 15:00–17:00 | dimecres: 9:00–14:00, 15:00–17:00 | dijous: 9:00–14:00, 15:00–17:00 | divendres: 9:00–14:00, 15:00–17:00 | dissabte: 10:00–18:30 | diumenge: 10:00–14:30",973 58 02 00,,http://www.castelldelremei.com/,,https://www.instagram.com/castelldelremei/,https://www.google.com/maps/search/?api=1&query=Castell%20del%20Remei%2C%20Finca%20Castell%20del%20Remei%2C%201%2C%2025333%20Penelles%2C%20Lleida%2C%20Espanya&query_place_id=ChIJdyXABzOSphIRAzbnoMwK_T4,41.72020020000001,0.9719492000000001,2026-05-06,
raimat-lleida,Raimat,Lleida,Vino,Vinos DO Costers del Segre,"s/n, Passeig Manuel Raventós Domènech, 25111 Raïmat, Lleida, Espanya",Productor local incorporado desde fuentes públicas de producto de proximidad de la provincia de Lleida y verificado con Google Maps. Especialidad: vinos do costers del segre.,dilluns: 9:00–15:00 | dimarts: 9:00–15:00 | dimecres: 9:00–15:00 | dijous: 9:00–15:00 | divendres: 9:00–15:00 | dissabte: 11:00–13:30 | diumenge: 11:00–13:30,973 72 40 00,,https://www.15bodegas.com/raimat,https://www.facebook.com/15bodegas/,https://www.instagram.com/15bodegas/,https://www.google.com/maps/search/?api=1&query=Cellers%20Ra%C3%AFmat%2C%20s%2Fn%2C%20Passeig%20Manuel%20Ravent%C3%B3s%20Dom%C3%A8nech%2C%2025111%20Ra%C3%AFmat%2C%20Lleida%2C%20Espanya&query_place_id=ChIJMycxyxUbpxIRlUrnI2Cn_oM,41.682922,0.4802338,2026-05-06,
costers-del-sio-balaguer,Costers del Sió,Balaguer,Vino,Vinos DO Costers del Segre y aceite de finca,"CTRA. Balaguer-Agramunt, km 4.2, 25600 Balaguer, Lérida, Espanya",Productor local incorporado desde fuentes públicas de producto de proximidad de la provincia de Lleida y verificado con Google Maps. Especialidad: vinos do costers del segre y aceite de finca.,"dilluns: 9:00–14:00, 16:00–18:00 | dimarts: 9:00–14:00, 16:00–18:00 | dimecres: 9:00–14:00, 16:00–18:00 | dijous: 9:00–14:00, 16:00–18:00 | divendres: 9:00–14:00, 16:00–18:00 | dissabte: Tancat | diumenge: Tancat",973 42 40 62,administracio@costersio.com,https://www.costersio.com/ca,,https://www.instagram.com/costersdelsio/,https://www.google.com/maps/search/?api=1&query=Bodegas%20Costers%20del%20Si%C3%B3%2C%20S.L.%2C%20CTRA.%20Balaguer-Agramunt%2C%20km%204.2%2C%2025600%20Balaguer%2C%20L%C3%A9rida%2C%20Espanya&query_place_id=ChIJm3hUyJ2NphIRHcHFytql1pY,41.8116753,0.9233013000000001,2026-05-06,/productores/lleida/costers-del-sio-balaguer.webp
cervoles-celler-la-pobla-de-cervoles,Cérvoles Celler,La Pobla de Cérvoles,Vino,Vinos de montaña DO Costers del Segre,"Avinguda de les Garrigues, 26, 25471 La Pobla de Cérvoles, Lleida, Espanya",Productor local incorporado desde fuentes públicas de producto de proximidad de la provincia de Lleida y verificado con Google Maps. Especialidad: vinos de montaña do costers del segre.,Consultar web,973 17 51 01,,http://www.cervoles.com/,,https://www.instagram.com/cervolesceller/,https://www.google.com/maps/search/?api=1&query=C%C3%A9rvoles%20Celler%2C%20Avinguda%20de%20les%20Garrigues%2C%2026%2C%2025471%20La%20Pobla%20de%20C%C3%A9rvoles%2C%20Lleida%2C%20Espanya&query_place_id=ChIJi5nBbgW2phIRtYVkgeyP9F4,41.3658441,0.9145622,2026-05-06,/productores/lleida/cervoles-celler-la-pobla-de-cervoles.webp
mas-blanch-i-jove-la-pobla-de-cervoles,Mas Blanch i Jové,La Pobla de Cérvoles,Vino,Vinos DO Costers del Segre y aceite de oliva,"Paratge Llinar Pol. 9 Parc. 129, 25471 Pobla De Cervoles ( La ), Lérida, Espanya",Productor local incorporado desde fuentes públicas de producto de proximidad de la provincia de Lleida y verificado con Google Maps. Especialidad: vinos do costers del segre y aceite de oliva.,dilluns: Tancat | dimarts: Tancat | dimecres: Tancat | dijous: Tancat | divendres: Tancat | dissabte: 10:00–14:00 | diumenge: 10:00–14:00,973 05 00 18,info@masblanchijove.com,http://www.masblanchijove.com/,https://www.facebook.com/masblanchijove/,https://www.instagram.com/masblanchijove/,https://www.google.com/maps/search/?api=1&query=Mas%20Blanch%20i%20Jov%C3%A9%2C%20Paratge%20Llinar%20Pol.%209%20Parc.%20129%2C%2025471%20Pobla%20De%20Cervoles%20(%20La%20)%2C%20L%C3%A9rida%2C%20Espanya&query_place_id=ChIJj1IkbAO2phIRDb2RfqK85Pk,41.365882,0.9095129999999999,2026-05-06,/productores/lleida/mas-blanch-i-jove-la-pobla-de-cervoles.webp
tomas-cusine-el-vilosell,Tomàs Cusiné,El Vilosell,Vino,Vinos DO Costers del Segre,"Plaça de Sant Sebastià, 13, 25457 El Vilosell, Lleida, Espanya",Productor local incorporado desde fuentes públicas de producto de proximidad de la provincia de Lleida y verificado con Google Maps. Especialidad: vinos do costers del segre.,"dilluns: 8:00–14:00, 15:00–17:30 | dimarts: 8:00–14:00, 15:00–17:30 | dimecres: 8:00–14:00, 15:00–17:30 | dijous: 8:00–14:00, 15:00–17:30 | divendres: 8:00–14:00 | dissabte: 10:00–14:00 | diumenge: 10:00–14:00",973 17 60 29,,https://www.tomascusine.com/,,https://www.instagram.com/tomascusine/,https://www.google.com/maps/search/?api=1&query=Celler%20Tom%C3%A0s%20Cusin%C3%A9%2C%20Pla%C3%A7a%20de%20Sant%20Sebasti%C3%A0%2C%2013%2C%2025457%20El%20Vilosell%2C%20Lleida%2C%20Espanya&query_place_id=ChIJlRY4IPS2phIRmhHY8wiv-20,41.3823424,0.9474141,2026-05-06,/productores/lleida/tomas-cusine-el-vilosell.webp
castell-d-encus-talarn,Castell d'Encús,Talarn,Vino,Vinos de altura DO Costers del Segre,"Ctra. Tremp a Santa Engracia, km. 5, 25630 Talarn, Lleida, Espanya",Productor local incorporado desde fuentes públicas de producto de proximidad de la provincia de Lleida y verificado con Google Maps. Especialidad: vinos de altura do costers del segre.,dilluns: 8:00–17:00 | dimarts: 8:00–17:00 | dimecres: 8:00–17:00 | dijous: 8:00–17:00 | divendres: 8:00–17:00 | dissabte: Tancat | diumenge: Tancat,973 25 29 74,team@castelldencus.com,http://www.castelldencus.com/,,https://www.instagram.com/castelldencus/,https://www.google.com/maps/search/?api=1&query=Castell%20d'Enc%C3%BAs%2C%20Ctra.%20Tremp%20a%20Santa%20Engracia%2C%20km.%205%2C%2025630%20Talarn%2C%20Lleida%2C%20Espanya&query_place_id=ChIJG2msGJOipBIRc5pD295bTB0,42.2074131,0.8985974,2026-05-06,/productores/lleida/castell-d-encus-talarn.webp
celler-batlliu-de-sort-sort,Celler Batlliu de Sort,Sort,Vino,Vinos de alta montaña del Pallars,"Lloc Olp, 35, 25568 Olp, Lleida, Espanya",Productor local incorporado desde fuentes públicas de producto de proximidad de la provincia de Lleida y verificado con Google Maps. Especialidad: vinos de alta montaña del pallars.,Consultar web,628 12 54 73,celler@batlliudesort.cat,http://www.batlliudesort.cat/,,,https://www.google.com/maps/search/?api=1&query=Celler%20Batlliu%20de%20Sort%2C%20Lloc%20Olp%2C%2035%2C%2025568%20Olp%2C%20Lleida%2C%20Espanya&query_place_id=ChIJq6resgMFphIR2grq4StNd8c,42.4262005,1.1237352,2026-05-06,/productores/lleida/celler-batlliu-de-sort-sort.webp
lagravera-alfarras,Lagravera,Alfarràs,Vino,Vinos ecológicos y biodinámicos,"Carrer Tamarit, 9, 25120 Alfarràs, Lleida, Espanya",Productor local incorporado desde fuentes públicas de producto de proximidad de la provincia de Lleida y verificado con Google Maps. Especialidad: vinos ecológicos y biodinámicos.,dilluns: 7:00–15:00 | dimarts: 7:00–15:00 | dimecres: 7:00–15:00 | dijous: 7:00–15:00 | divendres: 7:00–15:00 | dissabte: Tancat | diumenge: Tancat,973 76 13 74,info@lagravera.com,http://www.lagravera.com/,https://www.facebook.com/bodega.lagravera/,https://www.instagram.com/lagravera/,https://www.google.com/maps/search/?api=1&query=Lagravera%2C%20Carrer%20Tamarit%2C%209%2C%2025120%20Alfarr%C3%A0s%2C%20Lleida%2C%20Espanya&query_place_id=ChIJkcF0OCwCpxIRRk-87FxEb7Y,41.8315409,0.5673482,2026-05-06,/productores/lleida/lagravera-alfarras.webp
celler-matallonga-fulleda,Celler Matallonga,Fulleda,Vino,Vinos DO Costers del Segre,"AFORES-PARTIDA SORTS, S/N, 25411 Fulleda, Lleida, Espanya",Productor local incorporado desde fuentes públicas de producto de proximidad de la provincia de Lleida y verificado con Google Maps. Especialidad: vinos do costers del segre.,dilluns: 16:30–18:30 | dimarts: 16:30–18:30 | dimecres: 16:30–18:30 | dijous: 16:30–18:30 | divendres: 16:30–18:30 | dissabte: 10:00–13:00 | diumenge: 10:00–13:00,628 54 96 45,matallonga60@gmail.com,http://www.cellermatallonga.cat/,,https://www.instagram.com/cellermatallonga/,https://www.google.com/maps/search/?api=1&query=Celler%20Matallonga%2C%20AFORES-PARTIDA%20SORTS%2C%20S%2FN%2C%2025411%20Fulleda%2C%20Lleida%2C%20Espanya&query_place_id=ChIJNYdyWPa6phIRp_25tgpE55k,41.4636038,1.0227727,2026-05-06,
celler-analec-nalec,Celler Analec,Nalec,Vino,Vinos DO Costers del Segre,"c/Carretera, s/n, 25341 Nalec, Lérida, Espanya",Productor local incorporado desde fuentes públicas de producto de proximidad de la provincia de Lleida y verificado con Google Maps. Especialidad: vinos do costers del segre.,dilluns: 11:00–14:30 | dimarts: 11:00–14:30 | dimecres: 11:00–14:30 | dijous: 11:00–14:30 | divendres: 11:00–14:30 | dissabte: 11:00–14:30 | diumenge: 11:00–14:30,973 30 31 90,,https://www.analec.net/,https://www.facebook.com/celleranalec/,https://www.instagram.com/celleranalec/,https://www.google.com/maps/search/?api=1&query=Celler%20analec%2C%20c%2FCarretera%2C%20s%2Fn%2C%2025341%20Nalec%2C%20L%C3%A9rida%2C%20Espanya&query_place_id=ChIJuzk7VjGiphIRNKlrMelSFpc,41.5609291,1.1202193,2026-05-06,/productores/lleida/celler-analec-nalec.webp
vinya-els-vilars-arbeca,Vinya els Vilars,Arbeca,Vino,Vinos DO Costers del Segre,"Avinguda de Puig-Gros, 25140 Arbeca, Lleida, Espanya",Productor local incorporado desde fuentes públicas de producto de proximidad de la provincia de Lleida y verificado con Google Maps. Especialidad: vinos do costers del segre.,"dilluns: 9:00–13:30, 16:00–19:00 | dimarts: 9:00–13:30, 16:00–19:00 | dimecres: 9:00–13:30, 16:00–19:00 | dijous: 9:00–13:30, 16:00–19:00 | divendres: 9:00–13:30, 16:00–19:00 | dissabte: 10:00–13:30 | diumenge: 10:00–13:30",973 14 91 44,,http://www.vinyaelsvilars.com/,https://www.facebook.com/vinyaelsvilars/,https://www.instagram.com/vinyaelsvilars/,https://www.google.com/maps/search/?api=1&query=Vinya%20Els%20Vilars%2C%20Avinguda%20de%20Puig-Gros%2C%2025140%20Arbeca%2C%20Lleida%2C%20Espanya&query_place_id=ChIJjcwsJHu_phIRjRJBmI5IEy0,41.5483125,0.9124344000000001,2026-05-06,/productores/lleida/vinya-els-vilars-arbeca.webp
cooperativa-del-camp-de-els-torms-els-torms,Cooperativa del Camp de Els Torms,Els Torms,Aceite,Aceite de oliva virgen extra arbequina,"Carrer Mestre Benet, 2, 25164 Els Torms, Lleida, Espanya",Productor local incorporado desde fuentes públicas de producto de proximidad de la provincia de Lleida y verificado con Google Maps. Especialidad: aceite de oliva virgen extra arbequina.,dilluns: 8:00–15:00 | dimarts: 8:00–15:00 | dimecres: 8:00–15:00 | dijous: 8:00–15:00 | divendres: 8:00–15:00 | dissabte: Tancat | diumenge: Tancat,973 12 81 90,cooperativa@elstorms.cat,http://www.loliercoop.com/,,,https://www.google.com/maps/search/?api=1&query=Camp%20I%20Secci%C3%B3%20De%20Cr%C3%A8dit%20Dels%20Torms%20Sccl%2C%20Carrer%20Mestre%20Benet%2C%202%2C%2025164%20Els%20Torms%2C%20Lleida%2C%20Espanya&query_place_id=ChIJK-RIOKzRphIR5tjYWSn_ZnA,41.3950592,0.7217177,2026-05-06,/productores/lleida/cooperativa-del-camp-de-els-torms-els-torms.webp
olicatessen-els-torms,Olicatessen,Els Torms,Aceite,Aceite de oliva virgen extra ecológico,"L-701, km 16, 5, 25164 Els Torms, Lleida, Espanya",Productor local incorporado desde fuentes públicas de producto de proximidad de la provincia de Lleida y verificado con Google Maps. Especialidad: aceite de oliva virgen extra ecológico.,dilluns: 9:00–13:00 | dimarts: 9:00–13:00 | dimecres: 9:00–13:00 | dijous: 9:00–13:00 | divendres: 9:00–13:00 | dissabte: 9:00–13:00 | diumenge: Tancat,650 94 36 21,,http://www.olicatessen.com/,https://www.facebook.com/olicatessen/,https://www.instagram.com/olicatessen/,https://www.google.com/maps/search/?api=1&query=Olicatessen%20-%20Mol%C3%AD%20dels%20Torms%2C%20SL%2C%20L-701%2C%20km%2016%2C%205%2C%2025164%20Els%20Torms%2C%20Lleida%2C%20Espanya&query_place_id=ChIJG3zBE6zRphIRbh6EtgDvujA,41.3949531,0.7282506999999999,2026-05-06,/productores/lleida/olicatessen-els-torms.webp
albium-oleum-flumen-l-albi,Albium Oleum Flumen,L'Albi,Aceite,Aceite de oliva virgen extra y productos de finca,"Carretera de l'Albi a Cervià de les Garrigues km 6, 25450 L'Albi, Lleida, Espanya",Productor local incorporado desde fuentes públicas de producto de proximidad de la provincia de Lleida y verificado con Google Maps. Especialidad: aceite de oliva virgen extra y productos de finca.,"dilluns: 9:00–13:00, 17:00–19:00 | dimarts: 9:00–13:00, 17:00–19:00 | dimecres: 9:00–13:00, 17:00–19:00 | dijous: 9:00–13:00, 17:00–19:00 | divendres: 9:00–13:00, 17:00–19:00 | dissabte: 10:00–13:00 | diumenge: 10:00–13:00",679 24 84 53,agroalbium@gmail.com,https://albium.cat/,,https://www.instagram.com/albium_oove/,https://www.google.com/maps/search/?api=1&query=Albium%2C%20oleum%20flumen.%20Oli%20D'oliva%20Extra%2C%20Carretera%20de%20l'Albi%20a%20Cervi%C3%A0%20de%20les%20Garrigues%20km%206%2C%2025450%20L'Albi%2C%20Lleida%2C%20Espanya&query_place_id=ChIJLb8MbJy3phIRgw0XQKb6RMs,41.4232983,0.9282020999999999,2026-05-06,/productores/lleida/albium-oleum-flumen-l-albi.webp
baro-de-maials-maials,Baró de Maials,Maials,Aceite,Aceite de oliva virgen extra arbequina,"Carrer del Sindicat, 12, 25179 Maials, Lleida, Espanya",Productor local incorporado desde fuentes públicas de producto de proximidad de la provincia de Lleida y verificado con Google Maps. Especialidad: aceite de oliva virgen extra arbequina.,"dilluns: 9:00–13:00, 16:00–19:00 | dimarts: 9:00–13:00, 16:00–19:00 | dimecres: 9:00–13:00, 16:00–19:00 | dijous: 9:00–13:00, 16:00–19:00 | divendres: 9:00–13:00, 16:00–19:00 | dissabte: 9:00–13:00 | diumenge: Tancat",973 13 05 93,info@barodemaials.cat,https://www.barodemaials.cat/botiga-on-line,https://www.facebook.com/barodemaials/,https://www.instagram.com/olibarodemaials/,https://www.google.com/maps/search/?api=1&query=AGROBOTIGA%20BAR%C3%93%20DE%20MAIALS%2C%20Carrer%20del%20Sindicat%2C%2012%2C%2025179%20Maials%2C%20Lleida%2C%20Espanya&query_place_id=ChIJq7jB96EupxIR-Ta2J2ehPnw,41.36483,0.50774,2026-05-06,/productores/lleida/baro-de-maials-maials.webp
fruits-de-ponent-alcarras,Fruits de Ponent,Alcarràs,Fruta,Fruta dulce de Lleida y fruta de hueso,"Camí de Les Coves, 25180 Alcarràs, Lérida, Espanya",Productor local incorporado desde fuentes públicas de producto de proximidad de la provincia de Lleida y verificado con Google Maps. Especialidad: fruta dulce de lleida y fruta de hueso.,"dilluns: 8:00–14:00, 15:00–19:00 | dimarts: 8:00–14:00, 15:00–19:00 | dimecres: 8:00–14:00, 15:00–19:00 | dijous: 8:00–14:00, 15:00–19:00 | divendres: 8:00–14:00 | dissabte: 8:00–14:00 | diumenge: Tancat",973 79 57 77,,http://www.fruitsponent.com/,,https://www.instagram.com/fruitsdeponent/,https://www.google.com/maps/search/?api=1&query=Central%20de%20Confecci%C3%B3%20Fruits%20de%20Ponent%20d'Alcarr%C3%A0s%2C%20Cam%C3%AD%20de%20Les%20Coves%2C%2025180%20Alcarr%C3%A0s%2C%20L%C3%A9rida%2C%20Espanya&query_place_id=ChIJyVFBpEAipxIRverKM52HzZM,41.5764552,0.506343,2026-05-06,/productores/lleida/fruits-de-ponent-alcarras.webp
nufri-mollerussa,Nufri,Mollerussa,Fruta,"Manzanas, peras y fruta dulce","Ctra. del, Carrer del Palau, km. 1, 25230 Mollerussa, Lérida, Espanya","Productor local incorporado desde fuentes públicas de producto de proximidad de la provincia de Lleida y verificado con Google Maps. Especialidad: manzanas, peras y fruta dulce.",dilluns: 8:00–19:00 | dimarts: 8:00–19:00 | dimecres: 8:00–19:00 | dijous: 8:00–19:00 | divendres: 8:00–19:00 | dissabte: 8:00–13:00 | diumenge: Tancat,973 60 02 29,info@nufri.com,http://www.nufri.com/,,,https://www.google.com/maps/search/?api=1&query=Sat%20N%C2%BA%201596%20Nufri%20Resp.%20Limit%2C%20Ctra.%20del%2C%20Carrer%20del%20Palau%2C%20km.%201%2C%2025230%20Mollerussa%2C%20L%C3%A9rida%2C%20Espanya&query_place_id=ChIJ8Szvex_rphIRfn6V-L7NUV0,41.6384357,0.8884337,2026-05-06,/productores/lleida/nufri-mollerussa.webp
veritfruit-bellcaire-d-urgell,VeritFruit,Bellcaire d'Urgell,Fruta,Fruta fresca de proximidad,"Avinguda 11 de Setembre, 6, 25337 Bellcaire d'Urgell, Lleida, Espanya",Productor local incorporado desde fuentes públicas de producto de proximidad de la provincia de Lleida y verificado con Google Maps. Especialidad: fruta fresca de proximidad.,Consultar web,695 19 39 49,comercial@veritfruit.com,http://veritfruit.com/,https://www.facebook.com/Veritfruit-1782876245081527/,https://www.instagram.com/veritfruit/,https://www.google.com/maps/search/?api=1&query=VeritFruit%2C%20Avinguda%2011%20de%20Setembre%2C%206%2C%2025337%20Bellcaire%20d'Urgell%2C%20Lleida%2C%20Espanya&query_place_id=ChIJaVcN_ajyphIRYOqyaaslkJs,41.76014,0.89843,2026-05-06,/productores/lleida/veritfruit-bellcaire-d-urgell.webp
cireres-de-corbins-corbins,Cireres de Corbins,Corbins,Fruta,Cerezas de Corbins y fruta de temporada,"Carrer del Mil·lenari, 8, 25137 Corbins, Lleida",Productor local incorporado desde fuentes públicas de producto de proximidad de la provincia de Lleida y verificado con Google Maps. Especialidad: cerezas de corbins y fruta de temporada.,Consultar web,626 49 98 16,cireresdecorbins@camatscarpi.cat,http://www.cireresdecorbinscamatscarpi.com/,https://www.facebook.com/cirerescorbins/,https://www.instagram.com/cireresdecorbinscamatscarpi/,https://www.google.com/maps/search/?api=1&query=CIRERES%20DE%20CORBINS%20CC%20-%20CAMATS%20CARPI%20FRUIT%2C%20genoveva%40camatscarpi.cat%2C%20Carrer%20del%20Mil%C2%B7lenari%2C%208%2C%2025137%20Corbins%2C%20Lleida%2C%20Espanya&query_place_id=ChIJx1QjyBblphIR2IfYfNzI8DA,41.68952480000001,0.6921293,2026-05-06,/productores/lleida/cireres-de-corbins-corbins.webp
fruita-blanch-lleida,Fruita Blanch,Lleida,Fruta,Fruta de temporada de l'Horta de Lleida,"Partida Granyena, 18, Cp 25191, 25191 Lleida, Espanya",Productor local incorporado desde fuentes públicas de producto de proximidad de la provincia de Lleida y verificado con Google Maps. Especialidad: fruta de temporada de l'horta de lleida.,dilluns: 9:00–20:00 | dimarts: 9:00–20:00 | dimecres: 9:00–20:00 | dijous: 9:00–20:00 | divendres: 9:00–20:00 | dissabte: Tancat | diumenge: Tancat,669 45 83 23,info@fruitablanch.com,https://www.fruitablanch.com/,,https://www.instagram.com/fruitablanch/,https://www.google.com/maps/search/?api=1&query=Fruita%20Blanch%2C%20Partida%20Granyena%2C%2018%2C%20Cp%2025191%2C%2025191%20Lleida%2C%20Espanya&query_place_id=ChIJZV0rwuDgphIRtm2XtElSH2Q,41.6353178,0.6568649999999999,2026-05-06,/productores/lleida/fruita-blanch-lleida.webp
hort-calvis-golmes,Hort Calvís,Golmés,Fruta y huerta,"Fruta, verdura y cajas KM0 de Lleida","Carrer Carretera Vella, 15, 25241 Golmés, Lleida, Espanya","Productor local incorporado desde fuentes públicas de producto de proximidad de la provincia de Lleida y verificado con Google Maps. Especialidad: fruta, verdura y cajas km0 de lleida.","dilluns: 8:00–13:00, 15:00–20:00 | dimarts: 9:00–13:00, 15:00–20:00 | dimecres: 9:00–13:00, 15:00–20:00 | dijous: 9:00–13:00, 15:00–20:00 | divendres: 9:00–13:00, 15:00–20:00 | dissabte: 8:00–13:00 | diumenge: Tancat",973 60 15 56,administracio@hortcalvis.com,http://www.hortcalvis.com/,,https://www.instagram.com/hortcalvis/,https://www.google.com/maps/search/?api=1&query=Hort%20Calv%C3%ADs%20S.L%2C%20Carrer%20Carretera%20Vella%2C%2015%2C%2025241%20Golm%C3%A9s%2C%20Lleida%2C%20Espanya&query_place_id=ChIJ5Xz4RgOVphIRR0sgKgIZ768,41.6337233,0.9349329999999999,2026-05-06,/productores/lleida/hort-calvis-golmes.webp
cal-petit-del-nen-ivars-de-noguera,Cal Petit del Nen,Ivars de Noguera,Fruta,Fruta ecológica de temporada,"Carrer de, Av. de Sant Roc, 25122 Ivars de Noguera, Lleida, Espanya",Productor local incorporado desde fuentes públicas de producto de proximidad de la provincia de Lleida y verificado con Google Maps. Especialidad: fruta ecológica de temporada.,dilluns: 8:00–20:00 | dimarts: 8:00–20:00 | dimecres: 8:00–20:00 | dijous: 8:00–20:00 | divendres: 8:00–20:00 | dissabte: 8:00–20:00 | diumenge: Tancat,645 89 22 22,,,,,https://www.google.com/maps/search/?api=1&query=Cal%20Petit%20del%20Nen%2C%20Carrer%20de%2C%20Av.%20de%20Sant%20Roc%2C%2025122%20Ivars%20de%20Noguera%2C%20Lleida%2C%20Espanya&query_place_id=ChIJbfgnj5gBpxIRBukNNjkBsmA,41.851697,0.5880388,2026-05-06,
granja-pifarre-lleida,Granja Pifarré,Lleida,Huerta y granja,Productos de l'Horta de Lleida y agrocultura,"Partida Caparrella, n.115, 25192 Lleida, Espanya",Productor local incorporado desde fuentes públicas de producto de proximidad de la provincia de Lleida y verificado con Google Maps. Especialidad: productos de l'horta de lleida y agrocultura.,"dilluns: Tancat | dimarts: Tancat | dimecres: Tancat | dijous: Tancat | divendres: Tancat | dissabte: 10:30–14:00, 17:00–18:30 | diumenge: 10:30–14:00",648 02 39 62,info@granjapifarre.com,https://www.granjapifarre.com/,,https://www.instagram.com/granjapifarre/,https://www.google.com/maps/search/?api=1&query=Granja%20Pifarr%C3%A9%2C%20Partida%20Caparrella%2C%20n.115%2C%2025192%20Lleida%2C%20Espanya&query_place_id=ChIJ3_I1B_AfpxIR6qbuNiGLpKY,41.6077681,0.5950386999999999,2026-05-06,/productores/lleida/granja-pifarre-lleida.webp
el-nostre-corder-balaguer,El Nostre Corder,Balaguer,Carnes y embutidos,Cordero de proximidad,"Carrer del Pont, 53, 25600 Balaguer, Lleida, Espanya",Productor local incorporado desde fuentes públicas de producto de proximidad de la provincia de Lleida y verificado con Google Maps. Especialidad: cordero de proximidad.,Consultar web,653 61 98 45,,https://www.elnostrecorder.com/es/,,,https://www.google.com/maps/search/?api=1&query=El%20nostre%20corder%2C%20Carrer%20del%20Pont%2C%2053%2C%2025600%20Balaguer%2C%20Lleida%2C%20Espanya&query_place_id=ChIJ__--XKHxphIRUrJvqfypIKk,41.7932011,0.8065549999999999,2026-05-06,/productores/lleida/el-nostre-corder-balaguer.webp
plaovi-algerri,PlaOví,Algerri,Carnes y embutidos,Cordero y carne ovina de proximidad,"Carrer Carretera de Balaguer, 14, Bajo, 25130 Algerri, Lérida, Espanya",Productor local incorporado desde fuentes públicas de producto de proximidad de la provincia de Lleida y verificado con Google Maps. Especialidad: cordero y carne ovina de proximidad.,dilluns: Tancat | dimarts: 9:30–14:00 | dimecres: 9:30–14:00 | dijous: 9:30–14:00 | divendres: 9:30–14:00 | dissabte: 9:30–14:00 | diumenge: Tancat,687 71 37 88,,https://www.plaovi.cat/,https://www.facebook.com/people/Pla-Ov%C3%AD/100054413142729/,https://www.instagram.com/pla_ovi/,https://www.google.com/maps/search/?api=1&query=PLA%20OVI%2C%20Carrer%20Carretera%20de%20Balaguer%2C%2014%2C%20Bajo%2C%2025130%20Algerri%2C%20L%C3%A9rida%2C%20Espanya&query_place_id=ChIJH8M6sgn9phIRYppXcHAqN1c,41.8139721,0.6387589,2026-05-06,/productores/lleida/plaovi-algerri.webp
cal-bosch-belianes,Cal Bosch,Belianes,Carnes y embutidos,Embutidos artesanos y charcutería,"Carrer Doctor Martin, 11, 25266 Belianes, Lleida, Espanya",Productor local incorporado desde fuentes públicas de producto de proximidad de la provincia de Lleida y verificado con Google Maps. Especialidad: embutidos artesanos y charcutería.,"dilluns: Tancat | dimarts: Tancat | dimecres: Tancat | dijous: Tancat | divendres: 10:00–12:00, 18:00–20:00 | dissabte: 10:00–12:00 | diumenge: Tancat",628 65 56 08,info@calbosch.cat,http://www.calbosch.cat/,https://www.facebook.com/CalBoschBelianes/,https://www.instagram.com/embotitscalbosch/,https://www.google.com/maps/search/?api=1&query=Embotits%20Cal%20Bosch%2C%20Carrer%20Doctor%20Martin%2C%2011%2C%2025266%20Belianes%2C%20Lleida%2C%20Espanya&query_place_id=ChIJeWgw2qu9phIRMaWl_fBvP6c,41.5613921,1.0171996,2026-05-06,
mel-cal-toni-seros,Mel Cal Toni,Seròs,Miel,Miel de proximidad y productos apícolas,"Ctra Seròs-granja d'Escarp pol. 6 parcela 296, 25183 Seròs, Lérida, Espanya",Productor local incorporado desde fuentes públicas de producto de proximidad de la provincia de Lleida y verificado con Google Maps. Especialidad: miel de proximidad y productos apícolas.,Consultar web,609 10 27 39,,http://www.melcantoni.com/,,,https://www.google.com/maps/search/?api=1&query=MEL%20CAN%20TONI%2C%20Ctra%20Ser%C3%B2s-granja%20d'Escarp%20pol.%206%20parcela%20296%2C%2025183%20Ser%C3%B2s%2C%20L%C3%A9rida%2C%20Espanya&query_place_id=ChIJF6CAYxI6pxIRjs0krYQYA5g,41.451395,0.391023,2026-05-06,/productores/lleida/mel-cal-toni-seros.webp
safra-del-montsec-sant-esteve-de-la-sarga,Safrà del Montsec,Sant Esteve de la Sarga,Especias,Azafrán del Montsec,"era de castells, LV-9124, km 18, 5, l, 25632 Sant Esteve de la Sarga, Lleida, Espanya",Productor local incorporado desde fuentes públicas de producto de proximidad de la provincia de Lleida y verificado con Google Maps. Especialidad: azafrán del montsec.,dilluns: 9:00–17:00 | dimarts: 9:00–17:00 | dimecres: 9:00–17:00 | dijous: 9:00–17:00 | divendres: 9:00–17:00 | dissabte: 9:00–13:00 | diumenge: Tancat,605 02 85 36,info@safradelmontsec.com,https://www.safradelmontsec.com/,https://www.facebook.com/safradelmontsec/,https://www.instagram.com/safradelmontsec/,https://www.google.com/maps/search/?api=1&query=Safr%C3%A0%20del%20Montsec%2C%20era%20de%20castells%2C%20LV-9124%2C%20km%2018%2C%205%2C%20l%2C%2025632%20Sant%20Esteve%20de%20la%20Sarga%2C%20Lleida%2C%20Espanya&query_place_id=ChIJ0Q6lHB5ophIROaflMMXtHiM,42.0800218,0.7645424,2026-05-06,/productores/lleida/safra-del-montsec-sant-esteve-de-la-sarga.webp
cal-sargaire-almacelles,Cal Sargaire,Almacelles,Carnes y embutidos,Carne de ternera natural y productos de granja,"Carrer Alguaire, 25100 Almacelles, Lleida, Espanya",Productor local incorporado desde fuentes públicas de producto de proximidad de la provincia de Lleida y verificado con Google Maps. Especialidad: carne de ternera natural y productos de granja.,"dilluns: 9:00–13:30, 16:00–19:30 | dimarts: 9:00–13:30, 16:00–19:30 | dimecres: 9:00–13:30, 16:00–19:30 | dijous: 9:00–13:30, 16:00–19:30 | divendres: 9:00–13:30, 16:00–19:30 | dissabte: 9:00–13:30 | diumenge: Tancat",973 74 01 65,info@calsargaire.com,http://www.calsargaire.com/,https://www.facebook.com/Carn-Sargaire_Carn-de-Vedella-Natural-158320557595066/,https://www.instagram.com/carnsargaire/,https://www.google.com/maps/search/?api=1&query=Cal%20Sargaire%20Almacelles%2C%20Carrer%20Alguaire%2C%2025100%20Almacelles%2C%20Lleida%2C%20Espanya&query_place_id=ChIJDW03sJAapxIRmDDJFV0vbjA,41.7295661,0.4487491,2026-05-06,/productores/lleida/cal-sargaire-almacelles.webp
comelles-fruits-balaguer,Comelles Fruits,Balaguer,Fruta,"Manzanas, peras, cerezas y fruta fresca","Paseo De, Passeig de l'Estació, 11, 3 1, 25600 Balaguer, Lérida, Espanya","Productor local incorporado desde fuentes públicas de producto de proximidad de la provincia de Lleida y verificado con Google Maps. Especialidad: manzanas, peras, cerezas y fruta fresca.","dilluns: 9:00–13:30, 15:00–19:00 | dimarts: 9:00–13:30, 15:00–19:00 | dimecres: 9:00–13:30, 15:00–19:00 | dijous: 9:00–13:00, 15:00–19:00 | divendres: 9:00–13:30, 15:00–19:00 | dissabte: 9:00–14:00 | diumenge: Tancat",619 71 97 60,info@comellesfruits.com,https://www.perecomelles.com/es/inicio/,,,https://www.google.com/maps/search/?api=1&query=FRUITS%20COMELLES%20PERE%2C%20Paseo%20De%2C%20Passeig%20de%20l'Estaci%C3%B3%2C%2011%2C%203%201%2C%2025600%20Balaguer%2C%20L%C3%A9rida%2C%20Espanya&query_place_id=ChIJc7lOBdbxphIRMBocnj8gRpg,41.7894371,0.8097799,2026-05-07,/productores/lleida/comelles-fruits-balaguer.webp
xarcuteria-paris-balaguer,Xarcuteria París,Balaguer,Carnes y embutidos,"Carne, embutidos y elaborados propios","Carrer del Cardenal Benlloc, 26, 25600 Balaguer, Lleida, Espanya","Productor local incorporado desde fuentes públicas de producto de proximidad de la provincia de Lleida y verificado con Google Maps. Especialidad: carne, embutidos y elaborados propios.","dilluns: 8:30–13:45 | dimarts: 8:30–13:45 | dimecres: 8:30–13:45 | dijous: 8:30–13:45, 17:00–19:45 | divendres: 8:30–13:45, 17:00–19:45 | dissabte: 8:30–13:45 | diumenge: Tancat",973 44 81 05,xarcuteriaparis@gmail.com,https://xarcuteriaparis.com/,https://www.facebook.com/carnisseriaparis/,https://www.instagram.com/xarcuteriaparis/,https://www.google.com/maps/search/?api=1&query=Xarcuteria-Carnisseria%20Paris%2C%20Carrer%20del%20Cardenal%20Benlloc%2C%2026%2C%2025600%20Balaguer%2C%20Lleida%2C%20Espanya&query_place_id=ChIJi1NFvpjxphIR15tWSjzckbk,41.7914743,0.8108164999999999,2026-05-07,/productores/lleida/xarcuteria-paris-balaguer.webp
galetes-el-rosal-tarrega,Galetes El Rosal,Tàrrega,Dulces,"Galletas artesanas, arrugats y dulces de obrador","Av Onze de Setembre, s/n, 25300 Tàrrega, Lleida, Espanya","Productor local incorporado desde fuentes públicas de producto de proximidad de la provincia de Lleida y verificado con Google Maps. Especialidad: galletas artesanas, arrugats y dulces de obrador.",dilluns: 9:00–18:00 | dimarts: 9:00–18:00 | dimecres: 9:00–18:00 | dijous: 9:00–18:00 | divendres: 8:00–17:00 | dissabte: Tancat | diumenge: Tancat,973 31 22 21,elrosal@aalba.cat,https://elrosal.cat/,https://www.facebook.com/galeteselrosal/,https://www.instagram.com/galeteselrosal/,https://www.google.com/maps/search/?api=1&query=Obrador%20de%20galetes%20El%20Rosal%2C%20Av%20Onze%20de%20Setembre%2C%20s%2Fn%2C%2025300%20T%C3%A0rrega%2C%20Lleida%2C%20Espanya&query_place_id=ChIJ7RBuydKephIR_gEaGZrP8FI,41.6441634,1.1346128,2026-05-07,/productores/lleida/galetes-el-rosal-tarrega.webp
olis-franquesa-tarrega,Olis Franquesa,Tàrrega,Aceite,Aceite de oliva virgen extra arbequina y verdiell,"Carrer de la Indústria, 6, 25300 Tàrrega, Lleida, Espanya",Productor local incorporado desde fuentes públicas de producto de proximidad de la provincia de Lleida y verificado con Google Maps. Especialidad: aceite de oliva virgen extra arbequina y verdiell.,"dilluns: 9:00–13:00, 16:00–20:00 | dimarts: 9:00–13:00, 16:00–20:00 | dimecres: 9:00–13:00, 16:00–20:00 | dijous: 9:00–13:00, 16:00–20:00 | divendres: 9:00–13:00, 16:00–20:00 | dissabte: 9:00–13:00 | diumenge: Tancat",973 31 02 98,info@olisfranquesa.com,https://olisfranquesa.com/,,https://www.instagram.com/olisfranquesa/,https://www.google.com/maps/search/?api=1&query=Olis%20Franquesa%2C%20Carrer%20de%20la%20Ind%C3%BAstria%2C%206%2C%2025300%20T%C3%A0rrega%2C%20Lleida%2C%20Espanya&query_place_id=ChIJCW2WjwGjphIRMWR0RHVakJ0,41.6483188,1.1349223,2026-05-07,/productores/lleida/olis-franquesa-tarrega.webp
pere-gasso-tarrega,Pere Gassó,Tàrrega,Carnes y embutidos,Productos cárnicos y elaborados de obrador,"Carrer de Jacint Verdaguer, 14, 25300 Tàrrega, Lleida, Espanya",Productor local incorporado desde fuentes públicas de producto de proximidad de la provincia de Lleida y verificado con Google Maps. Especialidad: productos cárnicos y elaborados de obrador.,dilluns: 8:00–15:00 | dimarts: 8:00–15:00 | dimecres: 8:00–15:00 | dijous: 8:00–15:00 | divendres: 8:00–15:00 | dissabte: Tancat | diumenge: Tancat,973 50 00 07,info@peregasso.com,http://www.peregasso.com/,,https://www.instagram.com/peregasso.carns/,https://www.google.com/maps/search/?api=1&query=Pere%20Gass%C3%B3%20S.A%2C%20Carrer%20de%20Jacint%20Verdaguer%2C%2014%2C%2025300%20T%C3%A0rrega%2C%20Lleida%2C%20Espanya&query_place_id=ChIJST22rc-ephIRlrWd5fyCtUk,41.6473932,1.1426824,2026-05-07,/productores/lleida/pere-gasso-tarrega.webp
pastisseria-patet-mollerussa,Pastisseria Patet,Mollerussa,Dulces y panadería,"Pan, bollería, pastelería y pizzas artesanas","Carrer Jacint Verdaguer, 2, 25230 Mollerussa, Lleida, Espanya","Productor local incorporado desde fuentes públicas de producto de proximidad de la provincia de Lleida y verificado con Google Maps. Especialidad: pan, bollería, pastelería y pizzas artesanas.","dilluns: 7:00–14:00, 16:30–21:30 | dimarts: 7:00–14:00, 16:30–21:30 | dimecres: 7:00–14:00, 16:30–21:30 | dijous: 7:00–14:00, 16:30–21:30 | divendres: 7:00–14:00, 16:30–21:30 | dissabte: 7:00–14:00, 17:00–22:00 | diumenge: 7:00–15:00, 17:00–22:00",973 60 08 82,,http://patet.cat/es/,https://www.facebook.com/PatetPizza/,https://www.instagram.com/patetpizza/,https://www.google.com/maps/search/?api=1&query=Patet%2C%20Carrer%20Jacint%20Verdaguer%2C%202%2C%2025230%20Mollerussa%2C%20Lleida%2C%20Espanya&query_place_id=ChIJf9Ho8drqphIR7wIw_b-E0x8,41.6296122,0.8945674,2026-05-07,
carniques-del-pla-mollerussa,Càrniques del Pla,Mollerussa,Carnes y embutidos,Productos cárnicos y elaborados alimentarios,"Carrer d'Enric Granados, 6, 25230 Mollerussa, Lleida, Espanya",Productor local incorporado desde fuentes públicas de producto de proximidad de la provincia de Lleida y verificado con Google Maps. Especialidad: productos cárnicos y elaborados alimentarios.,dilluns: 6:00–17:00 | dimarts: 6:00–17:00 | dimecres: 6:00–17:00 | dijous: 6:00–17:00 | divendres: 6:00–13:00 | dissabte: Tancat | diumenge: Tancat,973 60 07 46,comercial@carniquesdelpla.com,http://www.carniquesdelpla.com/,https://www.facebook.com/carniquesdelpla/,https://www.instagram.com/carniquesdelpla/,https://www.google.com/maps/search/?api=1&query=C%C3%A0rniques%20del%20Pla%20S.L%2C%20Carrer%20d'Enric%20Granados%2C%206%2C%2025230%20Mollerussa%2C%20Lleida%2C%20Espanya&query_place_id=ChIJr5Boap0AphIRsj6-LGJu-sE,41.6289062,0.8993144,2026-05-07,
ruser-export-mollerussa,Ruser Export,Mollerussa,Fruta,"Fruta dulce de Lleida, melocotón, nectarina, pera y albaricoque","1º, Carrer de Domènec Cardenal, 2, 3ª oficina 4, 25230 Mollerussa, Lérida, Espanya","Productor local incorporado desde fuentes públicas de producto de proximidad de la provincia de Lleida y verificado con Google Maps. Especialidad: fruta dulce de lleida, melocotón, nectarina, pera y albaricoque.",dilluns: 9:00–20:00 | dimarts: 9:00–20:00 | dimecres: 9:00–20:00 | dijous: 9:00–20:00 | divendres: 9:00–20:00 | dissabte: Tancat | diumenge: Tancat,973 60 61 12,,https://www.ruserexport.com/,,,https://www.google.com/maps/search/?api=1&query=Ruser%20Export%20S.L.U%2C%201%C2%BA%2C%20Carrer%20de%20Dom%C3%A8nec%20Cardenal%2C%202%2C%203%C2%AA%20oficina%204%2C%2025230%20Mollerussa%2C%20L%C3%A9rida%2C%20Espanya&query_place_id=ChIJRf2M3ufqphIR1H-WfOOHuHc,41.629773,0.8918435000000001,2026-05-07,
llet-el-castillo-mollerussa,Llet El Castillo,Mollerussa,Lácteos,Leche y productos lácteos,"Carrer de Ferrer i Busquets, 125, 25230 Mollerussa, Lleida, Espanya",Productor local incorporado desde fuentes públicas de producto de proximidad de la provincia de Lleida y verificado con Google Maps. Especialidad: leche y productos lácteos.,dilluns: Obert 24 hores | dimarts: Obert 24 hores | dimecres: Obert 24 hores | dijous: Obert 24 hores | divendres: Obert 24 hores | dissabte: Obert 24 hores | diumenge: Obert 24 hores,900 141 114,,http://lletelcastillo.cat/,,,https://www.google.com/maps/search/?api=1&query=El%20Castillo%2C%20Carrer%20de%20Ferrer%20i%20Busquets%2C%20125%2C%2025230%20Mollerussa%2C%20Lleida%2C%20Espanya&query_place_id=ChIJPyE7tdPqphIRLI65XkM4E0w,41.630322,0.9019454,2026-05-07,/productores/lleida/llet-el-castillo-mollerussa.webp
fruites-i-calcots-andreu-lleida,Fruites i Calçots Andreu,Lleida,Fruta y huerta,"Fruta, hortalizas, calçots y salsa de calçots","PARTIDA MALGOVERN, 15, 25192 Lleida, Espanya","Productor local incorporado desde fuentes públicas de producto de proximidad de la provincia de Lleida y verificado con Google Maps. Especialidad: fruta, hortalizas, calçots y salsa de calçots.",dilluns: Obert 24 hores | dimarts: Obert 24 hores | dimecres: Obert 24 hores | dijous: Obert 24 hores | divendres: Obert 24 hores | dissabte: Obert 24 hores | diumenge: Obert 24 hores,679 96 29 58,info@fruitesandreu.cat,https://fruitesandreu.cat/ca/,https://www.facebook.com/fruitesandreu/,https://www.instagram.com/fruites_calcots_andreu/,https://www.google.com/maps/search/?api=1&query=Fruites%20i%20Cal%C3%A7ots%20Andreu%2C%20PARTIDA%20MALGOVERN%2C%2015%2C%2025192%20Lleida%2C%20Espanya&query_place_id=ChIJMyvY74EfpxIR7zVqF3oW-3Q,41.614691,0.5507909,2026-05-07,/productores/lleida/fruites-i-calcots-andreu-lleida.webp
grup-aragones-lleida,Grup Aragonés,Lleida,Fruta y huerta,"Fruta, verdura, calçots, aceite, huevos ecológicos y caracoles","Partida Vallcalent, 48, 25198 Lleida, Espanya","Productor local incorporado desde fuentes públicas de producto de proximidad de la provincia de Lleida y verificado con Google Maps. Especialidad: fruta, verdura, calçots, aceite, huevos ecológicos y caracoles.",dilluns: 8:00–22:00 | dimarts: 8:00–22:00 | dimecres: 8:00–22:00 | dijous: 8:00–22:00 | divendres: 8:00–22:00 | dissabte: 8:00–22:00 | diumenge: 8:00–22:00,659 04 05 14,grupoaragones@gmail.com,http://www.gruparagones.com/,https://www.facebook.com/gruparagones/,https://www.instagram.com/gruparagones/,https://www.google.com/maps/search/?api=1&query=GRUP%20Aragon%C3%A8s%2C%20Partida%20Vallcalent%2C%2048%2C%2025198%20Lleida%2C%20Espanya&query_place_id=ChIJtyjNp7gfpxIRyVINCkH7spM,41.6246763,0.5836869,2026-05-07,/productores/lleida/grup-aragones-lleida.webp
celler-de-sanui-lleida,Celler de Sanui,Lleida,Vino,Vinos DO Costers del Segre elaborados en l'Horta de Lleida,"Partida Torres de Sanui, Pol.7 Parc.307, 25193 Lleida, Lérida, Espanya",Productor local incorporado desde fuentes públicas de producto de proximidad de la provincia de Lleida y verificado con Google Maps. Especialidad: vinos do costers del segre elaborados en l'horta de lleida.,dilluns: 8:00–14:00 | dimarts: 8:00–14:00 | dimecres: 8:00–14:00 | dijous: 8:00–14:00 | divendres: 8:00–14:00 | dissabte: Tancat | diumenge: Tancat,973 42 81 63,,http://www.cellerdesanui.com/,,https://www.instagram.com/celler_sanui/,https://www.google.com/maps/search/?api=1&query=CELLER%20DE%20SANUI%2C%20Partida%20Torres%20de%20Sanui%2C%20Pol.7%20Parc.307%2C%2025193%20Lleida%2C%20L%C3%A9rida%2C%20Espanya&query_place_id=ChIJ6xvtz24fpxIRJryE73MsplQ,41.6379295,0.5312491,2026-05-07,/productores/lleida/celler-de-sanui-lleida.webp
l-oliverar-de-sanui-lleida,L'Oliverar de Sanui,Lleida,Aceite,Aceite de oliva virgen extra arbequina y productos gourmet de olivo,"Partida Torres de Sanui, 197, 25193 Lleida, Lérida, Espanya",Productor local incorporado desde fuentes públicas de producto de proximidad de la provincia de Lleida y verificado con Google Maps. Especialidad: aceite de oliva virgen extra arbequina y productos gourmet de olivo.,dilluns: 10:00–20:00 | dimarts: 10:00–20:00 | dimecres: 10:00–20:00 | dijous: 10:00–20:00 | divendres: 10:00–20:00 | dissabte: 10:00–20:00 | diumenge: 11:00–14:00,608 03 90 42,,https://360.lleidaturisme.cat/llocs/loliverar-de-sanui,,https://www.instagram.com/loliverardesanui/,https://www.google.com/maps/search/?api=1&query=L'Oliverar%20de%20Sanui%2C%20Partida%20Torres%20de%20Sanui%2C%20197%2C%2025193%20Lleida%2C%20L%C3%A9rida%2C%20Espanya&query_place_id=ChIJWQT1DFoZpxIRRe7gz-3Xa6g,41.6387696,0.5232361999999999,2026-05-07,
ous-codi-0-lleida,Ous Codi 0,Lleida,Huevos y granja,Huevos ecológicos de l'Horta de Lleida,"Partida Montcada, 75, 25196 Lleida, Espanya",Productor local incorporado desde fuentes públicas de producto de proximidad de la provincia de Lleida y verificado con Google Maps. Especialidad: huevos ecológicos de l'horta de lleida.,Consultar web,630 55 29 46,agro@codi0.cat,http://www.codi0.cat/,,https://www.instagram.com/agrocodi0/,https://www.google.com/maps/search/?api=1&query=Agro%20Codi%200%2C%20SCCL%2C%20Partida%20Montcada%2C%2075%2C%2025196%20Lleida%2C%20Espanya&query_place_id=ChIJ7QakxigepxIRMjioAOEt01Y,41.6479891,0.5975558999999999,2026-05-07,/productores/lleida/ous-codi-0-lleida.webp
