slug,nombre,municipio,categoria,productos estrella,direccion,descripcion,horario,telefono,correo,web,Facebook,Instagram,Google Maps,lat,lon,imagen
pasamontes-rustica-moral-de-calatrava,Pasamontes Rústica,Moral de Calatrava,Lácteos y quesos,"Queso manchego artesano, yogur de oveja, crema de queso","Dehesa de las Páginas, CM-412 km 72,5",Quesería familiar con más de 150 años de tradición que elabora queso manchego desde su propia ganadería de oveja manchega.,Consultar web,926 330 140,info@pasamontes.es,https://www.pasamontes.es/,,https://www.instagram.com/pasamontesquesomanchego/,https://www.google.com/maps/search/?api=1&query=Pasamontes%20R%C3%BAstica%2C%20Dehesa%20de%20las%20P%C3%A1ginas%2C%20CM-412%20km%2072%2C5%2C%20Moral%20de%20Calatrava%2C%20Ciudad%20Real%2C%20Espa%C3%B1a,38.8293937,-3.5793395,
quesos-la-casota-la-solana,Quesos La Casota,La Solana,Lácteos y quesos,"Queso manchego artesano, Marantona, queso viejo","Polígono Industrial La Serna, Av. los Industriales 5.2 y 5.3",Quesería familiar de La Solana especializada en queso manchego artesano con leche cruda de su propia ganadería.,Consultar web,926 634 146,info@quesoslacasota.com,https://www.quesoslacasota.com/,,https://www.instagram.com/quesoslacasota/,https://www.google.com/maps/search/?api=1&query=Quesos%20La%20Casota%2C%20Pol%C3%ADgono%20Industrial%20La%20Serna%2C%20Av.%20los%20Industriales%205.2%20y%205.3%2C%20La%20Solana%2C%20Ciudad%20Real%2C%20Espa%C3%B1a,38.9419370,-3.2365280,
finca-valdivieso-1880-alcazar-de-san-juan,Finca Valdivieso 1880,Alcázar de San Juan,Lácteos y quesos,"Queso manchego de granja, queso en AOVE, queso trufado","Carretera Alcázar-Manzanares, km 24",Explotación familiar que controla todo el proceso del campo al queso con leche cruda de su propio rebaño manchego.,Consultar web,926 691 008,contacto@quesovaldivieso.com,https://www.quesovaldivieso.com/,,https://www.instagram.com/quesovaldivieso/,https://www.google.com/maps/search/?api=1&query=Finca%20Valdivieso%201880%2C%20Carretera%20Alc%C3%A1zar-Manzanares%2C%20km%2024%2C%20Alc%C3%A1zar%20de%20San%20Juan%2C%20Ciudad%20Real%2C%20Espa%C3%B1a,39.3899806,-3.2101376,
las-terceras-torre-de-juan-abad,Las Terceras,Torre de Juan Abad,Lácteos y quesos,"Queso manchego semicurado, curado, viejo artesano","Carretera Cózar-Torrenueva, km 18",Quesería artesana situada en un caserío histórico del Campo de Montiel y vinculada a su propia ganadería manchega.,Consultar web,926 694 100 / 606 711 692,info@lasterceras.com,https://www.lasterceras.com/,,https://www.instagram.com/lasterceras/,https://www.google.com/maps/search/?api=1&query=Las%20Terceras%2C%20Carretera%20C%C3%B3zar-Torrenueva%2C%20km%2018%2C%20Torre%20de%20Juan%20Abad%2C%20Ciudad%20Real%2C%20Espa%C3%B1a,38.5845739,-3.0609335,
finca-la-granja-torre-de-juan-abad,Finca La Granja,Torre de Juan Abad,Lácteos y quesos,"Queso manchego semicurado, curado, Mingolucas en AOVE","CR-624 de Valdepeñas a Cózar, km 17",Finca quesera de Agrícola La Merced con rebaño propio y elaboración artesanal de queso manchego en el Campo de Montiel.,Consultar web,926 694 008 / 622 537 866,info@fincalagranja.es,https://www.fincalagranja.es/,,https://www.instagram.com/quesochisquero/,https://www.google.com/maps/search/?api=1&query=Finca%20La%20Granja%2C%20CR-624%20de%20Valdepe%C3%B1as%20a%20C%C3%B3zar%2C%20km%2017%2C%20Torre%20de%20Juan%20Abad%2C%20Ciudad%20Real%2C%20Espa%C3%B1a,38.5845739,-3.0609335,
finca-fuentillezjos-poblete,Finca Fuentillezjos,Poblete,Lácteos y quesos,"Queso manchego ecológico, queso de oveja ecológico","CR-4129 Alarcos a Corral de Calatrava, km 4,5",Finca familiar agroecológica que elabora queso manchego DOP ecológico con leche de su propio rebaño de oveja manchega.,Consultar web,647 505 434,info@manchegobio.com,https://www.fincafuentillezjos.com/,,https://www.instagram.com/fincafuentillezjos/,https://www.google.com/maps/search/?api=1&query=Finca%20Fuentillezjos%2C%20CR-4129%20Alarcos%20a%20Corral%20de%20Calatrava%2C%20km%204%2C5%2C%20Poblete%2C%20Ciudad%20Real%2C%20Espa%C3%B1a,38.9292411,-3.9855231,
quesos-el-hidalgo-manzanares,Quesos El Hidalgo,Manzanares,Lácteos y quesos,"Queso manchego DOP, queso de oveja, queso en aceite","Autovía de Andalucía, km 172,5","Empresa familiar de Manzanares dedicada a quesos manchegos DOP y especialidades de oveja, cabra e ibéricos.",Consultar web,926 610 553,administracion@quesoselhidalgo.com,https://quesoselhidalgo.com/,,https://www.instagram.com/quesos_el_hidalgo/,https://www.google.com/maps/search/?api=1&query=Quesos%20El%20Hidalgo%2C%20Autov%C3%ADa%20de%20Andaluc%C3%ADa%2C%20km%20172%2C5%2C%20Manzanares%2C%20Ciudad%20Real%2C%20Espa%C3%B1a,38.9962242,-3.3722143,
danso-dop-manchego-campo-de-criptana,DANSO DOP Manchego,Campo de Criptana,Lácteos y quesos,"Queso manchego, queso Cantarero, queso de cabra","C. Álvarez de Castro, 9","Empresa criptanense especializada en queso manchego y quesos de oveja, cabra e ibéricos bajo la marca Cantarero.",Consultar web,,,https://directorioempresarial.campodecriptana.es/empresas/danso-dop-manchego-s-l/,,,https://www.google.com/maps/search/?api=1&query=DANSO%20DOP%20Manchego%2C%20C.%20%C3%81lvarez%20de%20Castro%2C%209%2C%20Campo%20de%20Criptana%2C%20Ciudad%20Real%2C%20Espa%C3%B1a,39.4024371,-3.1266719,
dehesa-vallejo-fuente-el-fresno,Dehesa Vallejo,Fuente el Fresno,Lácteos y quesos,"Queso de oveja, queso tierno, semicurado y curado","Av. Juan Carlos I, 53",Empresa familiar dedicada al ganado ovino y a la producción artesanal y limitada de queso de oveja.,Consultar web,926 806 085,,http://www.dehesavallejo.com,,,https://www.google.com/maps/search/?api=1&query=Dehesa%20Vallejo%2C%20Av.%20Juan%20Carlos%20I%2C%2053%2C%20Fuente%20el%20Fresno%2C%20Ciudad%20Real%2C%20Espa%C3%B1a,39.2262651,-3.7710053,
quesos-pedro-paquillo-e-hijos-los-carrenos-la-solana,Quesos Pedro Paquillo e Hijos - Los Carreños,La Solana,Lácteos y quesos,"Queso manchego, queso de oveja, quesos curados","C. Sagunto, 58",Quesería de La Solana dedicada a quesos manchegos y especialidades de oveja con venta directa local.,Consultar web,606 217 600,,https://quesospedropaquilloehijos.es/,,https://www.instagram.com/quesospedropaquilloehijos/,https://www.google.com/maps/search/?api=1&query=Quesos%20Pedro%20Paquillo%20e%20Hijos%20-%20Los%20Carre%C3%B1os%2C%20C.%20Sagunto%2C%2058%2C%20La%20Solana%2C%20Ciudad%20Real%2C%20Espa%C3%B1a,38.9432685,-3.2325818,
conservas-manchegas-antonio-bolanos-de-calatrava,Conservas Manchegas Antonio,Bolaños de Calatrava,Conservas,"Berenjena de Almagro IGP, encurtidos, conservas vegetales","Ctra. de Torralba, km 1,8, Pol. Ind. El Salobral","Elaborador inscrito en la IGP Berenjena de Almagro, producto tradicional del Campo de Calatrava.",Consultar web,926 870 112,atconsumidor@conservasantonio.com,https://www.conservasantonio.com,,https://www.instagram.com/conservasantonio/,https://www.google.com/maps/search/?api=1&query=Conservas%20Manchegas%20Antonio%2C%20Ctra.%20de%20Torralba%2C%20km%201%2C8%2C%20Pol.%20Ind.%20El%20Salobral%2C%20Bola%C3%B1os%20de%20Calatrava%2C%20Ciudad%20Real%2C%20Espa%C3%B1a,38.9062533,-3.6629811,
conservas-garcia-almagro,Conservas García,Almagro,Conservas,"Berenjena de Almagro IGP, encurtidos, conservas vegetales","C. Leonardo da Vinci, 4","Elaborador inscrito en la IGP Berenjena de Almagro, producto tradicional del Campo de Calatrava.",Consultar web,926 860 184,,https://berenjenadealmagroigp.com/quienes-somos/,,,https://www.google.com/maps/search/?api=1&query=Conservas%20Garc%C3%ADa%2C%20C.%20Leonardo%20da%20Vinci%2C%204%2C%20Almagro%2C%20Ciudad%20Real%2C%20Espa%C3%B1a,38.8754571,-3.7039788,
cortijo-de-calatrava-conservas-calzado-bolanos-de-calatrava,Cortijo de Calatrava - Conservas Calzado,Bolaños de Calatrava,Conservas,"Berenjena de Almagro IGP, encurtidos, conservas vegetales","Ctra. de Torralba, 6","Elaborador inscrito en la IGP Berenjena de Almagro, producto tradicional del Campo de Calatrava.",Consultar web,673 432 106,info@rioverde.es,https://www.conservas-calzado.es,,,https://www.google.com/maps/search/?api=1&query=Cortijo%20de%20Calatrava%20-%20Conservas%20Calzado%2C%20Ctra.%20de%20Torralba%2C%206%2C%20Bola%C3%B1os%20de%20Calatrava%2C%20Ciudad%20Real%2C%20Espa%C3%B1a,38.9062533,-3.6629811,
conservas-la-plaza-almagro,Conservas La Plaza,Almagro,Conservas,"Berenjena de Almagro IGP, encurtidos, conservas vegetales","C. Ejido de San Juan, 39","Elaborador inscrito en la IGP Berenjena de Almagro, producto tradicional del Campo de Calatrava.",Consultar web,926 860 806,berenjenas@la-plaza.es,https://www.la-plaza.es,,,https://www.google.com/maps/search/?api=1&query=Conservas%20La%20Plaza%2C%20C.%20Ejido%20de%20San%20Juan%2C%2039%2C%20Almagro%2C%20Ciudad%20Real%2C%20Espa%C3%B1a,38.8860631,-3.7068532,
conservas-almagrena-almagro,Conservas Almagreña,Almagro,Conservas,"Berenjena de Almagro IGP, encurtidos, conservas vegetales","C. Ejido de San Juan, 39","Elaborador inscrito en la IGP Berenjena de Almagro, producto tradicional del Campo de Calatrava.",Consultar web,926 860 806,,https://www.almagrena.es,,,https://www.google.com/maps/search/?api=1&query=Conservas%20Almagre%C3%B1a%2C%20C.%20Ejido%20de%20San%20Juan%2C%2039%2C%20Almagro%2C%20Ciudad%20Real%2C%20Espa%C3%B1a,38.8860631,-3.7068532,
frudiaz-almagro,Frudiaz,Almagro,Conservas,"Berenjena de Almagro IGP, encurtidos, conservas vegetales","C. Colegio, 29","Elaborador inscrito en la IGP Berenjena de Almagro, producto tradicional del Campo de Calatrava.",Consultar web,926 861 156,berenjenas@frudiaz.com,https://berenjenadealmagroigp.com/quienes-somos/,,,https://www.google.com/maps/search/?api=1&query=Frudiaz%2C%20C.%20Colegio%2C%2029%2C%20Almagro%2C%20Ciudad%20Real%2C%20Espa%C3%B1a,38.8924191,-3.7149797,
la-encajera-almagro-almagro,La Encajera Almagro,Almagro,Conservas,"Berenjena de Almagro IGP, encurtidos, conservas vegetales","C. Vistillas de Santiago, 16","Elaborador inscrito en la IGP Berenjena de Almagro, producto tradicional del Campo de Calatrava.",Consultar web,926 861 156,administracion@laencajera.es,https://www.laencajera.es,,,https://www.google.com/maps/search/?api=1&query=La%20Encajera%20Almagro%2C%20C.%20Vistillas%20de%20Santiago%2C%2016%2C%20Almagro%2C%20Ciudad%20Real%2C%20Espa%C3%B1a,38.8951669,-3.7118874,
oro-la-senda-almazara-la-solana,Oro La Senda Almazara,La Solana,Aceite,"AOVE ecológico, Oro La Senda, Cornicabra, Picual","CM-3109 km 27,200, polígono 7 parcela 443",Almazara familiar de La Solana productora de AOVE ecológico amparado por la DOP Aceite Campo de Montiel.,Consultar web,,,https://oleista.com/es/almazaras/ciudad-real/almazara-la-senda-12119,,https://www.instagram.com/orolasendaalmazara/,https://www.google.com/maps/search/?api=1&query=Oro%20La%20Senda%20Almazara%2C%20CM-3109%20km%2027%2C200%2C%20pol%C3%ADgono%207%20parcela%20443%2C%20La%20Solana%2C%20Ciudad%20Real%2C%20Espa%C3%B1a,38.9419370,-3.2365280,
cooperativa-campo-de-montiel-villanueva-de-los-infantes,Cooperativa Campo de Montiel,Villanueva de los Infantes,Aceite,"AOVE Campo de Montiel, Casa Capitán, Señorío de Quevedo","Paseo de las Cooperativas, s/n",Cooperativa con bodega y almazara que elabora aceites DOP Campo de Montiel y vinos de la comarca.,Consultar web,926 360 290,,https://turismo.ciudadreal.es/project/d-o-aceite-campo-de-montiel/,,,https://www.google.com/maps/search/?api=1&query=Cooperativa%20Campo%20de%20Montiel%2C%20Paseo%20de%20las%20Cooperativas%2C%20s/n%2C%20Villanueva%20de%20los%20Infantes%2C%20Ciudad%20Real%2C%20Espa%C3%B1a,38.7339635,-3.0135587,
fabrica-de-aceites-san-sebastian-santa-cruz-de-mudela,Fábrica de Aceites San Sebastián,Santa Cruz de Mudela,Aceite,"AOVE Campo de Montiel, aceite de oliva","Santa Cruz de Mudela, 13730",Almazara histórica de Santa Cruz de Mudela vinculada a la producción de aceites de la DOP Campo de Montiel.,Consultar web,,,https://espana.gastronomia.com/productos/productores/fabrica-de-aceites-san-sebastian-s-a,,,https://www.google.com/maps/search/?api=1&query=F%C3%A1brica%20de%20Aceites%20San%20Sebasti%C3%A1n%2C%20Santa%20Cruz%20de%20Mudela%2C%2013730%2C%20Santa%20Cruz%20de%20Mudela%2C%20Ciudad%20Real%2C%20Espa%C3%B1a,38.6445907,-3.4513524,
cooperativa-santa-catalina-la-solana,Cooperativa Santa Catalina,La Solana,Aceite,"Aceite de oliva, AOVE, aceituna local","La Solana, 13240",Cooperativa oleícola de La Solana dedicada a aceite de oliva y productos del olivar de la comarca.,Consultar web,,,https://www.verema.com/almazaras/100330-cooperativa-santa-catalina-solana,,,https://www.google.com/maps/search/?api=1&query=Cooperativa%20Santa%20Catalina%2C%20La%20Solana%2C%2013240%2C%20La%20Solana%2C%20Ciudad%20Real%2C%20Espa%C3%B1a,38.9667221,-3.2888747,
miel-ferrandis-artesana-tomelloso,Miel Ferrandis Artesana,Tomelloso,Miel,"Miel artesanal, miel natural, productos de colmena","C. Lisboa, 1",Explotación apícola familiar de Tomelloso con tradición desde 1917 y venta directa de miel natural.,Consultar web,607 762 649,,https://www.tomemiel.es/,,https://www.instagram.com/tomemiel/,https://www.google.com/maps/search/?api=1&query=Miel%20Ferrandis%20Artesana%2C%20C.%20Lisboa%2C%201%2C%20Tomelloso%2C%20Ciudad%20Real%2C%20Espa%C3%B1a,39.1536518,-3.0073481,
apicola-sierra-madrona-solana-del-pino,Apícola Sierra Madrona,Solana del Pino,Miel,"Miel pura, miel de sierra, productos apícolas","C. Víctimas del Terrorismo, 1",Productor de miel de Solana del Pino especializado en miel pura de abeja de Sierra Madrona.,Consultar web,,,https://turispain.es/item/apicola-sierra-madrona/,,,https://www.google.com/maps/search/?api=1&query=Ap%C3%ADcola%20Sierra%20Madrona%2C%20C.%20V%C3%ADctimas%20del%20Terrorismo%2C%201%2C%20Solana%20del%20Pino%2C%20Ciudad%20Real%2C%20Espa%C3%B1a,38.4653698,-4.0726317,
moremiel-puertollano,Moremiel,Puertollano,Miel,"Miel artesanal, miel de alta calidad","C. Cervantes, 75",Empresa apícola de Puertollano dedicada a producción y venta de miel de forma artesanal.,Consultar web,,,https://nova-inmobiliaria.es/moremiel/,,,https://www.google.com/maps/search/?api=1&query=Moremiel%2C%20C.%20Cervantes%2C%2075%2C%20Puertollano%2C%20Ciudad%20Real%2C%20Espa%C3%B1a,38.6796530,-4.1058685,
ecocolmena-ciudad-real-javier-y-vanesa-ciudad-real,Ecocolmena Ciudad Real - Javier y Vanesa,Ciudad Real,Miel,"Miel ecológica, apicultura sostenible, adopción de colmenas",Ciudad Real,Proyecto de apicultura ecológica en Ciudad Real centrado en miel limitada y cuidado de colmenas.,Consultar web,,,https://www.ecocolmena.org/apicultores-anfitriones/ciudad-real/,,https://www.instagram.com/ecocolmena/,https://www.google.com/maps/search/?api=1&query=Ecocolmena%20Ciudad%20Real%20-%20Javier%20y%20Vanesa%2C%20Ciudad%20Real%2C%20Ciudad%20Real%2C%20Ciudad%20Real%2C%20Espa%C3%B1a,38.9854201,-3.9285138,
miel-la-colmena-cabezarados,Miel La Colmena,Cabezarados,Miel,"Miel mil flores, miel de Cabezarados","Cabezarados, 13192",Productor local de miel de Cabezarados citado por tiendas especializadas como miel natural de Ciudad Real.,Consultar web,,,https://lamaisondetecafe.es/producto/miel-de-mil-flores-1kg/,,,https://www.google.com/maps/search/?api=1&query=Miel%20La%20Colmena%2C%20Cabezarados%2C%2013192%2C%20Cabezarados%2C%20Ciudad%20Real%2C%20Espa%C3%B1a,38.8458396,-4.2978772,
grano-a-grano-bakery-ciudad-real,Grano a Grano Bakery,Ciudad Real,Pan y pastelería,"Pan de masa madre, bollería casera, bizcochos","C. Socuéllamos, 14, nave 12",Obrador artesano de pan en Ciudad Real con masa madre propia y fermentaciones largas.,Consultar web,658 542 068,,https://granoagranoobrador.com/,,https://www.instagram.com/granoagranobakery/,https://www.google.com/maps/search/?api=1&query=Grano%20a%20Grano%20Bakery%2C%20C.%20Socu%C3%A9llamos%2C%2014%2C%20nave%2012%2C%20Ciudad%20Real%2C%20Ciudad%20Real%2C%20Espa%C3%B1a,38.9767574,-3.9293666,
el-obrador-de-tartypas-ciudad-real,El Obrador de Tartypas,Ciudad Real,Pan y pastelería,"Tartas, pastelería, dulces y salados","C. Hernán Pérez del Pulgar, 3",Obrador familiar de pastelería y confitería de Ciudad Real con trayectoria desde 1964.,Consultar web,,,https://tartypas.es/,,,https://www.google.com/maps/search/?api=1&query=El%20Obrador%20de%20Tartypas%2C%20C.%20Hern%C3%A1n%20P%C3%A9rez%20del%20Pulgar%2C%203%2C%20Ciudad%20Real%2C%20Ciudad%20Real%2C%20Espa%C3%B1a,38.9834985,-3.9275100,
el-obrador-de-ciudad-real-ciudad-real,El Obrador de Ciudad Real,Ciudad Real,Pan y pastelería,"Pastelería artesanal, tartas, catering dulce","C. Alcántara, 8",Obrador de pastelería fundado en 2007 con elaboración propia y tienda en el centro de Ciudad Real.,Consultar web,672 743 177,info@elobradordeciudadreal.es,https://elobradordeciudadreal.es/,,https://www.instagram.com/elobradordeciudadreal/,https://www.google.com/maps/search/?api=1&query=El%20Obrador%20de%20Ciudad%20Real%2C%20C.%20Alc%C3%A1ntara%2C%208%2C%20Ciudad%20Real%2C%20Ciudad%20Real%2C%20Espa%C3%B1a,38.9855899,-3.9247927,
panaderia-juan-pedro-e-hijos-ciudad-real,Panadería Juan Pedro e Hijos,Ciudad Real,Pan y pastelería,"Pan de Cruz, panes tradicionales, pan de espelta",Ciudad Real,Panadería asociada a Afexppan centrada en elaboración de pan de cruz y variedades artesanas.,Consultar web,,,https://afexppan.es/equipo/panaderia-juan-pedro-e-hijos-cb/,,https://www.instagram.com/juan_pedro_e_hijos/,https://www.google.com/maps/search/?api=1&query=Panader%C3%ADa%20Juan%20Pedro%20e%20Hijos%2C%20Ciudad%20Real%2C%20Ciudad%20Real%2C%20Ciudad%20Real%2C%20Espa%C3%B1a,38.9854201,-3.9285138,
cervezas-calatrava-poblete,Cervezas Calatrava,Poblete,Cerveza artesana,"Cerveza pura malta, Calatrava, formatos botella y barril","C. Carlos Morales, s/n",Marca cervecera histórica de Ciudad Real con centro logístico en Poblete y raíz local manchega.,Consultar web,902 101 954,,https://www.distillery.news/places/spain/ciudad-real/poblete/breweries/cervezas-calatrava/,,,https://www.google.com/maps/search/?api=1&query=Cervezas%20Calatrava%2C%20C.%20Carlos%20Morales%2C%20s/n%2C%20Poblete%2C%20Ciudad%20Real%2C%20Espa%C3%B1a,38.9292411,-3.9855231,
cervezas-artesanas-la-primera-alcazar-de-san-juan,Cervezas Artesanas La Primera,Alcázar de San Juan,Cerveza artesana,"Cerveza artesana, cerveza de obrador","C. Zanja, 23",Obrador de cerveza artesana ubicado en Alcázar de San Juan.,Consultar web,,,https://zaubee.com/biz/cervezas-artesanas-la-primera-fabrica-obrador-tgb0z4j3,,,https://www.google.com/maps/search/?api=1&query=Cervezas%20Artesanas%20La%20Primera%2C%20C.%20Zanja%2C%2023%2C%20Alc%C3%A1zar%20de%20San%20Juan%2C%20Ciudad%20Real%2C%20Espa%C3%B1a,39.3973315,-3.2162654,
bodegas-aruspide-valdepenas,Bodegas Arúspide,Valdepeñas,Bodega,"Ágora, Hoyo 19, Alaris","C. Francisco Morales, 102",Bodega de la zona de Valdepeñas dedicada a la elaboración de vinos locales y marcas propias.,Consultar web,926 347 075,,https://www.aruspide.com,,,https://www.google.com/maps/search/?api=1&query=Bodegas%20Ar%C3%BAspide%2C%20C.%20Francisco%20Morales%2C%20102%2C%20Valdepe%C3%B1as%2C%20Ciudad%20Real%2C%20Espa%C3%B1a,38.7728944,-3.3843113,
felix-solis-valdepenas,Félix Solís,Valdepeñas,Bodega,"Los Molinos, Diego de Almagro, Soldepeñas","Autovía Madrid-Andalucía, km 199",Bodega de la zona de Valdepeñas dedicada a la elaboración de vinos locales y marcas propias.,Consultar web,926 322 400,bfs@felixsolis.com,https://www.felixsolis.com,,https://www.instagram.com/felixsolisavantis/,https://www.google.com/maps/search/?api=1&query=F%C3%A9lix%20Sol%C3%ADs%2C%20Autov%C3%ADa%20Madrid-Andaluc%C3%ADa%2C%20km%20199%2C%20Valdepe%C3%B1as%2C%20Ciudad%20Real%2C%20Espa%C3%B1a,38.7594573,-3.3847392,
vina-albali-reservas-valdepenas,Viña Albali Reservas,Valdepeñas,Bodega,"Viña Albali, vinos de crianza","C. Zarzas, 1",Bodega de la zona de Valdepeñas dedicada a la elaboración de vinos locales y marcas propias.,Consultar web,926 347 940,bfs@felixsolis.com,https://www.felixsolis.com,,https://www.instagram.com/felixsolisavantis/,https://www.google.com/maps/search/?api=1&query=Vi%C3%B1a%20Albali%20Reservas%2C%20C.%20Zarzas%2C%201%2C%20Valdepe%C3%B1as%2C%20Ciudad%20Real%2C%20Espa%C3%B1a,38.7589634,-3.3806274,
miguel-calatayud-valdepenas,Miguel Calatayud,Valdepeñas,Bodega,"Vegaval, Lomasol, Cenciren","C. Postas, 20",Bodega de la zona de Valdepeñas dedicada a la elaboración de vinos locales y marcas propias.,Consultar web,926 348 070,vegaval@vegaval.com,https://www.vegaval.com,,,https://www.google.com/maps/search/?api=1&query=Miguel%20Calatayud%2C%20C.%20Postas%2C%2020%2C%20Valdepe%C3%B1as%2C%20Ciudad%20Real%2C%20Espa%C3%B1a,38.7653434,-3.3911574,
rafael-lopez-tello-valdepenas,Rafael López-Tello,Valdepeñas,Bodega,"Señorío López-Tello, Gran Mohino","Av. Estudiantes, 5",Bodega de la zona de Valdepeñas dedicada a la elaboración de vinos locales y marcas propias.,Consultar web,926 322 165,,https://www.lopeztello.com,,,https://www.google.com/maps/search/?api=1&query=Rafael%20L%C3%B3pez-Tello%2C%20Av.%20Estudiantes%2C%205%2C%20Valdepe%C3%B1as%2C%20Ciudad%20Real%2C%20Espa%C3%B1a,38.7738474,-3.3982931,
bodegas-real-valdepenas,Bodegas Real,Valdepeñas,Bodega,"Finca Marisánchez, Vega Ibor","Ctra. a Cózar, km 12,800",Bodega de la zona de Valdepeñas dedicada a la elaboración de vinos locales y marcas propias.,Consultar web,926 338 001,comercial@bodegas-real.com,https://www.bodegas-real.com,,,https://www.google.com/maps/search/?api=1&query=Bodegas%20Real%2C%20Ctra.%20a%20C%C3%B3zar%2C%20km%2012%2C800%2C%20Valdepe%C3%B1as%2C%20Ciudad%20Real%2C%20Espa%C3%B1a,38.7594573,-3.3847392,
bodegas-los-marcos-santa-cruz-de-mudela,Bodegas Los Marcos,Santa Cruz de Mudela,Bodega,"Montecruz, Viña Mayte","C. Cristo, 2",Bodega de la zona de Valdepeñas dedicada a la elaboración de vinos locales y marcas propias.,Consultar web,926 349 028,info@bodegaslosmarcos.com,https://www.bodegaslosmarcos.com,,,https://www.google.com/maps/search/?api=1&query=Bodegas%20Los%20Marcos%2C%20C.%20Cristo%2C%202%2C%20Santa%20Cruz%20de%20Mudela%2C%20Ciudad%20Real%2C%20Espa%C3%B1a,38.6419862,-3.4666934,
bodegas-marin-perona-valdepenas,Bodegas Marín Perona,Valdepeñas,Bodega,"Marín Perona, Calara Viejo, Tejeruelas","C. Castellanos, 99",Bodega de la zona de Valdepeñas dedicada a la elaboración de vinos locales y marcas propias.,Consultar web,926 313 296,tavirog@bodegapepe.com,https://apoloybaco.com/vinos/bodegas-do-valdepenas/,,,https://www.google.com/maps/search/?api=1&query=Bodegas%20Mar%C3%ADn%20Perona%2C%20C.%20Castellanos%2C%2099%2C%20Valdepe%C3%B1as%2C%20Ciudad%20Real%2C%20Espa%C3%B1a,38.7610967,-3.3850705,
bodegas-espinosa-valdepenas,Bodegas Espinosa,Valdepeñas,Bodega,"Concejal, Señorío de Valdepeñas","Autovía Madrid-Andalucía, km 198",Bodega de la zona de Valdepeñas dedicada a la elaboración de vinos locales y marcas propias.,Consultar web,926 321 854,,https://apoloybaco.com/vinos/bodegas-do-valdepenas/,,,https://www.google.com/maps/search/?api=1&query=Bodegas%20Espinosa%2C%20Autov%C3%ADa%20Madrid-Andaluc%C3%ADa%2C%20km%20198%2C%20Valdepe%C3%B1as%2C%20Ciudad%20Real%2C%20Espa%C3%B1a,38.7594573,-3.3847392,
bodegas-lopez-romero-valdepenas,Bodegas López Romero,Valdepeñas,Bodega,Vega Chiró,"C. Francisco Morales, 94",Bodega de la zona de Valdepeñas dedicada a la elaboración de vinos locales y marcas propias.,Consultar web,926 323 539,,https://apoloybaco.com/vinos/bodegas-do-valdepenas/,,,https://www.google.com/maps/search/?api=1&query=Bodegas%20L%C3%B3pez%20Romero%2C%20C.%20Francisco%20Morales%2C%2094%2C%20Valdepe%C3%B1as%2C%20Ciudad%20Real%2C%20Espa%C3%B1a,38.7728944,-3.3843113,
bodegas-canchollas-valdepenas,Bodegas Canchollas,Valdepeñas,Bodega,"Viña Botija, Gran Botija","C. Solanilla, 2",Bodega de la zona de Valdepeñas dedicada a la elaboración de vinos locales y marcas propias.,Consultar web,926 322 357,,https://apoloybaco.com/vinos/bodegas-do-valdepenas/,,,https://www.google.com/maps/search/?api=1&query=Bodegas%20Canchollas%2C%20C.%20Solanilla%2C%202%2C%20Valdepe%C3%B1as%2C%20Ciudad%20Real%2C%20Espa%C3%B1a,38.7680947,-3.3910993,
bodegas-luis-megia-valdepenas,Bodegas Luis Megía,Valdepeñas,Bodega,"Islero, Duque de Estrada, Don Luis Megía","C. Cruces, 27",Bodega de la zona de Valdepeñas dedicada a la elaboración de vinos locales y marcas propias.,Consultar web,926 347 908,,https://apoloybaco.com/vinos/bodegas-do-valdepenas/,,,https://www.google.com/maps/search/?api=1&query=Bodegas%20Luis%20Meg%C3%ADa%2C%20C.%20Cruces%2C%2027%2C%20Valdepe%C3%B1as%2C%20Ciudad%20Real%2C%20Espa%C3%B1a,38.7635161,-3.3805799,
bodegas-antonio-canaveras-santa-cruz-de-mudela,Bodegas Antonio Cañaveras,Santa Cruz de Mudela,Bodega,Vinos familiares de Santa Cruz de Mudela,"C. Gloria, 42",Bodega de la zona de Valdepeñas dedicada a la elaboración de vinos locales y marcas propias.,Consultar web,629 739 298,,https://apoloybaco.com/vinos/bodegas-do-valdepenas/,,,https://www.google.com/maps/search/?api=1&query=Bodegas%20Antonio%20Ca%C3%B1averas%2C%20C.%20Gloria%2C%2042%2C%20Santa%20Cruz%20de%20Mudela%2C%20Ciudad%20Real%2C%20Espa%C3%B1a,38.6400696,-3.4636454,
bodegas-miguel-martin-valdepenas,Bodegas Miguel Martín,Valdepeñas,Bodega,"Valdemeso, Destellos","C. Torrecilla, 80",Bodega de la zona de Valdepeñas dedicada a la elaboración de vinos locales y marcas propias.,Consultar web,926 322 174,,https://apoloybaco.com/vinos/bodegas-do-valdepenas/,,,https://www.google.com/maps/search/?api=1&query=Bodegas%20Miguel%20Mart%C3%ADn%2C%20C.%20Torrecilla%2C%2080%2C%20Valdepe%C3%B1as%2C%20Ciudad%20Real%2C%20Espa%C3%B1a,38.7624802,-3.3894812,
jose-antonaya-caminero-valdepenas,José Antonaya Caminero,Valdepeñas,Bodega,Vinos de Valdepeñas,"C. Manzanares, 20",Bodega de la zona de Valdepeñas dedicada a la elaboración de vinos locales y marcas propias.,Consultar web,926 322 265,,https://apoloybaco.com/vinos/bodegas-do-valdepenas/,,,https://www.google.com/maps/search/?api=1&query=Jos%C3%A9%20Antonaya%20Caminero%2C%20C.%20Manzanares%2C%2020%2C%20Valdepe%C3%B1as%2C%20Ciudad%20Real%2C%20Espa%C3%B1a,38.7594573,-3.3847392,
pedro-sanchez-molero-lara-valdepenas,Pedro Sánchez-Molero Lara,Valdepeñas,Bodega,Vinos de Valdepeñas,"C. Postas, 62",Bodega de la zona de Valdepeñas dedicada a la elaboración de vinos locales y marcas propias.,Consultar web,926 321 710,,https://apoloybaco.com/vinos/bodegas-do-valdepenas/,,,https://www.google.com/maps/search/?api=1&query=Pedro%20S%C3%A1nchez-Molero%20Lara%2C%20C.%20Postas%2C%2062%2C%20Valdepe%C3%B1as%2C%20Ciudad%20Real%2C%20Espa%C3%B1a,38.7653434,-3.3911574,
vinat-valdepenas-valdepenas,VINAT Valdepeñas,Valdepeñas,Bodega,Vinos de Valdepeñas,"Paseo de la Estación, 3",Bodega de la zona de Valdepeñas dedicada a la elaboración de vinos locales y marcas propias.,Consultar web,926 320 330,,https://apoloybaco.com/vinos/bodegas-do-valdepenas/,,,https://www.google.com/maps/search/?api=1&query=VINAT%20Valdepe%C3%B1as%2C%20Paseo%20de%20la%20Estaci%C3%B3n%2C%203%2C%20Valdepe%C3%B1as%2C%20Ciudad%20Real%2C%20Espa%C3%B1a,38.7623300,-3.3925813,
dionisos-agricultura-biologica-valdepenas,Dionisos Agricultura Biológica,Valdepeñas,Bodega,"Dionisos, Pago del Conuco, vinos ecológicos","C. Unión, 82",Bodega de la zona de Valdepeñas dedicada a la elaboración de vinos locales y marcas propias.,Consultar web,926 313 248,wine@agrobio-dionisos.com,https://www.agrobio-dionisos.com,,,https://www.google.com/maps/search/?api=1&query=Dionisos%20Agricultura%20Biol%C3%B3gica%2C%20C.%20Uni%C3%B3n%2C%2082%2C%20Valdepe%C3%B1as%2C%20Ciudad%20Real%2C%20Espa%C3%B1a,38.7651899,-3.3854413,
bodegas-navarro-lopez-valdepenas,Bodegas Navarro López,Valdepeñas,Bodega,"Don Aurelio, Viejo Marchante, Castillo San Carlos","Autovía Madrid-Andalucía, km 193",Bodega de la zona de Valdepeñas dedicada a la elaboración de vinos locales y marcas propias.,Consultar web,902 193 431,info@navarrolopez.com,https://www.bodegas-navarro-lopez.com,,https://www.instagram.com/antiguas_bodegas_navarro_lopez/,https://www.google.com/maps/search/?api=1&query=Bodegas%20Navarro%20L%C3%B3pez%2C%20Autov%C3%ADa%20Madrid-Andaluc%C3%ADa%2C%20km%20193%2C%20Valdepe%C3%B1as%2C%20Ciudad%20Real%2C%20Espa%C3%B1a,38.7594573,-3.3847392,
invencible-sociedad-cooperativa-valdepenas,Invencible Sociedad Cooperativa,Valdepeñas,Bodega,"Máxima, Valdeazor, Viña Lastra","C. Torrecillas, 130",Bodega de la zona de Valdepeñas dedicada a la elaboración de vinos locales y marcas propias.,Consultar web,926 322 777,direccion@invencible.biz,https://www.invencible.biz,,,https://www.google.com/maps/search/?api=1&query=Invencible%20Sociedad%20Cooperativa%2C%20C.%20Torrecillas%2C%20130%2C%20Valdepe%C3%B1as%2C%20Ciudad%20Real%2C%20Espa%C3%B1a,38.7594573,-3.3847392,
grupo-de-bodegas-vinartis-valdepenas,Grupo de Bodegas Vinartis,Valdepeñas,Bodega,"Pata Negra, Señorío de los Llanos, Don Opas","Autovía Madrid-Andalucía, km 200",Bodega de la zona de Valdepeñas dedicada a la elaboración de vinos locales y marcas propias.,Consultar web,926 320 300,,https://www.gbvinartis.com,,,https://www.google.com/maps/search/?api=1&query=Grupo%20de%20Bodegas%20Vinartis%2C%20Autov%C3%ADa%20Madrid-Andaluc%C3%ADa%2C%20km%20200%2C%20Valdepe%C3%B1as%2C%20Ciudad%20Real%2C%20Espa%C3%B1a,38.7594573,-3.3847392,
j-a-megia-e-hijos-valdepenas,J.A. Megía e Hijos,Valdepeñas,Bodega,"Corcovo, Carril de Farache","C. Magdalena, 33",Bodega de la zona de Valdepeñas dedicada a la elaboración de vinos locales y marcas propias.,Consultar web,926 347 828,,https://www.corcovo.com,,https://www.instagram.com/corcovo_/,https://www.google.com/maps/search/?api=1&query=J.A.%20Meg%C3%ADa%20e%20Hijos%2C%20C.%20Magdalena%2C%2033%2C%20Valdepe%C3%B1as%2C%20Ciudad%20Real%2C%20Espa%C3%B1a,38.7651567,-3.3816763,
videva-valdepenas,VIDEVA,Valdepeñas,Bodega,"Viejo Videva, Videva","Travesía del Horno, 16",Bodega de la zona de Valdepeñas dedicada a la elaboración de vinos locales y marcas propias.,Consultar web,926 322 351,,https://apoloybaco.com/vinos/bodegas-do-valdepenas/,,,https://www.google.com/maps/search/?api=1&query=VIDEVA%2C%20Traves%C3%ADa%20del%20Horno%2C%2016%2C%20Valdepe%C3%B1as%2C%20Ciudad%20Real%2C%20Espa%C3%B1a,38.7675027,-3.3868374,
la-valdepenera-valdepenas,La Valdepeñera,Valdepeñas,Bodega,Señorío de Valsan,"C. Rafael Llamazares, s/n",Bodega de la zona de Valdepeñas dedicada a la elaboración de vinos locales y marcas propias.,Consultar web,926 321 208,,https://apoloybaco.com/vinos/bodegas-do-valdepenas/,,,https://www.google.com/maps/search/?api=1&query=La%20Valdepe%C3%B1era%2C%20C.%20Rafael%20Llamazares%2C%20s/n%2C%20Valdepe%C3%B1as%2C%20Ciudad%20Real%2C%20Espa%C3%B1a,38.7594573,-3.3847392,
bodegas-y-vinedos-visan-santa-cruz-de-mudela,Bodegas y Viñedos Visan,Santa Cruz de Mudela,Bodega,"Castillo de Calatrava, Castillo de los Infantes","Paseo Castelar, 92",Bodega de la zona de Valdepeñas dedicada a la elaboración de vinos locales y marcas propias.,Consultar web,926 342 075,,https://apoloybaco.com/vinos/bodegas-do-valdepenas/,,,https://www.google.com/maps/search/?api=1&query=Bodegas%20y%20Vi%C3%B1edos%20Visan%2C%20Paseo%20Castelar%2C%2092%2C%20Santa%20Cruz%20de%20Mudela%2C%20Ciudad%20Real%2C%20Espa%C3%B1a,38.6419862,-3.4666934,
hijos-de-ramon-hidalgo-valdepenas,Hijos de Ramón Hidalgo,Valdepeñas,Bodega,"Cortijo Los Clérigos, Viña del Calar","C. Bernardo Balbuena, 116",Bodega de la zona de Valdepeñas dedicada a la elaboración de vinos locales y marcas propias.,Consultar web,926 347 953,,https://apoloybaco.com/vinos/bodegas-do-valdepenas/,,,https://www.google.com/maps/search/?api=1&query=Hijos%20de%20Ram%C3%B3n%20Hidalgo%2C%20C.%20Bernardo%20Balbuena%2C%20116%2C%20Valdepe%C3%B1as%2C%20Ciudad%20Real%2C%20Espa%C3%B1a,38.7601761,-3.3877168,
bodegas-marquez-valdepenas,Bodegas Márquez,Valdepeñas,Bodega,"Linderos, Viñaperal, Márquez","Travesía de la Unión, 8",Bodega de la zona de Valdepeñas dedicada a la elaboración de vinos locales y marcas propias.,Consultar web,926 322 545,,https://apoloybaco.com/vinos/bodegas-do-valdepenas/,,,https://www.google.com/maps/search/?api=1&query=Bodegas%20M%C3%A1rquez%2C%20Traves%C3%ADa%20de%20la%20Uni%C3%B3n%2C%208%2C%20Valdepe%C3%B1as%2C%20Ciudad%20Real%2C%20Espa%C3%B1a,38.7656579,-3.3862667,
bodegas-galan-valdepenas,Bodegas Galán,Valdepeñas,Bodega,Viña Luparia,"Salida Los Llanos, 15",Bodega de la zona de Valdepeñas dedicada a la elaboración de vinos locales y marcas propias.,Consultar web,926 321 752,,https://apoloybaco.com/vinos/bodegas-do-valdepenas/,,,https://www.google.com/maps/search/?api=1&query=Bodegas%20Gal%C3%A1n%2C%20Salida%20Los%20Llanos%2C%2015%2C%20Valdepe%C3%B1as%2C%20Ciudad%20Real%2C%20Espa%C3%B1a,38.7677973,-3.3966931,
cooperativa-san-lorenzo-alameda-de-cervera,Cooperativa San Lorenzo,Alameda de Cervera,Bodega,Gran Prior de Alameda,"C. Cervantes, 30","Productor de la provincia de Ciudad Real vinculado a vinos, mostos o derivados de la uva de la zona.",Consultar web,926 582 042,sanlorenzo@ucaman.es,https://apoloybaco.com/vinos/bodegas-do-la-mancha-creal-i/,,,https://www.google.com/maps/search/?api=1&query=Cooperativa%20San%20Lorenzo%2C%20C.%20Cervantes%2C%2030%2C%20Alameda%20de%20Cervera%2C%20Ciudad%20Real%2C%20Espa%C3%B1a,39.2645638,-3.1264759,
bodegas-vinasoro-alcazar-de-san-juan,Bodegas Viñasoro,Alcázar de San Juan,Bodega,Viñasoro blanco y tinto,"Ctra. Manzanares-Alcázar, km 3","Productor de la provincia de Ciudad Real vinculado a vinos, mostos o derivados de la uva de la zona.",Consultar web,918 596 910,vinasoro@bodegas-vinasoro.co,https://www.bodegas-vinasoro.com,,,https://www.google.com/maps/search/?api=1&query=Bodegas%20Vi%C3%B1asoro%2C%20Ctra.%20Manzanares-Alc%C3%A1zar%2C%20km%203%2C%20Alc%C3%A1zar%20de%20San%20Juan%2C%20Ciudad%20Real%2C%20Espa%C3%B1a,39.3899806,-3.2101376,
dcoop-baco-alcazar-de-san-juan,DCOOP Baco,Alcázar de San Juan,Bodega,"Dominio de Baco, Entremontes, Don Andrés","Polígono Industrial Alces, C. F, parcela E3B","Productor de la provincia de Ciudad Real vinculado a vinos, mostos o derivados de la uva de la zona.",Consultar web,926 547 404,baco@dominiodebaco.com,https://grupobaco.com/,,,https://www.google.com/maps/search/?api=1&query=DCOOP%20Baco%2C%20Pol%C3%ADgono%20Industrial%20Alces%2C%20C.%20F%2C%20parcela%20E3B%2C%20Alc%C3%A1zar%20de%20San%20Juan%2C%20Ciudad%20Real%2C%20Espa%C3%B1a,39.3899806,-3.2101376,
bodega-la-tercia-alcazar-de-san-juan,Bodega La Tercia,Alcázar de San Juan,Bodega,Yemaserena,"C. Almagro, 17","Productor de la provincia de Ciudad Real vinculado a vinos, mostos o derivados de la uva de la zona.",Consultar web,926 541 512,bodegalatercia@terra.es,https://www.bodegalatercia.com,,https://www.instagram.com/bodegalatercia/,https://www.google.com/maps/search/?api=1&query=Bodega%20La%20Tercia%2C%20C.%20Almagro%2C%2017%2C%20Alc%C3%A1zar%20de%20San%20Juan%2C%20Ciudad%20Real%2C%20Espa%C3%B1a,39.3931402,-3.2009986,
cooperativa-la-union-alcazar-de-san-juan,Cooperativa La Unión,Alcázar de San Juan,Bodega,"Torre de Alkasar, Muzarque","C. La Paz, s/n","Productor de la provincia de Ciudad Real vinculado a vinos, mostos o derivados de la uva de la zona.",Consultar web,926 541 371,launion@ucaman.es,https://apoloybaco.com/vinos/bodegas-do-la-mancha-creal-i/,,,https://www.google.com/maps/search/?api=1&query=Cooperativa%20La%20Uni%C3%B3n%2C%20C.%20La%20Paz%2C%20s/n%2C%20Alc%C3%A1zar%20de%20San%20Juan%2C%20Ciudad%20Real%2C%20Espa%C3%B1a,39.3899806,-3.2101376,
cooperativa-nuestra-senora-de-las-nieves-almagro,Cooperativa Nuestra Señora de las Nieves,Almagro,Bodega,Gran Fúcares,"Ctra. Valenzuela, km 0,5","Productor de la provincia de Ciudad Real vinculado a vinos, mostos o derivados de la uva de la zona.",Consultar web,926 860 344,,https://apoloybaco.com/vinos/bodegas-do-la-mancha-creal-i/,,,https://www.google.com/maps/search/?api=1&query=Cooperativa%20Nuestra%20Se%C3%B1ora%20de%20las%20Nieves%2C%20Ctra.%20Valenzuela%2C%20km%200%2C5%2C%20Almagro%2C%20Ciudad%20Real%2C%20Espa%C3%B1a,38.8882380,-3.7118218,
holsavi-de-inversiones-almedina,Holsavi de Inversiones,Almedina,Bodega,Campo Almaina,"Ctra. Santa Cruz de los Cáñamos, 2","Productor de la provincia de Ciudad Real vinculado a vinos, mostos o derivados de la uva de la zona.",Consultar web,915 647 841,,https://apoloybaco.com/vinos/bodegas-do-la-mancha-creal-i/,,,https://www.google.com/maps/search/?api=1&query=Holsavi%20de%20Inversiones%2C%20Ctra.%20Santa%20Cruz%20de%20los%20C%C3%A1%C3%B1amos%2C%202%2C%20Almedina%2C%20Ciudad%20Real%2C%20Espa%C3%B1a,38.6240327,-2.9544190,
cooperativa-virgen-del-carmen-almodovar-del-campo,Cooperativa Virgen del Carmen,Almodóvar del Campo,Bodega,Vinos de cooperativa,"Ctra. Tirteafuera, 8","Productor de la provincia de Ciudad Real vinculado a vinos, mostos o derivados de la uva de la zona.",Consultar web,926 464 215,,https://apoloybaco.com/vinos/bodegas-do-la-mancha-creal-i/,,,https://www.google.com/maps/search/?api=1&query=Cooperativa%20Virgen%20del%20Carmen%2C%20Ctra.%20Tirteafuera%2C%208%2C%20Almod%C3%B3var%20del%20Campo%2C%20Ciudad%20Real%2C%20Espa%C3%B1a,38.8008821,-4.3977845,
cooperativa-san-gregorio-arenales-de-san-gregorio,Cooperativa San Gregorio,Arenales de San Gregorio,Bodega,Vinos de Arenales,"Ctra. Río Záncara, s/n","Productor de la provincia de Ciudad Real vinculado a vinos, mostos o derivados de la uva de la zona.",Consultar web,926 584 049,sgregorio@ucaman.es,https://apoloybaco.com/vinos/bodegas-do-la-mancha-creal-i/,,,https://www.google.com/maps/search/?api=1&query=Cooperativa%20San%20Gregorio%2C%20Ctra.%20R%C3%ADo%20Z%C3%A1ncara%2C%20s/n%2C%20Arenales%20de%20San%20Gregorio%2C%20Ciudad%20Real%2C%20Espa%C3%B1a,39.3084490,-3.0250984,
cooperativa-san-bernabe-apostol-arenas-de-san-juan,Cooperativa San Bernabé Apóstol,Arenas de San Juan,Bodega,Vinos de cooperativa,"Ctra. Villarta, 22","Productor de la provincia de Ciudad Real vinculado a vinos, mostos o derivados de la uva de la zona.",Consultar web,926 893 033,coopsanbernabe@teleline.es,https://apoloybaco.com/vinos/bodegas-do-la-mancha-creal-i/,,,https://www.google.com/maps/search/?api=1&query=Cooperativa%20San%20Bernab%C3%A9%20Ap%C3%B3stol%2C%20Ctra.%20Villarta%2C%2022%2C%20Arenas%20de%20San%20Juan%2C%20Ciudad%20Real%2C%20Espa%C3%B1a,39.2257298,-3.4625557,
cooperativa-el-torreon-arenas-de-san-juan,Cooperativa El Torreón,Arenas de San Juan,Bodega,Vinos de cooperativa,"C. San Bernabé, 14","Productor de la provincia de Ciudad Real vinculado a vinos, mostos o derivados de la uva de la zona.",Consultar web,926 893 117,gloriacuerva@vianwe.com,https://apoloybaco.com/vinos/bodegas-do-la-mancha-creal-i/,,,https://www.google.com/maps/search/?api=1&query=Cooperativa%20El%20Torre%C3%B3n%2C%20C.%20San%20Bernab%C3%A9%2C%2014%2C%20Arenas%20de%20San%20Juan%2C%20Ciudad%20Real%2C%20Espa%C3%B1a,39.2153635,-3.5043433,
cooperativa-nuestra-senora-de-penarroya-argamasilla-de-alba,Cooperativa Nuestra Señora de Peñarroya,Argamasilla de Alba,Bodega,Casa del Bachiller Sansón Carrasco,"Ctra. Villarta de San Juan, s/n","Productor de la provincia de Ciudad Real vinculado a vinos, mostos o derivados de la uva de la zona.",Consultar web,926 523 456,penarroya@ucaman.es,https://apoloybaco.com/vinos/bodegas-do-la-mancha-creal-i/,,,https://www.google.com/maps/search/?api=1&query=Cooperativa%20Nuestra%20Se%C3%B1ora%20de%20Pe%C3%B1arroya%2C%20Ctra.%20Villarta%20de%20San%20Juan%2C%20s/n%2C%20Argamasilla%20de%20Alba%2C%20Ciudad%20Real%2C%20Espa%C3%B1a,39.1286071,-3.0903226,
s-a-t-soto-de-la-toledana-argamasilla-de-alba,S.A.T. Soto de la Toledana,Argamasilla de Alba,Bodega,Wilmot,"Ctra. Ruidera, km 10,2","Productor de la provincia de Ciudad Real vinculado a vinos, mostos o derivados de la uva de la zona.",Consultar web,926 699 069,alejandromontalvo@ya.com,https://apoloybaco.com/vinos/bodegas-do-la-mancha-creal-i/,,,https://www.google.com/maps/search/?api=1&query=S.A.T.%20Soto%20de%20la%20Toledana%2C%20Ctra.%20Ruidera%2C%20km%2010%2C2%2C%20Argamasilla%20de%20Alba%2C%20Ciudad%20Real%2C%20Espa%C3%B1a,39.1286071,-3.0903226,
amancio-menchero-marquez-bolanos-de-calatrava,Amancio Menchero Márquez,Bolaños de Calatrava,Bodega,Finca Moriana,"C. Legión Extranjera, 27","Productor de la provincia de Ciudad Real vinculado a vinos, mostos o derivados de la uva de la zona.",Consultar web,926 870 076,,https://apoloybaco.com/vinos/bodegas-do-la-mancha-creal-i/,,,https://www.google.com/maps/search/?api=1&query=Amancio%20Menchero%20M%C3%A1rquez%2C%20C.%20Legi%C3%B3n%20Extranjera%2C%2027%2C%20Bola%C3%B1os%20de%20Calatrava%2C%20Ciudad%20Real%2C%20Espa%C3%B1a,38.9062533,-3.6629811,
oleovinicola-campo-de-calatrava-bolanos-de-calatrava,Oleovinícola Campo de Calatrava,Bolaños de Calatrava,Bodega,Vinos y aceite de cooperativa,"Ctra. de Torralba, 1","Productor de la provincia de Ciudad Real vinculado a vinos, mostos o derivados de la uva de la zona.",Consultar web,926 870 098,,https://apoloybaco.com/vinos/bodegas-do-la-mancha-creal-i/,,,https://www.google.com/maps/search/?api=1&query=Oleovin%C3%ADcola%20Campo%20de%20Calatrava%2C%20Ctra.%20de%20Torralba%2C%201%2C%20Bola%C3%B1os%20de%20Calatrava%2C%20Ciudad%20Real%2C%20Espa%C3%B1a,38.9062533,-3.6629811,
castillo-de-salvatierra-calzada-de-calatrava,Castillo de Salvatierra,Calzada de Calatrava,Bodega,El Salvador del Mundo,"C. Amparo, 24","Productor de la provincia de Ciudad Real vinculado a vinos, mostos o derivados de la uva de la zona.",Consultar web,926 875 071,,https://apoloybaco.com/vinos/bodegas-do-la-mancha-creal-i/,,,https://www.google.com/maps/search/?api=1&query=Castillo%20de%20Salvatierra%2C%20C.%20Amparo%2C%2024%2C%20Calzada%20de%20Calatrava%2C%20Ciudad%20Real%2C%20Espa%C3%B1a,38.7051628,-3.7737012,
bodega-el-vinculo-campo-de-criptana,Bodega El Vínculo,Campo de Criptana,Bodega,El Vínculo,"Av. Juan Carlos I, s/n","Bodega de Campo de Criptana de Familia Fernández Rivera, centrada en vinos manchegos de tempranillo y airén como El Vínculo y Alejairén.",Consultar web,926 563 709,pedidos@familiafernandezrivera.com,https://familiafernandezrivera.com/bodegas/el-vinculo/,,https://www.instagram.com/familiafernandezrivera/,https://www.google.com/maps/search/?api=1&query=Bodega%20El%20V%C3%ADnculo%2C%20Av.%20Juan%20Carlos%20I%2C%20s/n%2C%20Campo%20de%20Criptana%2C%20Ciudad%20Real%2C%20Espa%C3%B1a,39.3968024,-3.1183940,
bodegas-simbolo-campo-de-criptana,Bodegas Símbolo - Cooperativa Nuestra Señora de Criptana,Campo de Criptana,Bodega,"Símbolo, Siete Molinos, Viña Cantillos, El Burlador","C. Concepción, 135","Cooperativa vitivinícola fundada en 1954 en Campo de Criptana, elaboradora de vinos de La Mancha con marcas propias.",Consultar web,926 589 036,comunicacion@bodegassimbolo.com,https://bodegassimbolo.com/,https://www.facebook.com/bodegas.simbolo/,https://www.instagram.com/bsimbolo/,https://www.google.com/maps/search/?api=1&query=Bodegas%20S%C3%ADmbolo%20-%20Cooperativa%20Nuestra%20Se%C3%B1ora%20de%20Criptana%2C%20C.%20Concepci%C3%B3n%2C%20135%2C%20Campo%20de%20Criptana%2C%20Ciudad%20Real%2C%20Espa%C3%B1a,39.4021560,-3.1178725,
cooperativa-vinicola-del-carmen-campo-de-criptana,Cooperativa Vinícola del Carmen,Campo de Criptana,Bodega,Cardenio,"Camino del Puente, 2","Productor de la provincia de Ciudad Real vinculado a vinos, mostos o derivados de la uva de la zona.",Consultar web,926 561 257,vinicarmen@ucaman.es,https://apoloybaco.com/vinos/bodegas-do-la-mancha-creal-i/,,,https://www.google.com/maps/search/?api=1&query=Cooperativa%20Vin%C3%ADcola%20del%20Carmen%2C%20Camino%20del%20Puente%2C%202%2C%20Campo%20de%20Criptana%2C%20Ciudad%20Real%2C%20Espa%C3%B1a,39.1806389,-3.0736824,
bodegas-del-saz-campo-de-criptana,Bodegas del Saz,Campo de Criptana,Bodega,"Vidal del Saz, vinos de Campo de Criptana","C. Maestro Manzanares, 57",Bodega familiar de Campo de Criptana dedicada a la elaboración y venta de vinos manchegos.,Consultar web,926 562 424,bodegasdelsaz@bodegasdelsaz.com,https://www.bodegasdelsaz.com,,https://www.instagram.com/bodegasdelsaz/,https://www.google.com/maps/search/?api=1&query=Bodegas%20del%20Saz%2C%20C.%20Maestro%20Manzanares%2C%2057%2C%20Campo%20de%20Criptana%2C%20Ciudad%20Real%2C%20Espa%C3%B1a,39.3984244,-3.1240005,
movialsa-campo-de-criptana,MOVIALSA,Campo de Criptana,Bodega,"Mostos, vinos y derivados","C. Antonio Espín, 40","Productor de la provincia de Ciudad Real vinculado a vinos, mostos o derivados de la uva de la zona.",Consultar web,926 562 200,administracion@movialsa.es,https://apoloybaco.com/vinos/bodegas-do-la-mancha-creal-i/,,,https://www.google.com/maps/search/?api=1&query=MOVIALSA%2C%20C.%20Antonio%20Esp%C3%ADn%2C%2040%2C%20Campo%20de%20Criptana%2C%20Ciudad%20Real%2C%20Espa%C3%B1a,39.3986783,-3.1217776,
hermanos-alberca-martinez-campo-de-criptana,Hermanos Alberca Martínez,Campo de Criptana,Bodega,Vinos de Campo de Criptana,"C. Paloma, 60","Productor de la provincia de Ciudad Real vinculado a vinos, mostos o derivados de la uva de la zona.",Consultar web,926 562 330,,https://apoloybaco.com/vinos/bodegas-do-la-mancha-creal-i/,,,https://www.google.com/maps/search/?api=1&query=Hermanos%20Alberca%20Mart%C3%ADnez%2C%20C.%20Paloma%2C%2060%2C%20Campo%20de%20Criptana%2C%20Ciudad%20Real%2C%20Espa%C3%B1a,39.4052539,-3.1254826,
bodegas-naranjo-carrion-de-calatrava,Bodegas Naranjo,Carrión de Calatrava,Bodega,Viña Cuerva,"C. Felipe II, 5","Productor de la provincia de Ciudad Real vinculado a vinos, mostos o derivados de la uva de la zona.",Consultar web,926 814 155,info@bodegasnaranjo.com,https://www.bodegasnaranjo.com,,https://www.instagram.com/bodegasnaranjo/,https://www.google.com/maps/search/?api=1&query=Bodegas%20Naranjo%2C%20C.%20Felipe%20II%2C%205%2C%20Carri%C3%B3n%20de%20Calatrava%2C%20Ciudad%20Real%2C%20Espa%C3%B1a,39.0209646,-3.8180154,
cooperativa-nuestra-senora-de-la-encarnacion-carrion-de-calatrava,Cooperativa Nuestra Señora de la Encarnación,Carrión de Calatrava,Bodega,Vinos de cooperativa,"C. San Juan, 11","Productor de la provincia de Ciudad Real vinculado a vinos, mostos o derivados de la uva de la zona.",Consultar web,926 814 011,,https://apoloybaco.com/vinos/bodegas-do-la-mancha-c-real-ii/,,,https://www.google.com/maps/search/?api=1&query=Cooperativa%20Nuestra%20Se%C3%B1ora%20de%20la%20Encarnaci%C3%B3n%2C%20C.%20San%20Juan%2C%2011%2C%20Carri%C3%B3n%20de%20Calatrava%2C%20Ciudad%20Real%2C%20Espa%C3%B1a,39.0169208,-3.8159387,
trinidad-fuentes-garcia-castellar-de-santiago,Trinidad Fuentes García,Castellar de Santiago,Bodega,Mata de Mencáliz,"C. La Torre, 53","Productor de la provincia de Ciudad Real vinculado a vinos, mostos o derivados de la uva de la zona.",Consultar web,926 340 360,bodegasfuentes@vodafone.e,https://apoloybaco.com/vinos/bodegas-do-la-mancha-c-real-ii/,,,https://www.google.com/maps/search/?api=1&query=Trinidad%20Fuentes%20Garc%C3%ADa%2C%20C.%20La%20Torre%2C%2053%2C%20Castellar%20de%20Santiago%2C%20Ciudad%20Real%2C%20Espa%C3%B1a,38.5391616,-3.2755109,
cooperativa-cristo-de-la-misericordia-castellar-de-santiago,Cooperativa Cristo de la Misericordia,Castellar de Santiago,Bodega,Vinos de cooperativa,"C. Cuesta Jeromo, 18","Productor de la provincia de Ciudad Real vinculado a vinos, mostos o derivados de la uva de la zona.",Consultar web,926 340 068,,https://apoloybaco.com/vinos/bodegas-do-la-mancha-c-real-ii/,,,https://www.google.com/maps/search/?api=1&query=Cooperativa%20Cristo%20de%20la%20Misericordia%2C%20C.%20Cuesta%20Jeromo%2C%2018%2C%20Castellar%20de%20Santiago%2C%20Ciudad%20Real%2C%20Espa%C3%B1a,38.5390864,-3.2823491,
bodegas-cinco-casas-cinco-casas,Bodegas Cinco Casas,Cinco Casas,Bodega,"Viña Santa Elena, Emparrado","Ctra. Argamasilla, s/n","Productor de la provincia de Ciudad Real vinculado a vinos, mostos o derivados de la uva de la zona.",Consultar web,926 529 010,,https://www.bodegascincocasas.com,,,https://www.google.com/maps/search/?api=1&query=Bodegas%20Cinco%20Casas%2C%20Ctra.%20Argamasilla%2C%20s/n%2C%20Cinco%20Casas%2C%20Ciudad%20Real%2C%20Espa%C3%B1a,39.1688835,-3.2330546,
caserio-vigon-ciudad-real,Caserío Vigón,Ciudad Real,Bodega,Castillo Vigón,"Ctra. Atalaya, s/n","Productor de la provincia de Ciudad Real vinculado a vinos, mostos o derivados de la uva de la zona.",Consultar web,926 221 020,,https://apoloybaco.com/vinos/bodegas-do-la-mancha-c-real-ii/,,,https://www.google.com/maps/search/?api=1&query=Caser%C3%ADo%20Vig%C3%B3n%2C%20Ctra.%20Atalaya%2C%20s/n%2C%20Ciudad%20Real%2C%20Ciudad%20Real%2C%20Espa%C3%B1a,39.0030797,-3.9247588,
cooperativa-corza-de-la-sierra-cozar,Cooperativa Corza de la Sierra,Cózar,Bodega,Vinos de Cózar,"C. Maestro Lara, 65","Productor de la provincia de Ciudad Real vinculado a vinos, mostos o derivados de la uva de la zona.",Consultar web,926 365 125,corza@ucaman.es,https://apoloybaco.com/vinos/bodegas-do-la-mancha-c-real-ii/,,,https://www.google.com/maps/search/?api=1&query=Cooperativa%20Corza%20de%20la%20Sierra%2C%20C.%20Maestro%20Lara%2C%2065%2C%20C%C3%B3zar%2C%20Ciudad%20Real%2C%20Espa%C3%B1a,38.6611075,-3.0714495,
j-garcia-carrion-la-mancha-daimiel,J. García Carrión La Mancha,Daimiel,Bodega,Don Luciano,"C. Guarnicionero, s/n","Productor de la provincia de Ciudad Real vinculado a vinos, mostos o derivados de la uva de la zona.",Consultar web,926 260 104,flozano@jgarciacarrion.es,https://www.donsimon.com,,,https://www.google.com/maps/search/?api=1&query=J.%20Garc%C3%ADa%20Carri%C3%B3n%20La%20Mancha%2C%20C.%20Guarnicionero%2C%20s/n%2C%20Daimiel%2C%20Ciudad%20Real%2C%20Espa%C3%B1a,39.0721960,-3.6143611,
alvinesa-daimiel,Alvinesa,Daimiel,Destilados y derivados,"Alcoholes vínicos, extractos, derivados de uva","C. Extramuros, s/n","Productor de la provincia de Ciudad Real vinculado a vinos, mostos o derivados de la uva de la zona.",Consultar web,926 260 670,ALVINESA@ALVINESA.COM,https://www.alvinesa.com,,,https://www.google.com/maps/search/?api=1&query=Alvinesa%2C%20C.%20Extramuros%2C%20s/n%2C%20Daimiel%2C%20Ciudad%20Real%2C%20Espa%C3%B1a,39.0721960,-3.6143611,
industria-vinicola-las-candelas-daimiel,Industria Vinícola Las Candelas,Daimiel,Bodega,Vinos y mostos,"Paseo del Carmen, s/n","Productor de la provincia de Ciudad Real vinculado a vinos, mostos o derivados de la uva de la zona.",Consultar web,926 850 765,cereales@meyca.es,https://apoloybaco.com/vinos/bodegas-do-la-mancha-c-real-ii/,,,https://www.google.com/maps/search/?api=1&query=Industria%20Vin%C3%ADcola%20Las%20Candelas%2C%20Paseo%20del%20Carmen%2C%20s/n%2C%20Daimiel%2C%20Ciudad%20Real%2C%20Espa%C3%B1a,39.0742484,-3.6009861,
cooperativa-los-pozos-daimiel,Cooperativa Los Pozos,Daimiel,Bodega,Vinos de cooperativa,"Polígono Industrial, parcela 51","Productor de la provincia de Ciudad Real vinculado a vinos, mostos o derivados de la uva de la zona.",Consultar web,926 853 261,lospozos@ucaman.es,https://apoloybaco.com/vinos/bodegas-do-la-mancha-c-real-ii/,,,https://www.google.com/maps/search/?api=1&query=Cooperativa%20Los%20Pozos%2C%20Pol%C3%ADgono%20Industrial%2C%20parcela%2051%2C%20Daimiel%2C%20Ciudad%20Real%2C%20Espa%C3%B1a,39.0488915,-3.5867929,
zumos-de-la-mancha-daimiel,Zumos de La Mancha,Daimiel,Mostos y zumos,"Mosto, zumo de uva, derivados","Ctra. de Las Tablas, s/n","Productor de la provincia de Ciudad Real vinculado a vinos, mostos o derivados de la uva de la zona.",Consultar web,926 853 650,,https://apoloybaco.com/vinos/bodegas-do-la-mancha-c-real-ii/,,,https://www.google.com/maps/search/?api=1&query=Zumos%20de%20La%20Mancha%2C%20Ctra.%20de%20Las%20Tablas%2C%20s/n%2C%20Daimiel%2C%20Ciudad%20Real%2C%20Espa%C3%B1a,39.0721960,-3.6143611,
vinat-fernancaballero-fernan-caballero,VINAT Fernancaballero,Fernán Caballero,Bodega,Vinos locales,"C. Cervantes, 9","Productor de la provincia de Ciudad Real vinculado a vinos, mostos o derivados de la uva de la zona.",Consultar web,926 229 086,,https://apoloybaco.com/vinos/bodegas-do-la-mancha-c-real-ii/,,,https://www.google.com/maps/search/?api=1&query=VINAT%20Fernancaballero%2C%20C.%20Cervantes%2C%209%2C%20Fern%C3%A1n%20Caballero%2C%20Ciudad%20Real%2C%20Espa%C3%B1a,39.1239447,-3.9039495,
cooperativa-santa-quiteria-fuente-el-fresno,Cooperativa Santa Quiteria,Fuente el Fresno,Bodega,Vinos de cooperativa,"Av. Provincia, s/n","Productor de la provincia de Ciudad Real vinculado a vinos, mostos o derivados de la uva de la zona.",Consultar web,926 806 110,,https://apoloybaco.com/vinos/bodegas-do-la-mancha-c-real-ii/,,,https://www.google.com/maps/search/?api=1&query=Cooperativa%20Santa%20Quiteria%2C%20Av.%20Provincia%2C%20s/n%2C%20Fuente%20el%20Fresno%2C%20Ciudad%20Real%2C%20Espa%C3%B1a,39.2276397,-3.7741252,
bodegas-ferca-herencia,Bodegas Ferca,Herencia,Bodega,Baquiche,"C. Caldereros, 5","Productor de la provincia de Ciudad Real vinculado a vinos, mostos o derivados de la uva de la zona.",Consultar web,926 571 805,info@bodegasferca.com,https://www.bodegasferca.com,,,https://www.google.com/maps/search/?api=1&query=Bodegas%20Ferca%2C%20C.%20Caldereros%2C%205%2C%20Herencia%2C%20Ciudad%20Real%2C%20Espa%C3%B1a,39.3638347,-3.3586301,
cooperativa-vinicola-san-jose-herencia,Cooperativa Vinícola San José,Herencia,Bodega,Vinos de Herencia,"Av. de la Encarnación, 15","Productor de la provincia de Ciudad Real vinculado a vinos, mostos o derivados de la uva de la zona.",Consultar web,926 571 100,sanjose@ucaman.es,https://apoloybaco.com/vinos/bodegas-do-la-mancha-c-real-ii/,,,https://www.google.com/maps/search/?api=1&query=Cooperativa%20Vin%C3%ADcola%20San%20Jos%C3%A9%2C%20Av.%20de%20la%20Encarnaci%C3%B3n%2C%2015%2C%20Herencia%2C%20Ciudad%20Real%2C%20Espa%C3%B1a,39.3727051,-3.3526959,
cubeco-herencia,Cubeco,Herencia,Bodega,Los Cuberos,"C. Capas, 63","Productor de la provincia de Ciudad Real vinculado a vinos, mostos o derivados de la uva de la zona.",Consultar web,926 571 183,,https://apoloybaco.com/vinos/bodegas-do-la-mancha-c-real-ii/,,,https://www.google.com/maps/search/?api=1&query=Cubeco%2C%20C.%20Capas%2C%2063%2C%20Herencia%2C%20Ciudad%20Real%2C%20Espa%C3%B1a,39.3693848,-3.3590423,
cooperativa-nuestra-senora-del-espino-membrilla,Cooperativa Nuestra Señora del Espino,Membrilla,Bodega,Rezuelo,"C. San Miguel, 36","Productor de la provincia de Ciudad Real vinculado a vinos, mostos o derivados de la uva de la zona.",Consultar web,926 637 478,rezuelovinos@eresmas.com,https://apoloybaco.com/vinos/bodegas-do-la-mancha-c-real-iii/,,,https://www.google.com/maps/search/?api=1&query=Cooperativa%20Nuestra%20Se%C3%B1ora%20del%20Espino%2C%20C.%20San%20Miguel%2C%2036%2C%20Membrilla%2C%20Ciudad%20Real%2C%20Espa%C3%B1a,38.9700995,-3.3406473,
cooperativa-nuestra-senora-del-rosario-membrilla,Cooperativa Nuestra Señora del Rosario,Membrilla,Bodega,Galán de Membrilla,"Ctra. de La Solana, 34","Productor de la provincia de Ciudad Real vinculado a vinos, mostos o derivados de la uva de la zona.",Consultar web,926 636 660,crosario.3062@cajarural.com,https://apoloybaco.com/vinos/bodegas-do-la-mancha-c-real-iii/,,,https://www.google.com/maps/search/?api=1&query=Cooperativa%20Nuestra%20Se%C3%B1ora%20del%20Rosario%2C%20Ctra.%20de%20La%20Solana%2C%2034%2C%20Membrilla%2C%20Ciudad%20Real%2C%20Espa%C3%B1a,38.9746189,-3.3381539,
campos-del-jabalon-miguelturra,Campos del Jabalón,Miguelturra,Bodega,Vinos de Miguelturra,"C. General Aguilera, 14","Productor de la provincia de Ciudad Real vinculado a vinos, mostos o derivados de la uva de la zona.",Consultar web,926 240 203,,https://apoloybaco.com/vinos/bodegas-do-la-mancha-c-real-iii/,,,https://www.google.com/maps/search/?api=1&query=Campos%20del%20Jabal%C3%B3n%2C%20C.%20General%20Aguilera%2C%2014%2C%20Miguelturra%2C%20Ciudad%20Real%2C%20Espa%C3%B1a,38.9639042,-3.8886708,
cooperativa-san-isidro-pedro-munoz,Cooperativa San Isidro,Pedro Muñoz,Bodega,"Carril de Cotos, Zagalejo, Amigo Sancho","C. Dos de Mayo, 21","Productor de la provincia de Ciudad Real vinculado a vinos, mostos o derivados de la uva de la zona.",Consultar web,926 586 057,mail@viacotos.com,https://www.viacotos.com,,,https://www.google.com/maps/search/?api=1&query=Cooperativa%20San%20Isidro%2C%20C.%20Dos%20de%20Mayo%2C%2021%2C%20Pedro%20Mu%C3%B1oz%2C%20Ciudad%20Real%2C%20Espa%C3%B1a,39.4065072,-2.9473949,
bodegas-ugena-pedro-munoz,Bodegas Ugena,Pedro Muñoz,Bodega,Vinos de Pedro Muñoz,"C. Reina Sofía, 29","Productor de la provincia de Ciudad Real vinculado a vinos, mostos o derivados de la uva de la zona.",Consultar web,926 568 416,vinos@bodegasugena.com,https://www.bodegasugena.com,,,https://www.google.com/maps/search/?api=1&query=Bodegas%20Ugena%2C%20C.%20Reina%20Sof%C3%ADa%2C%2029%2C%20Pedro%20Mu%C3%B1oz%2C%20Ciudad%20Real%2C%20Espa%C3%B1a,39.4032473,-2.9454809,
bernal-garcia-chicote-pedro-munoz,Bernal García-Chicote,Pedro Muñoz,Bodega,Vinos de Pedro Muñoz,"C. Santo Domingo Guzmán, 4","Productor de la provincia de Ciudad Real vinculado a vinos, mostos o derivados de la uva de la zona.",Consultar web,610 557 541,bodegasbernal@infonegocio.com,https://apoloybaco.com/vinos/bodegas-do-la-mancha-c-real-iii/,,,https://www.google.com/maps/search/?api=1&query=Bernal%20Garc%C3%ADa-Chicote%2C%20C.%20Santo%20Domingo%20Guzm%C3%A1n%2C%204%2C%20Pedro%20Mu%C3%B1oz%2C%20Ciudad%20Real%2C%20Espa%C3%B1a,39.4043152,-2.9509927,
s-a-t-coloman-pedro-munoz,S.A.T. Colomán,Pedro Muñoz,Bodega,"Colomán, Pedroteño","C. Goya, 17","Productor de la provincia de Ciudad Real vinculado a vinos, mostos o derivados de la uva de la zona.",Consultar web,926 586 410,coloman@satcoloman.com,https://www.satcoloman.com,,https://www.instagram.com/vinoscoloman/,https://www.google.com/maps/search/?api=1&query=S.A.T.%20Colom%C3%A1n%2C%20C.%20Goya%2C%2017%2C%20Pedro%20Mu%C3%B1oz%2C%20Ciudad%20Real%2C%20Espa%C3%B1a,39.4005093,-2.9519401,
bodegas-virgen-del-carmen-pozuelo-de-calatrava,Bodegas Virgen del Carmen,Pozuelo de Calatrava,Bodega,Vinos de Pozuelo,"C. Carmen, 22","Productor de la provincia de Ciudad Real vinculado a vinos, mostos o derivados de la uva de la zona.",Consultar web,926 840 340,,https://apoloybaco.com/vinos/bodegas-do-la-mancha-c-real-iii/,,,https://www.google.com/maps/search/?api=1&query=Bodegas%20Virgen%20del%20Carmen%2C%20C.%20Carmen%2C%2022%2C%20Pozuelo%20de%20Calatrava%2C%20Ciudad%20Real%2C%20Espa%C3%B1a,38.9120726,-3.8345413,
bodegas-santa-ana-pozuelo-de-calatrava,Bodegas Santa Ana,Pozuelo de Calatrava,Bodega,Vinos de Pozuelo,"Ronda de las Zarzas, 10","Productor de la provincia de Ciudad Real vinculado a vinos, mostos o derivados de la uva de la zona.",Consultar web,926 840 451,,https://apoloybaco.com/vinos/bodegas-do-la-mancha-c-real-iii/,,,https://www.google.com/maps/search/?api=1&query=Bodegas%20Santa%20Ana%2C%20Ronda%20de%20las%20Zarzas%2C%2010%2C%20Pozuelo%20de%20Calatrava%2C%20Ciudad%20Real%2C%20Espa%C3%B1a,38.9079012,-3.8329854,
cooperativa-san-antonio-abad-puerto-lapice,Cooperativa San Antonio Abad,Puerto Lápice,Bodega,Vinos de Puerto Lápice,"C. Juan Carlos I, 50","Productor de la provincia de Ciudad Real vinculado a vinos, mostos o derivados de la uva de la zona.",Consultar web,926 576 241,cooperativaabad@terra.es,https://apoloybaco.com/vinos/bodegas-do-la-mancha-c-real-iii/,,,https://www.google.com/maps/search/?api=1&query=Cooperativa%20San%20Antonio%20Abad%2C%20C.%20Juan%20Carlos%20I%2C%2050%2C%20Puerto%20L%C3%A1pice%2C%20Ciudad%20Real%2C%20Espa%C3%B1a,39.3243594,-3.4817078,
vinos-y-bodegas-socuellamos,Vinos y Bodegas,Socuéllamos,Bodega,"Mirador de Castilla, Aristócrata, Real Bodega","Ctra. de Las Mesas, km 1","Productor de la provincia de Ciudad Real vinculado a vinos, mostos o derivados de la uva de la zona.",Consultar web,926 531 067,export@vinosybodegas.com,https://www.vinosybodegas.com,,,https://www.google.com/maps/search/?api=1&query=Vinos%20y%20Bodegas%2C%20Ctra.%20de%20Las%20Mesas%2C%20km%201%2C%20Socu%C3%A9llamos%2C%20Ciudad%20Real%2C%20Espa%C3%B1a,39.2834014,-2.7904645,
explotaciones-hermanos-delgado-socuellamos,Explotaciones Hermanos Delgado,Socuéllamos,Bodega,"Señorío de los Santos, Macatela, EHD","C. Villarrobledo, 7","Productor de la provincia de Ciudad Real vinculado a vinos, mostos o derivados de la uva de la zona.",Consultar web,625 339 887,info@bodegaehd.com,https://www.bodegaehd.com,,https://www.instagram.com/ehdbioorganic/,https://www.google.com/maps/search/?api=1&query=Explotaciones%20Hermanos%20Delgado%2C%20C.%20Villarrobledo%2C%207%2C%20Socu%C3%A9llamos%2C%20Ciudad%20Real%2C%20Espa%C3%B1a,39.2857894,-2.7847090,
bodegas-centro-espanolas-tomelloso,Bodegas Centro Españolas,Tomelloso,Bodega,"Allozo, Ladero, Aldoba","Ctra. de Alcázar, km 1","Productor de la provincia de Ciudad Real vinculado a vinos, mostos o derivados de la uva de la zona.",Consultar web,926 505 653,allozo@allozo.com,https://www.allozo.com,,,https://www.google.com/maps/search/?api=1&query=Bodegas%20Centro%20Espa%C3%B1olas%2C%20Ctra.%20de%20Alc%C3%A1zar%2C%20km%201%2C%20Tomelloso%2C%20Ciudad%20Real%2C%20Espa%C3%B1a,39.1751846,-3.0207024,
vitis-terrarum-tomelloso,Vitis Terrarum,Tomelloso,Bodega,Vitis Terrarum,"Polígono Industrial, parcela 167-168","Productor de la provincia de Ciudad Real vinculado a vinos, mostos o derivados de la uva de la zona.",Consultar web,609 030 153,info@vitisterrarum.es,https://www.vitisterrarum.es,,https://www.instagram.com/vitisterrarum/,https://www.google.com/maps/search/?api=1&query=Vitis%20Terrarum%2C%20Pol%C3%ADgono%20Industrial%2C%20parcela%20167-168%2C%20Tomelloso%2C%20Ciudad%20Real%2C%20Espa%C3%B1a,39.1585549,-3.0214851,
vinicola-de-tomelloso-tomelloso,Vinícola de Tomelloso,Tomelloso,Bodega,"Añil, Torre de Gazate, Finca Cerrada","Ctra. de Albacete, km 130","Productor de la provincia de Ciudad Real vinculado a vinos, mostos o derivados de la uva de la zona.",Consultar web,926 513 004,ventas@vinicolatomelloso.com,https://www.vinicolatomelloso.com,,,https://www.google.com/maps/search/?api=1&query=Vin%C3%ADcola%20de%20Tomelloso%2C%20Ctra.%20de%20Albacete%2C%20km%20130%2C%20Tomelloso%2C%20Ciudad%20Real%2C%20Espa%C3%B1a,39.1662682,-3.0049762,
vinicola-de-la-alameda-tomelloso,Vinícola de la Alameda,Tomelloso,Bodega,Vinos de Tomelloso,"Ctra. Tomelloso-Pedro Muñoz, km 28","Productor de la provincia de Ciudad Real vinculado a vinos, mostos o derivados de la uva de la zona.",Consultar web,926 571 097,gm@vinal.com,https://www.vinal.com,,,https://www.google.com/maps/search/?api=1&query=Vin%C3%ADcola%20de%20la%20Alameda%2C%20Ctra.%20Tomelloso-Pedro%20Mu%C3%B1oz%2C%20km%2028%2C%20Tomelloso%2C%20Ciudad%20Real%2C%20Espa%C3%B1a,39.1585549,-3.0214851,
cooperativa-virgen-de-las-vinas-tomelloso,Cooperativa Virgen de las Viñas,Tomelloso,Bodega,"Lorenzete, Tomillar, Don Eugenio","Ctra. de Argamasilla, s/n","Productor de la provincia de Ciudad Real vinculado a vinos, mostos o derivados de la uva de la zona.",Consultar web,926 510 865,atencion.cliente@vinostomillar.com,https://www.vinostomillar.com,,https://www.instagram.com/vinostomillar/,https://www.google.com/maps/search/?api=1&query=Cooperativa%20Virgen%20de%20las%20Vi%C3%B1as%2C%20Ctra.%20de%20Argamasilla%2C%20s/n%2C%20Tomelloso%2C%20Ciudad%20Real%2C%20Espa%C3%B1a,39.1655452,-3.0304361,
vinedos-y-bodegas-florentino-cepeda-tomelloso,Viñedos y Bodegas Florentino Cepeda,Tomelloso,Bodega,Vinos de Tomelloso,"Paraje de Pueblas, Polígono 98","Productor de la provincia de Ciudad Real vinculado a vinos, mostos o derivados de la uva de la zona.",Consultar web,926 514 759,proconsa@proconsa.es,https://apoloybaco.com/vinos/bodegas-do-la-mancha-creal-iv/,,,https://www.google.com/maps/search/?api=1&query=Vi%C3%B1edos%20y%20Bodegas%20Florentino%20Cepeda%2C%20Paraje%20de%20Pueblas%2C%20Pol%C3%ADgono%2098%2C%20Tomelloso%2C%20Ciudad%20Real%2C%20Espa%C3%B1a,39.1585549,-3.0214851,
altosa-tomelloso,Altosa,Tomelloso,Bodega,"La Posada, La Taberna","Ctra. de Argamasilla, s/n","Productor de la provincia de Ciudad Real vinculado a vinos, mostos o derivados de la uva de la zona.",Consultar web,926 511 404,altosa@altosa.es,https://apoloybaco.com/vinos/bodegas-do-la-mancha-creal-iv/,,,https://www.google.com/maps/search/?api=1&query=Altosa%2C%20Ctra.%20de%20Argamasilla%2C%20s/n%2C%20Tomelloso%2C%20Ciudad%20Real%2C%20Espa%C3%B1a,39.1655452,-3.0304361,
bodegas-artesanas-tomelloso,Bodegas Artesanas,Tomelloso,Bodega,Vinos artesanos de Tomelloso,"C. Campo, 146","Productor de la provincia de Ciudad Real vinculado a vinos, mostos o derivados de la uva de la zona.",Consultar web,926 512 020,,https://apoloybaco.com/vinos/bodegas-do-la-mancha-creal-iv/,,,https://www.google.com/maps/search/?api=1&query=Bodegas%20Artesanas%2C%20C.%20Campo%2C%20146%2C%20Tomelloso%2C%20Ciudad%20Real%2C%20Espa%C3%B1a,39.1595269,-3.0220825,
jacinto-jaramillo-e-hijos-torralba-de-calatrava,Jacinto Jaramillo e Hijos,Torralba de Calatrava,Bodega,Vega Zacatena,"C. Calvario, 31","Productor de la provincia de Ciudad Real vinculado a vinos, mostos o derivados de la uva de la zona.",Consultar web,926 811 332,bodegasjaramillo@vegazacatena.co,https://www.vegazacatena.com,,,https://www.google.com/maps/search/?api=1&query=Jacinto%20Jaramillo%20e%20Hijos%2C%20C.%20Calvario%2C%2031%2C%20Torralba%20de%20Calatrava%2C%20Ciudad%20Real%2C%20Espa%C3%B1a,39.0207014,-3.7377839,
cooperativa-nuestra-senora-de-la-vega-torre-de-juan-abad,Cooperativa Nuestra Señora de la Vega,Torre de Juan Abad,Bodega,Vinos de Torre de Juan Abad,"Ctra. Castellar, s/n","Productor de la provincia de Ciudad Real vinculado a vinos, mostos o derivados de la uva de la zona.",Consultar web,926 383 026,delavega@ucaman.es,https://apoloybaco.com/vinos/bodegas-do-la-mancha-creal-iv/,,,https://www.google.com/maps/search/?api=1&query=Cooperativa%20Nuestra%20Se%C3%B1ora%20de%20la%20Vega%2C%20Ctra.%20Castellar%2C%20s/n%2C%20Torre%20de%20Juan%20Abad%2C%20Ciudad%20Real%2C%20Espa%C3%B1a,38.5845739,-3.0609335,
cooperativa-nuestra-senora-del-rosario-villamayor-de-calatrava,Cooperativa Nuestra Señora del Rosario,Villamayor de Calatrava,Bodega,Vinos de Villamayor,"C. Oscurilla, 70","Productor de la provincia de Ciudad Real vinculado a vinos, mostos o derivados de la uva de la zona.",Consultar web,926 466 133,villamay@teleline.es,https://apoloybaco.com/vinos/bodegas-do-la-mancha-creal-iv/,,,https://www.google.com/maps/search/?api=1&query=Cooperativa%20Nuestra%20Se%C3%B1ora%20del%20Rosario%2C%20C.%20Oscurilla%2C%2070%2C%20Villamayor%20de%20Calatrava%2C%20Ciudad%20Real%2C%20Espa%C3%B1a,38.7869073,-4.1414737,
bodega-san-fernando-villanueva-de-los-infantes,Bodega San Fernando,Villanueva de los Infantes,Bodega,San Fernando,"Paseo de la Constitución, 2","Productor de la provincia de Ciudad Real vinculado a vinos, mostos o derivados de la uva de la zona.",Consultar web,926 360 209,,https://apoloybaco.com/vinos/bodegas-do-la-mancha-creal-iv/,,,https://www.google.com/maps/search/?api=1&query=Bodega%20San%20Fernando%2C%20Paseo%20de%20la%20Constituci%C3%B3n%2C%202%2C%20Villanueva%20de%20los%20Infantes%2C%20Ciudad%20Real%2C%20Espa%C3%B1a,38.7339635,-3.0135587,
cooperativa-nuestra-senora-de-la-antigua-villanueva-de-los-infantes,Cooperativa Nuestra Señora de la Antigua,Villanueva de los Infantes,Bodega,Vinos de Infantes,"Ctra. de Valdepeñas, s/n","Productor de la provincia de Ciudad Real vinculado a vinos, mostos o derivados de la uva de la zona.",Consultar web,926 360 290,coopantigua@teleline.es,https://apoloybaco.com/vinos/bodegas-do-la-mancha-creal-iv/,,,https://www.google.com/maps/search/?api=1&query=Cooperativa%20Nuestra%20Se%C3%B1ora%20de%20la%20Antigua%2C%20Ctra.%20de%20Valdepe%C3%B1as%2C%20s/n%2C%20Villanueva%20de%20los%20Infantes%2C%20Ciudad%20Real%2C%20Espa%C3%B1a,38.7339635,-3.0135587,
union-vitivinicola-de-infantes-villanueva-de-los-infantes,Unión Vitivinícola de Infantes,Villanueva de los Infantes,Bodega,"Zaurdón, Hidalguía de Villanueva","Ctra. de Fuenllana, s/n","Productor de la provincia de Ciudad Real vinculado a vinos, mostos o derivados de la uva de la zona.",Consultar web,926 360 158,,https://apoloybaco.com/vinos/bodegas-do-la-mancha-creal-iv/,,,https://www.google.com/maps/search/?api=1&query=Uni%C3%B3n%20Vitivin%C3%ADcola%20de%20Infantes%2C%20Ctra.%20de%20Fuenllana%2C%20s/n%2C%20Villanueva%20de%20los%20Infantes%2C%20Ciudad%20Real%2C%20Espa%C3%B1a,38.7339635,-3.0135587,
bodegas-lozano-villarrubia-de-los-ojos,Bodegas Lozano,Villarrubia de los Ojos,Bodega,Lobar,"C. Grande, 66","Productor de la provincia de Ciudad Real vinculado a vinos, mostos o derivados de la uva de la zona.",Consultar web,926 898 018,bodegaslozano@b-lozano.com,https://www.b-lozano.com,,,https://www.google.com/maps/search/?api=1&query=Bodegas%20Lozano%2C%20C.%20Grande%2C%2066%2C%20Villarrubia%20de%20los%20Ojos%2C%20Ciudad%20Real%2C%20Espa%C3%B1a,39.2160676,-3.6048800,
cooperativa-el-progreso-villarrubia-de-los-ojos,Cooperativa El Progreso,Villarrubia de los Ojos,Bodega,Vinos y aceite de cooperativa,"Av. de la Virgen, 89","Productor de la provincia de Ciudad Real vinculado a vinos, mostos o derivados de la uva de la zona.",Consultar web,926 896 088,cooprogres@isid.es,https://apoloybaco.com/vinos/bodegas-do-la-mancha-creal-iv/,,,https://www.google.com/maps/search/?api=1&query=Cooperativa%20El%20Progreso%2C%20Av.%20de%20la%20Virgen%2C%2089%2C%20Villarrubia%20de%20los%20Ojos%2C%20Ciudad%20Real%2C%20Espa%C3%B1a,39.2119153,-3.6171536,
vinos-y-aceites-villarrubia-villarrubia-de-los-ojos,Vinos y Aceites Villarrubia,Villarrubia de los Ojos,Bodega,Vinos y aceites locales,"C. Pozo de la Nieve, 1","Productor de la provincia de Ciudad Real vinculado a vinos, mostos o derivados de la uva de la zona.",Consultar web,926 896 238,,https://apoloybaco.com/vinos/bodegas-do-la-mancha-creal-iv/,,,https://www.google.com/maps/search/?api=1&query=Vinos%20y%20Aceites%20Villarrubia%2C%20C.%20Pozo%20de%20la%20Nieve%2C%201%2C%20Villarrubia%20de%20los%20Ojos%2C%20Ciudad%20Real%2C%20Espa%C3%B1a,39.2156946,-3.6021466,
bodegas-isla-villarta-de-san-juan,Bodegas Isla,Villarta de San Juan,Bodega,"Isla Oro, Hispavín","C. Nuestra Señora de la Paz, 9",Bodega centenaria de Villarta de San Juan con más de 200 hectáreas de viñedo propio a orillas del Cigüela.,Consultar web,926 640 004,info@bodegasisla.com,https://www.bodegasisla.com,,,https://www.google.com/maps/search/?api=1&query=Bodegas%20Isla%2C%20C.%20Nuestra%20Se%C3%B1ora%20de%20la%20Paz%2C%209%2C%20Villarta%20de%20San%20Juan%2C%20Ciudad%20Real%2C%20Espa%C3%B1a,39.2368040,-3.4195744,
cooperativa-nuestra-senora-de-la-paz-villarta-de-san-juan,Cooperativa Nuestra Señora de la Paz,Villarta de San Juan,Bodega,"Tintobel, Matices","C. Cervantes, 96","Productor de la provincia de Ciudad Real vinculado a vinos, mostos o derivados de la uva de la zona.",Consultar web,926 640 111,bodega@tintobel.com,https://www.tintobel.com,,,https://www.google.com/maps/search/?api=1&query=Cooperativa%20Nuestra%20Se%C3%B1ora%20de%20la%20Paz%2C%20C.%20Cervantes%2C%2096%2C%20Villarta%20de%20San%20Juan%2C%20Ciudad%20Real%2C%20Espa%C3%B1a,39.2304282,-3.4191599,
adiano-el-robledo,Adiano,El Robledo,Lácteos y quesos,"Queso manchego artesano DOP, semicurado, curado, viejo, añejo","Finca El Campillo, CM-4106 km 93",Quesería artesana de la finca El Campillo que elabora queso manchego DOP con leche cruda de su propio rebaño de oveja manchega.,Consultar web,926 390 105,,https://adiano.es/,,https://www.instagram.com/adianoquesos/,https://www.google.com/maps/search/?api=1&query=Adiano%2C%20Finca%20El%20Campillo%2C%20CM-4106%20km%2093%2C%20El%20Robledo%2C%20Ciudad%20Real%2C%20Espa%C3%B1a,39.2176173,-4.2811191,
queseria-1605-herencia,Quesería 1605,Herencia,Lácteos y quesos,"Queso 1605, Herencia 1605, Sierra La Solana","Finca Sierra La Solana, Ctra. Villarta de San Juan-Herencia km 7,5","Quesería manchega de leche cruda de ganadería propia, elaboración manual y maduración artesana en Herencia.",Consultar web,926 691 261,info@queseria1605.com,https://www.queseria1605.com/,https://www.facebook.com/queseria1605/,https://www.instagram.com/queseria_1605/,https://www.google.com/maps/search/?api=1&query=Queser%C3%ADa%201605%2C%20Finca%20Sierra%20La%20Solana%2C%20Ctra.%20Villarta%20de%20San%20Juan-Herencia%20km%207%2C5%2C%20Herencia%2C%20Ciudad%20Real%2C%20Espa%C3%B1a,39.3679627,-3.3550331,
zaferan-calatravo-bolanos-de-calatrava,Zaferán Calatravo,Bolaños de Calatrava,Azafrán,"Azafrán de La Mancha DOP, azafrán en hebra, azafrán en polvo","C. San Isidro, 4","Productor de azafrán ecológico con DOP Azafrán de La Mancha, cultivado, recolectado y tostado de forma artesanal.",Consultar web,647 435 801,zaferancalatravo@gmail.com,https://zaferancalatravo.com/,,,https://www.google.com/maps/search/?api=1&query=Zafer%C3%A1n%20Calatravo%2C%20C.%20San%20Isidro%2C%204%2C%20Bola%C3%B1os%20de%20Calatrava%2C%20Ciudad%20Real%2C%20Espa%C3%B1a,38.9029161,-3.6568206,
the-harvest-of-saffron-la-solana,The Harvest of Saffron,La Solana,Azafrán,"Azafrán, marcas THOS, azafrán de La Mancha","Plaza Don Diego, 6",Empresa azafranera fundada en La Solana en 1995 y especializada exclusivamente en azafrán de calidad.,Consultar web,967 214 619,info@thos.es,https://www.thos.es/es/13/Nosotros.html,,,https://www.google.com/maps/search/?api=1&query=The%20Harvest%20of%20Saffron%2C%20Plaza%20Don%20Diego%2C%206%2C%20La%20Solana%2C%20Ciudad%20Real%2C%20Espa%C3%B1a,38.9417538,-3.2396962,
aceites-malagon-malagon,Aceites Malagón,Malagón,Aceite,"AOVE, aceite aromatizado, Zaitum, Plétora, Cardenal Tavera","Gta. Veintitrés de Junio, 4","Empresa familiar fundada en 1980 dedicada a elaborar, envasar y comercializar aceite de oliva virgen extra y aceites aromatizados.",Consultar web,926 800 024,info@aceitesmalagon.com,https://www.aceitesmalagon.com/,https://www.facebook.com/profile.php?id=100008554933262,,https://www.google.com/maps/search/?api=1&query=Aceites%20Malag%C3%B3n%2C%20Gta.%20Veintitr%C3%A9s%20de%20Junio%2C%204%2C%20Malag%C3%B3n%2C%20Ciudad%20Real%2C%20Espa%C3%B1a,39.1689143,-3.8514542,
aceites-artiaga-malagon,Aceites Artiaga,Malagón,Aceite,"Aceite de oliva, AOVE, aceites de calidad",Malagón,Productor y distribuidor de aceite de oliva de Malagón centrado en aceites de calidad y selección de aceitunas.,Lunes a viernes 10:00-19:00,635 912 417,,https://aceitesartiaga.com/,,,https://www.google.com/maps/search/?api=1&query=Aceites%20Artiaga%2C%20Malag%C3%B3n%2C%20Malag%C3%B3n%2C%20Ciudad%20Real%2C%20Espa%C3%B1a,39.1798740,-3.9076717,
aceites-juventud-finca-la-oliveta-malagon,Aceites Juventud - Finca La Oliveta,Malagón,Aceite,"Aceites Juventud, AOVE rico en oleocanthal, Finca La Oliveta","Polígono 1, Parcela 209",Productor de aceite de oliva de Malagón reconocido por aceites de alto contenido en oleocanthal y fenoles.,Consultar web,692 671 392,,https://oleista.com/es/almazaras/ciudad-real/aceites-juventud-finca-la-oliveta-12128,,,https://www.google.com/maps/search/?api=1&query=Aceites%20Juventud%20-%20Finca%20La%20Oliveta%2C%20Pol%C3%ADgono%201%2C%20Parcela%20209%2C%20Malag%C3%B3n%2C%20Ciudad%20Real%2C%20Espa%C3%B1a,39.1689143,-3.8514542,
finca-la-rosala-calzada-de-calatrava,Finca La Rosala,Calzada de Calatrava,Frutos secos,"Frutos secos tostados a mano, pistacho, almendra violeta, mezclas gourmet","C. Real, 105","Empresa familiar de Calzada de Calatrava que elabora frutos secos gourmet tostados a mano, con pistachos de su propia finca.",Lunes a viernes 10:00-14:00,651 808 819,comercial@fincalarosala.es,https://fincalarosala.es/,https://www.facebook.com/fincalarosala/,https://www.instagram.com/fincalarosala/,https://www.google.com/maps/search/?api=1&query=Finca%20La%20Rosala%2C%20C.%20Real%2C%20105%2C%20Calzada%20de%20Calatrava%2C%20Ciudad%20Real%2C%20Espa%C3%B1a,38.7000238,-3.7732977,
frutos-secos-la-melonera-villahermosa,Frutos Secos La Melonera,Villahermosa,Frutos secos,"Nueces ecológicas, almendras, avellanas, pistachos, piñones",Villahermosa,"Finca del Campo de Montiel dedicada al cultivo, envasado y comercialización de frutos secos ecológicos de producción nacional.",Consultar web,606 623 166,info@frutossecoslamelonera.com,https://www.frutossecoslamelonera.com/,,,https://www.google.com/maps/search/?api=1&query=Frutos%20Secos%20La%20Melonera%2C%20Villahermosa%2C%20Villahermosa%2C%20Ciudad%20Real%2C%20Espa%C3%B1a,38.8177186,-2.8442747,
thoth-alimentacion-socuellamos,THOTH Alimentación,Socuéllamos,Frutos secos,"Cremas de pistacho, crema de almendra, patés de frutos secos","C. Conde de las Cabezuelas, 29","Obrador de Socuéllamos dedicado al procesado artesanal en frío de frutos secos y a cremas y patés de pistacho, almendra y avellana.",Consultar web,,,http://www.thothalimentacion.com,https://www.facebook.com/Thothalimentacion/,https://www.instagram.com/t_h_o_t_halimentacion/,https://www.google.com/maps/search/?api=1&query=THOTH%20Alimentaci%C3%B3n%2C%20C.%20Conde%20de%20las%20Cabezuelas%2C%2029%2C%20Socu%C3%A9llamos%2C%20Ciudad%20Real%2C%20Espa%C3%B1a,39.2798686,-2.7908373,
miel-montes-del-quijote-la-solana,Miel Montes del Quijote,La Solana,Miel,"Miel artesanal, miel de La Solana","N-430 km 382,700",Productor local de miel en La Solana con venta directa y presencia en redes sociales.,Lunes a sábado 9:00-17:00,627 425 165,,https://www.todosbiz.es/miel-montes-del-quijote-627-42-51-65,,,https://www.google.com/maps/search/?api=1&query=Miel%20Montes%20del%20Quijote%2C%20N-430%20km%20382%2C700%2C%20La%20Solana%2C%20Ciudad%20Real%2C%20Espa%C3%B1a,38.9394524,-3.2537123,
mieles-san-benito-almodovar-del-campo,Mieles San Benito,Almodóvar del Campo,Miel,"Miel ecológica, miel de romero, miel del Valle de Alcudia",San Benito,Apicultores de cuarta generación con colmenas en el Valle de Alcudia y miel reconocida en premios BRESCA.,Consultar web,,,https://cadenaser.com/castillalamancha/2025/02/18/es-la-mejor-miel-de-la-peninsula-iberica-y-se-produce-en-esta-pedania-de-ciudad-real-ser-ciudad-real/,,,https://www.google.com/maps/search/?api=1&query=Mieles%20San%20Benito%2C%20San%20Benito%2C%20Almod%C3%B3var%20del%20Campo%2C%20Ciudad%20Real%2C%20Espa%C3%B1a,38.5651619,-4.6760711,
obrador-manzaneque-campo-de-criptana,Obrador Manzaneque,Campo de Criptana,Pan y pastelería,"Pan de masa madre, barras tradicionales, roscón de reyes, asados en horno de leña","C. Delicias, 44",Obrador de panadería y pastelería de Campo de Criptana que elabora panes tradicionales con masa madre y materias primas naturales.,Consultar web,926 561 094 / 678 578 440,obradormanzaneque@gmail.com,https://directorioempresarial.campodecriptana.es/empresas/obrador-manzaneque/,,,https://www.google.com/maps/search/?api=1&query=Obrador%20Manzaneque%2C%20C.%20Delicias%2C%2044%2C%20Campo%20de%20Criptana%2C%20Ciudad%20Real%2C%20Espa%C3%B1a,39.4055252,-3.1163369,
la-maldita-craft-beer-herencia,La Maldita Craft Beer,Herencia,Cerveza artesana,"La Maldita Originale, cervezas artesanas de Herencia","Avda. San Antón, 24","Cervecera artesana de Herencia nacida en 2014, centrada en cervezas naturales con identidad local manchega.",Consultar web,678 224 265 / 657 829 599,info@cervezalamaldita.com,https://herencia.es/gastronomia/lamaldita,https://www.facebook.com/cervezalamaldita/,https://www.instagram.com/cervezaslamaldita/,https://www.google.com/maps/search/?api=1&query=La%20Maldita%20Craft%20Beer%2C%20Avda.%20San%20Ant%C3%B3n%2C%2024%2C%20Herencia%2C%20Ciudad%20Real%2C%20Espa%C3%B1a,39.3611959,-3.3568246,
bodegas-castiblanque-campo-de-criptana,Bodegas Castiblanque,Campo de Criptana,Bodega,"Baldor, Cúrcuma, vinos de Bodegas Castiblanque","C. Isaac Peral, 19",Bodega de Campo de Criptana con 120 hectáreas de viñedo propio y elaboración de vinos de La Mancha en una bodega restaurada.,Consultar web,926 589 147,info@bodegascastiblanque.com,https://www.bodegascastiblanque.com/la-bodega/,https://www.facebook.com/BodegasCastiblanque/,https://www.instagram.com/bodegas_castiblanque/,https://www.google.com/maps/search/?api=1&query=Bodegas%20Castiblanque%2C%20C.%20Isaac%20Peral%2C%2019%2C%20Campo%20de%20Criptana%2C%20Ciudad%20Real%2C%20Espa%C3%B1a,39.4017693,-3.1249186,
bodegas-mendieta-alcazar-de-san-juan,Bodegas Mendieta,Alcázar de San Juan,Bodega,"Vinos Mendieta, AOVE Mendieta, vinos y aceites de finca","Av. de Cervera, 77","Bodega familiar con sedes y fincas en Alcázar de San Juan, Daimiel, Herencia y Membrilla, elaboradora de vinos y aceites.",Consultar web,926 540 629,bodega@bodegasmendieta.com,https://www.bodegasmendieta.com/nosotros/,,,https://www.google.com/maps/search/?api=1&query=Bodegas%20Mendieta%2C%20Av.%20de%20Cervera%2C%2077%2C%20Alc%C3%A1zar%20de%20San%20Juan%2C%20Ciudad%20Real%2C%20Espa%C3%B1a,39.3871632,-3.2084382,
cabesota-bolanos-de-calatrava,Cabesota,Bolaños de Calatrava,Lácteos y quesos,"Cabesota tierno, Cabesota semicurado, Cabesota con flores comestibles","C. Minas, 3, 13260 Bolaños de Calatrava, Ciudad Real","Quesería de Bolaños de Calatrava especializada en quesos de oveja de elaboración familiar, con gama tierna, semicurada y afinada.",Consultar web o venta directa,,info@cabesota.com,https://cabesota.com/,https://www.facebook.com/quesoscabesota/about,https://www.instagram.com/quesoscabesota/,https://www.google.com/maps/search/?api=1&query=Cabesota%2C%20C.%20Minas%2C%203%2C%20Bola%C3%B1os%20de%20Calatrava%2C%20Ciudad%20Real,38.9062533,-3.6629811,
food-manchegos-quesos-campollano-ciudad-real,Food Manchegos - Quesos Campollano,Ciudad Real,Lácteos y quesos,"Campollano curado corteza natural, Campollano añejo, queso manchego","Camino de la Guija, 23, 13002 Ciudad Real","Empresa quesera ciudadrealeña detrás de Quesos Campollano, especializada en quesos de oveja manchega y especialidades curadas.",Consultar web o venta directa,926 836 666,,https://www.quesoscampollano.com/,,,https://www.google.com/maps/search/?api=1&query=Food%20Manchegos%20Quesos%20Campollano%2C%20Camino%20de%20la%20Guija%2023%2C%20Ciudad%20Real,38.9960936,-3.9374039,
manchega-ojos-del-guadiana-daimiel,Manchega Ojos del Guadiana,Daimiel,Lácteos y quesos,"Ojos del Guadiana Etiqueta Negra DOP Manchego, Zuacorta, queso manchego artesano","C. Tejeros, s/n, Polígono Industrial Sepes, 13250 Daimiel, Ciudad Real",Cooperativa de ganaderos manchegos de Daimiel dedicada al queso manchego artesano con leche cruda de oveja manchega.,Consultar web o venta directa,926 851 392,info@ojosdelguadiana.com,http://ojosdelguadiana.com/,https://www.facebook.com/Queso-Manchego-Ojos-Del-Guadiana-325065621035,,https://www.google.com/maps/search/?api=1&query=Manchega%20Ojos%20del%20Guadiana%2C%20C.%20Tejeros%2C%20Daimiel%2C%20Ciudad%20Real,39.0756297,-3.5887705,
sat-explotacion-cabaneros-alcoba,SAT Explotación Cabañeros,Alcoba,Lácteos y quesos,"Cabañeros semicurado, queso artesano de oveja curado","Ctra. Las Tablillas, s/n, Santa Quiteria, 13116 Alcoba, Ciudad Real",Explotación familiar del entorno de Cabañeros dedicada a la cría de oveja y a quesos artesanos de leche cruda de su propia ganadería.,Consultar venta directa,926 785 309,,,,,https://www.google.com/maps/search/?api=1&query=SAT%20Explotaci%C3%B3n%20Caba%C3%B1eros%2C%20Santa%20Quiteria%2C%20Alcoba%2C%20Ciudad%20Real,39.2579620,-4.3687520,
agricola-la-merced-s-a-villanueva-de-los-infantes,Agricola La Merced S.A.,Villanueva De Los Infantes,Lácteos y quesos,"Chisquero Manchego Artesano D.O.P., Chisquero Artesano Semicurado 4 meses","Villanueva De Los Infantes, Ciudad Real, España","Productor lácteo de Villanueva De Los Infantes incluido en el directorio World Cheese Awards con productos como Chisquero Manchego Artesano D.O.P., Chisquero Artesano Semicurado 4 meses.",Consultar fuente,,,https://gff.co.uk/directory/producer/?id=33568,,,https://www.google.com/maps/search/?api=1&query=Agricola%20La%20Merced%20S.A.%2C%20Villanueva%20De%20Los%20Infantes%2C%20Ciudad%20Real%2C%20Espa%C3%B1a,,,
agropecuaria-navaloshaces-s-l-corral-de-calatrava,Agropecuaria Navaloshaces S.L.,Corral de Calatrava,Lácteos y quesos,"NAVALOSHACES CURADO EN ACEITE DE OLIVA VIRGEN EXTRA, NAVALOSHACES SEMICURADO","Corral de Calatrava, Ciudad Real, España","Productor lácteo de Corral de Calatrava incluido en el directorio World Cheese Awards con productos como NAVALOSHACES CURADO EN ACEITE DE OLIVA VIRGEN EXTRA, NAVALOSHACES SEMICURADO.",Consultar fuente,,,https://gff.co.uk/directory/producer/?id=28957,,,https://www.google.com/maps/search/?api=1&query=Agropecuaria%20Navaloshaces%20S.L.%2C%20Corral%20de%20Calatrava%2C%20Ciudad%20Real%2C%20Espa%C3%B1a,,,
agrovillaserra-s-l-porzuna,AGROVILLASERRA S.L.,Porzuna,Lácteos y quesos,"Queso Manchego Artesano DOP Añejo - VILLAJOS, Queso Manchego Artesano DOP Curado - VILLAJOS","Porzuna, Ciudad Real, España","Productor lácteo de Porzuna incluido en el directorio World Cheese Awards con productos como Queso Manchego Artesano DOP Añejo - VILLAJOS, Queso Manchego Artesano DOP Curado - VILLAJOS.",Consultar fuente,,,https://gff.co.uk/directory/producer/?id=46836,,,https://www.google.com/maps/search/?api=1&query=AGROVILLASERRA%20S.L.%2C%20Porzuna%2C%20Ciudad%20Real%2C%20Espa%C3%B1a,,,
e-s-garceran-1-s-l-villahermosa,E.S. GARCERÁN 1 S.L.,Villahermosa,Lácteos y quesos,"QUESO DE OVEJA CURADO EN ROMERO SEÑORIO DE VILLAHERMOSA, QUESO DE OVEJA SEMICURADO SEÑORIO DE VILLAHERMOSA","Villahermosa, Ciudad Real, España","Productor lácteo de Villahermosa incluido en el directorio World Cheese Awards con productos como QUESO DE OVEJA CURADO EN ROMERO SEÑORIO DE VILLAHERMOSA, QUESO DE OVEJA SEMICURADO SEÑORIO DE VILLAHERMOSA.",Consultar fuente,,,https://gff.co.uk/directory/producer/?id=60787,,,https://www.google.com/maps/search/?api=1&query=E.S.%20GARCER%C3%81N%201%20S.L.%2C%20Villahermosa%2C%20Ciudad%20Real%2C%20Espa%C3%B1a,,,
magatena-s-a-daimiel,MAGATENA S.A.,Daimiel,Lácteos y quesos,"DEHESA ZACATENA. QUESO MANCHEGO SEMICURADO ECOLÓGICO, DEHESA ZACATENA. QUESO MANCHEGO ARTESANO CURADO ECOLÓGICO","Daimiel, Ciudad Real, España","Productor lácteo de Daimiel incluido en el directorio World Cheese Awards con productos como DEHESA ZACATENA. QUESO MANCHEGO SEMICURADO ECOLÓGICO, DEHESA ZACATENA. QUESO MANCHEGO ARTESANO CURADO ECOLÓGICO.",Consultar fuente,,,https://gff.co.uk/directory/producer/?id=48604,,,https://www.google.com/maps/search/?api=1&query=MAGATENA%20S.A.%2C%20Daimiel%2C%20Ciudad%20Real%2C%20Espa%C3%B1a,,,
mariana-menchero-castro-queso-saleta-ciudad-real,MARIANA MENCHERO CASTRO (QUESO SALETA),Ciudad Real,Lácteos y quesos,"SALETA AHUMADO, SALETA AÑEJO","Ciudad Real, Ciudad Real, España","Productor lácteo de Ciudad Real incluido en el directorio World Cheese Awards con productos como SALETA AHUMADO, SALETA AÑEJO.",Consultar fuente,,,https://gff.co.uk/directory/producer/?id=45840,,,https://www.google.com/maps/search/?api=1&query=MARIANA%20MENCHERO%20CASTRO%20(QUESO%20SALETA)%2C%20Ciudad%20Real%2C%20Ciudad%20Real%2C%20Espa%C3%B1a,,,
quesera-herenciana-cofer-s-l-ciudad-real,Quesera Herenciana Cofer S.L.,Herencia,Lácteos y quesos,VillaHerencia - Tender Sheep´s Cheese,"Calle Gómez Montalbán, 28, 13640 Herencia, Ciudad Real",Productor lácteo de Ciudad Real incluido en el directorio World Cheese Awards con productos como VillaHerencia - Tender Sheep´s Cheese.,Consultar fuente,,,https://gff.co.uk/directory/producer/?id=21727,,https://www.instagram.com/quesoscofer/,https://www.google.com/maps/search/?api=1&query=Quesera%20Herenciana%20Cofer%20S.L.%2C%20Calle%20G%C3%B3mez%20Montalb%C3%A1n%2C%2028%2C%2013640%20Herencia%2C%20Ciudad%20Real,39.3675328,-3.3516744,
queseria-artesanal-la-solana-s-l-la-solana,"QUESERIA ARTESANAL LA SOLANA, S.L.",La Solana,Lácteos y quesos,"QUESO CURADO LA SOLANA, QUESO CURADO MEZCLA LA SOLANA","Avenida los Industriales, parcelas 5.8-5.9, Polígono Industrial La Serna, 13240 La Solana, Ciudad Real","Productor lácteo de La Solana incluido en el directorio World Cheese Awards con productos como QUESO CURADO LA SOLANA, QUESO CURADO MEZCLA LA SOLANA.",Consultar fuente,,,https://gff.co.uk/directory/producer/?id=51715,,https://www.instagram.com/quesoslasolana/,https://www.google.com/maps/search/?api=1&query=QUESERIA%20ARTESANAL%20LA%20SOLANA%2C%20S.L.%2C%20Avenida%20los%20Industriales%2C%20parcelas%205.8-5.9%2C%20Pol%C3%ADgono%20Industrial%20La%20Serna%2C%2013240%20La%20Solana%2C%20Ciudad%20Real,,,
queseria-valdehornos-ciudad-real,Queseria Valdehornos,Ciudad Real,Lácteos y quesos,VALDEHORNOS Curado,"Ciudad Real, Ciudad Real, España",Productor lácteo de Ciudad Real incluido en el directorio World Cheese Awards con productos como VALDEHORNOS Curado.,Consultar fuente,,,https://gff.co.uk/directory/producer/?id=33573,,,https://www.google.com/maps/search/?api=1&query=Queseria%20Valdehornos%2C%20Ciudad%20Real%2C%20Ciudad%20Real%2C%20Espa%C3%B1a,,,
queseria-solidaria-almaden-s-l-almaden,Quesería Solidaria Almadén S.L.,Almadén,Lácteos y quesos,Queso de oveja viejo 10 meses.,"Almadén, Ciudad Real, España",Productor lácteo de Almadén incluido en el directorio World Cheese Awards con productos como Queso de oveja viejo 10 meses..,Consultar fuente,,,https://gff.co.uk/directory/producer/?id=51279,,,https://www.google.com/maps/search/?api=1&query=Queser%C3%ADa%20Solidaria%20Almad%C3%A9n%20S.L.%2C%20Almad%C3%A9n%2C%20Ciudad%20Real%2C%20Espa%C3%B1a,,,
queso-artesano-el-manojar-los-cortijos,Queso Artesano El Manojar,Los Cortijos,Lácteos y quesos,"El Manojar Curado, 6 meses","Los Cortijos, Ciudad Real, España","Productor lácteo de Los Cortijos incluido en el directorio World Cheese Awards con productos como El Manojar Curado, 6 meses.",Consultar fuente,,,https://gff.co.uk/directory/producer/?id=51628,,,https://www.google.com/maps/search/?api=1&query=Queso%20Artesano%20El%20Manojar%2C%20Los%20Cortijos%2C%20Ciudad%20Real%2C%20Espa%C3%B1a,,,
quesos-carpuela-s-l-herencia,QUESOS CARPUELA S.L.,Herencia,Lácteos y quesos,Sheep's milk cheese 12 months,"Calle Caleros, 15, 13640 Herencia, Ciudad Real",Productor lácteo de Herencia incluido en el directorio World Cheese Awards con productos como Sheep's milk cheese 12 months.,Consultar fuente,,,https://gff.co.uk/directory/producer/?id=50273,,,https://www.google.com/maps/search/?api=1&query=QUESOS%20CARPUELA%20S.L.%2C%20Calle%20Caleros%2C%2015%2C%2013640%20Herencia%2C%20Ciudad%20Real,39.3783225,-3.3366045,
quesos-don-apolonio-s-l-ciudad-real,"Quesos Don Apolonio, S.L.",Malagón,Lácteos y quesos,"Queso de Oveja Añejo Don Apolonio, Queso de Oveja Curado Don Apolonio","CM-4114, km 28, 13420 Malagón, Ciudad Real","Productor lácteo de Ciudad Real incluido en el directorio World Cheese Awards con productos como Queso de Oveja Añejo Don Apolonio, Queso de Oveja Curado Don Apolonio.",Consultar fuente,,,https://gff.co.uk/directory/producer/?id=38537,,https://www.instagram.com/donapolonio/,https://www.google.com/maps/search/?api=1&query=Quesos%20Don%20Apolonio%2C%20S.L.%2C%20CM-4114%2C%20km%2028%2C%2013420%20Malag%C3%B3n%2C%20Ciudad%20Real,39.1553864,-3.8356480,
quesos-don-miguel-s-l-alcazar-de-san-juan,"QUESOS DON MIGUEL, S.L.",Alcázar de San Juan,Lácteos y quesos,"Cured Mixed Cheese, HARD EWES' MILK CHEESE","Polígono Industrial Emilio Castro, Calle Industria, 15, 13600 Alcázar de San Juan, Ciudad Real","Productor lácteo de Alcázar de San Juan incluido en el directorio World Cheese Awards con productos como Cured Mixed Cheese, HARD EWES' MILK CHEESE.",Consultar fuente,,,https://gff.co.uk/directory/producer/?id=63685,,,https://www.google.com/maps/search/?api=1&query=QUESOS%20DON%20MIGUEL%2C%20S.L.%2C%20Pol%C3%ADgono%20Industrial%20Emilio%20Castro%2C%20Calle%20Industria%2C%2015%2C%2013600%20Alc%C3%A1zar%20de%20San%20Juan%2C%20Ciudad%20Real,39.3969964,-3.2259677,
quesos-encinasola-s-l-picon,QUESOS ENCINASOLA S.L.,Picon,Lácteos y quesos,"Quesos Encinasola – 60 days, Quesos Encinasola – 90 days","Picon, Ciudad Real, España","Productor lácteo de Picon incluido en el directorio World Cheese Awards con productos como Quesos Encinasola – 60 days, Quesos Encinasola – 90 days.",Consultar fuente,,,https://gff.co.uk/directory/producer/?id=42379,,,https://www.google.com/maps/search/?api=1&query=QUESOS%20ENCINASOLA%20S.L.%2C%20Picon%2C%20Ciudad%20Real%2C%20Espa%C3%B1a,,,
quesos-la-gaitana-herencia,QUESOS LA GAITANA,Herencia,Lácteos y quesos,"COSECHA DE BERNARDETE CURADO DE OVEJA 8 MESES, LA GAITANA CURADO DE OVEJA 8 MESES","Calle Santa Ana, 20, 13640 Herencia, Ciudad Real","Productor lácteo de Herencia incluido en el directorio World Cheese Awards con productos como COSECHA DE BERNARDETE CURADO DE OVEJA 8 MESES, LA GAITANA CURADO DE OVEJA 8 MESES.",Consultar fuente,,,https://gff.co.uk/directory/producer/?id=48491,,https://www.instagram.com/la.gaitana/,https://www.google.com/maps/search/?api=1&query=QUESOS%20LA%20GAITANA%2C%20Calle%20Santa%20Ana%2C%2020%2C%2013640%20Herencia%2C%20Ciudad%20Real,39.3665645,-3.3478322,
quesos-rocinante-s-l-malagon,QUESOS ROCINANTE S.L.,Malagon,Lácteos y quesos,"Iberico Cheese Aged, Manchego PDO Cheese 3 months aged","Ctra. de Toledo s/n, 13420 Malagón, Ciudad Real","Productor lácteo de Malagon incluido en el directorio World Cheese Awards con productos como Iberico Cheese Aged, Manchego PDO Cheese 3 months aged.",Consultar fuente,,,https://gff.co.uk/directory/producer/?id=48545,,https://www.instagram.com/quesosrocinante/,https://www.google.com/maps/search/?api=1&query=QUESOS%20ROCINANTE%20S.L.%2C%20Ctra.%20de%20Toledo%20s%2Fn%2C%2013420%20Malag%C3%B3n%2C%20Ciudad%20Real,,,
