slug,nombre,municipio,categoria,productos estrella,direccion,descripcion,horario,telefono,correo,web,Facebook,Instagram,Google Maps,lat,lon,imagen,verificacion,Venta online,Canal de venta,categorias adicionales,producer_id,descripcion_locale,visitas guiadas,mensaje a la comunidad,mensaje_comunidad_locale,enlace destacado 1,enlace destacado 2
daresbury-dairy-ice-cream,Daresbury Dairy Ice Cream,Daresbury,Helados,ice cream,"Newton Lane, Daresbury, Runcorn Cheshire, WA4 4HZ",Daresbury Dairy Ice Cream produces ice cream at its Daresbury site.,,+447856091601,claire@daresburydairy.co.uk,https://daresburydairy.co.uk/,,,,53.325913,-2.609638,,,no comprobado,,,160,en,,,,,
three-wrens-gin,Three Wrens Gin,Newhall,Destilados y licores,"gin, rum","Juniper House Park View Business Centre Whitchurch Road, Combermere, Cheshire East, SY13 4AL","Three Wrens Gin produces gin, rum at its Newhall site.",,,,https://threewrensgin.com/,,,,52.993838,-2.595565,,,no comprobado,,,686,en,,,,,
the-edge-distillery,The Edge Distillery,Warrington,Destilados y licores,gin,"Alcumlow Hall Farm Chance Hall Lane, Astbury, Cheshire, CW12 4TL",The Edge Distillery produces gin at its Warrington site.,,+447867775983,info@edgedistillers.co.uk,https://edgedistillers.co.uk/,,,,53.132977,-2.260011,,,no comprobado,,,656,en,,,,,
mbh-beer,MBH Beer,Mobberley,Cerveza,beer,"Meadowside Hulme Lane, Nether Peover, Northwich, Cheshire, WA16 9QH",MBH Beer produces beer at its Mobberley site.,,+441565873601,info@mbh.beer,https://www.mbh.beer/,,,,53.255696,-2.398639,,,no comprobado,,,429,en,,,,,
groobarbs-wild-farm,Groobarb's Wild Farm,High Legh,Fruta y verdura,"seasonal vegetables, fruit","Groobarb's Wild Farm, Mag Lane, High Legh, WA16 0AA","Wild Farm growing seasonal vegetables and fruit across its Cheshire farms for weekly local produce boxes.",,+441925569160,info@groobarbs.co.uk,https://groobox.co.uk/,,,,53.357403,-2.47267,,,sí,suscripcion,,281,en,,,,,
peckforton-farm-dairy,Peckforton Farm Dairy,Peckforton,Lácteos y quesos,"raw and pasteurised milk","Manor Farm, Peckforton Hall Lane, Peckforton, Tarporley, CW6 9TH","Sixth-generation family dairy producing raw and pasteurised milk from its own herd at Manor Farm.",,+441829260353,peckfortonfarmdairy@gmail.com,,,,,53.104981,-2.681224,,pendiente,sí,email,,500,en,,,,,
mobberley-brewhouse,Mobberley Brewhouse,Nether Peover,Cerveza,,Hulme Lane,Brewery producing beer at its Nether Peover unit.,,+441320137,trade@brewingcollective.com,https://www.mbh.beer/,,https://www.instagram.com/mobberleybeer,,53.258000,-2.391000,,pendiente,no comprobado,,,441,en,,,,,
hill-farm-real-food,Hill Farm Real Food,Alpraham,Lácteos y quesos,,"Hill Farm, Back Lane, Alpraham, CW6 9LL, United Kingdom",,,,hillfarmrealfood@gmail.com,https://hillfarmrealfood.co.uk,https://facebook.com/hillfarmrealfood,https://instagram.com/hillfarmrealfood,,53.143497,-2.620689,,pendiente,no comprobado,,,839,,,,,,
mornflake-oats-morning-foods,Mornflake Oats / Morning Foods,Crewe,Pan y cereal,,,,,,,https://www.morningfoods.com/,,,,,,,pendiente,no comprobado,,,858,,,,,,
