slug,nombre,municipio,categoria,productos estrella,direccion,descripcion,horario,telefono,correo,web,Facebook,Instagram,Google Maps,lat,lon,imagen,verificacion,Venta online
vidafruits-botarell,VIDAFRUITS,Botarell,Fruta y verdura,"Fruta, verdura y aceite","Avinguda de la Pedra Fita, 52, 43772 Botarell, Tarragona","Productor local de fruta, verdura y aceite en la provincia de Tarragona, incorporado desde directorios agroalimentarios locales y verificado con Google Maps.",Consultar web,,,https://www.vidafruits.es/,,,https://www.google.com/maps/search/?api=1&query=VIDAFRUITS%2C%20Avinguda%20de%20la%20Pedra%20Fita%2C%2052%2C%2043772%20Botarell%2C%20Tarragona&query_place_id=ChIJfR9QdQBPoRIRQkJrjHrurco,41.134501,0.9893392,/productores/tarragona/vidafruits-botarell.webp,pendiente,no comprobado
aromis-montblanc,Aromis,Montblanc,Aromáticas y condimentos,Azafrán y productos aromáticos,"Partida Cantarroella, s/n, 43400 Montblanc, Tarragona","Productor de azafrán y elaboraciones aromáticas de la Conca de Barberà, localizado en Montblanc y verificado con Google Maps.",Consultar web,696 71 81 35,,https://aromis.cat/,,https://www.instagram.com/aromiscat/,https://www.google.com/maps/search/?api=1&query=ESPAI%20AROMIS%2C%20Partida%20Cantarroella%2C%20s%2Fn%2C%2043400%20Montblanc%2C%20Tarragona&query_place_id=ChIJCc2m-G-pphIR0ckzJ7a9NHY,41.3809992,1.1666706,/productores/tarragona/aromis-montblanc.webp,pendiente,sí
hortus-aprodiscae-montblanc,Hortus Aprodiscae,Montblanc,Fruta y verdura,Verduras ecológicas y conservas,"Carrer Josep Maria Poblet, 1, 43400 Montblanc, Tarragona","Proyecto de huerta ecológica y transformación vegetal en Montblanc, incorporado desde listados locales de producto de proximidad.",Consultar web,977 86 07 68,,http://www.hortusaprodiscae.org/,,,https://www.google.com/maps/search/?api=1&query=Hortus%20Aprodiscae%2C%20Carrer%20Josep%20Maria%20Poblet%2C%201%2C%2043400%20Montblanc%2C%20Tarragona&query_place_id=ChIJAQDkKBWpphIRNeIGKJ9GZ9Q,41.3758554,1.15669,/productores/tarragona/hortus-aprodiscae-montblanc.webp,pendiente,no comprobado
agrobullo-subirana-olea-montblanc,Subirana-Olea / AgroBullo,Montblanc,Aceite,Aceite de oliva virgen extra,"Crta Artesa s/n, 43400 Montblanc, Tarragona","Productor oleícola de Montblanc vinculado a AgroBullo y Subirana-Olea, localizado desde fuentes locales y Google Maps.",Consultar web,644 27 79 33,,http://www.agrobullo.cat/,,https://www.instagram.com/agrobullo/,https://www.google.com/maps/search/?api=1&query=AgroBullo%2C%20Crta%20Artesa%20s%2Fn%2C%2043400%20Montblanc%2C%20Tarragona&query_place_id=ChIJvar1IWypphIRzD4zqqN4hmU,41.3880266,1.1688176,/productores/tarragona/agrobullo-subirana-olea-montblanc.webp,pendiente,no comprobado
agricola-de-la-conca-montblanc,Agrícola de la Conca,Montblanc,Bodega,"Vino, cava y aceite","Muralla de Sta. Tecla, 54, 43400 Montblanc, Tarragona","Cooperativa agroalimentaria de Montblanc con vinos, cavas y aceite de la Conca de Barberà, verificada en Google Maps.",Consultar web,977 86 32 06,,https://www.fetalaconca.cat/,,https://www.instagram.com/fetalaconca/,https://www.google.com/maps/search/?api=1&query=Agrobotiga%20Fet%20a%20La%20Conca%20Montblanc%2C%20Muralla%20de%20Sta.%20Tecla%2C%2054%2C%2043400%20Montblanc%2C%20Tarragona&query_place_id=ChIJ6dH3akKpphIRYoqUwD54vg4,41.3786551,1.1632872,/productores/tarragona/agricola-de-la-conca-montblanc.webp,pendiente,sí
adernats-vinicola-de-nulles-nulles,Adernats - Vinícola de Nulles,Nulles,Bodega,"Vino, cava y enoturismo","C/ Estació, s/n, 43887 Nulles, Tarragona","Bodega cooperativa de Nulles especializada en vinos y cavas Adernats, incluida como productor local del Camp de Tarragona.",Consultar web,977 60 26 22 ext. 105,,http://adernats.cat/,,https://www.instagram.com/adernats/,https://www.google.com/maps/search/?api=1&query=Celler%20Adernats%20-%20Vin%C3%ADcola%20de%20Nulles%2C%20C%2F%20Estaci%C3%B3%2C%20s%2Fn%2C%2043887%20Nulles%2C%20Tarragona&query_place_id=ChIJ8UgXi8j4oxIRAuwjTbHBS1g,41.2507621,1.2974805,/productores/tarragona/adernats-vinicola-de-nulles-nulles.webp,pendiente,sí
celler-dasca-vives-valls,Celler Dasca Vives,Valls,Bodega,Vinos ecológicos,"Carretera de Valls a Nulles Km4, 43800 Valls, Tarragona","Celler familiar de Valls orientado a vinos ecológicos y de mínima intervención, con ubicación contrastada en Google Maps.",Consultar web,679 96 68 97,,https://dascavives.com/,,https://www.instagram.com/dascavives/,https://www.google.com/maps/search/?api=1&query=Dasca%20Vives%2C%20Carretera%20de%20Valls%20a%20Nulles%20Km4%2C%2043800%20Valls%2C%20Tarragona&query_place_id=ChIJi3PaN4gApBIRCWEi_6QrNwE,41.2684158,1.2704338,/productores/tarragona/celler-dasca-vives-valls.webp,pendiente,sí
celler-mas-vicenc-cabra-del-camp,Celler Mas Vicenç,Cabra del Camp,Bodega,Vinos y aceite,"Mas Vicenç s/n, 43811, Tarragona","Celler de Cabra del Camp con vinos, aceite y propuestas de enoturismo en el Alt Camp, verificado mediante Google Maps.",Consultar web,977 63 00 24,,http://www.masvicens.com/,,https://www.instagram.com/masvicens/,https://www.google.com/maps/search/?api=1&query=Celler%20Mas%20Vicen%C3%A7%2C%20Mas%20Vicen%C3%A7%20s%2Fn%2C%2043811%2C%20Tarragona&query_place_id=ChIJXZzojHMEpBIRJ3rn7HWDNOM,41.3807583,1.2957547,/productores/tarragona/celler-mas-vicenc-cabra-del-camp.webp,pendiente,sí
cellers-blanch-puigpelat,Cellers Blanch,Puigpelat,Bodega,Vino y cava,"Avinguda Catalunya, 8, 43812 Puigpelat, Tarragona","Bodega de Puigpelat dedicada a vino y cava del Alt Camp, localizada en directorios de producto local y Google Maps.",Consultar web,628 54 13 94,,http://www.cellersblanch.com/,,https://www.instagram.com/cellersblanch/,https://www.google.com/maps/search/?api=1&query=Cellers%20Blanch%2C%20Avinguda%20Catalunya%2C%208%2C%2043812%20Puigpelat%2C%20Tarragona&query_place_id=ChIJp_r9zVAHpBIRI50WLjdi7ps,41.2789695,1.2969628,/productores/tarragona/cellers-blanch-puigpelat.webp,pendiente,sí
cooperativa-de-valls-valls,Cooperativa de Valls,Valls,Calçots y aceite,"Calçots, vino y aceite","Plaça del Carme, 4, 43800 Valls, Tarragona","Cooperativa agrícola de Valls asociada a calçots, vino y aceite del territorio, con ficha de Google Maps verificada.",Consultar web,977 60 20 84,,http://www.coopvalls.com/,,,https://www.google.com/maps/search/?api=1&query=Agr%C3%ADcola%20I%20Secci%C3%B3n%20de%20Cr%C3%A9dito%20de%20Valls%20S.C.C.L.%2C%20Pla%C3%A7a%20del%20Carme%2C%204%2C%2043800%20Valls%2C%20Tarragona&query_place_id=ChIJg7_pCn0ApBIR6Y2SF3GHh_o,41.2820859,1.2503694,/productores/tarragona/cooperativa-de-valls-valls.webp,pendiente,no comprobado
cellers-avgvstvs-forvm-el-vendrell,Cellers Avgvstvs Forvm,El Vendrell,Bodega,Vinos y vinagres Forvm,"Carretera de Sant Vicenç, s/n, 43700 El Vendrell, Tarragona","Bodega del Baix Penedès con vinos y vinagres Forvm, incluida por su producción local y ubicación contrastada.",Consultar web,977 66 69 10,,http://www.avgvstvsforvm.com/,,https://www.instagram.com/avgvstvsforvm/,https://www.google.com/maps/search/?api=1&query=Cellers%20Avgvstvs%20Forvm%2C%20Carretera%20de%20Sant%20Vicen%C3%A7%2C%20s%2Fn%2C%2043700%20El%20Vendrell%2C%20Tarragona&query_place_id=ChIJsSgjTTeLoxIRPO95RuwtqXk,41.2068887,1.5250779,/productores/tarragona/cellers-avgvstvs-forvm-el-vendrell.webp,pendiente,sí
torclum-la-bisbal-del-penedes,Torclum,La Bisbal del Penedès,Aceite,Aceite de oliva virgen extra,"Plaça Pau Casals, 5, 43717 La Bisbal del Penedès, Tarragona","Productor oleícola del Baix Penedès centrado en aceite de oliva virgen extra, con ubicación verificada en Google Maps.",Consultar web,620 14 83 62,,https://torclum.com/,,https://www.instagram.com/torclum_oliveoil/,https://www.google.com/maps/search/?api=1&query=Torclum%2C%20Pla%C3%A7a%20Pau%20Casals%2C%205%2C%2043717%20La%20Bisbal%20del%20Pened%C3%A8s%2C%20Tarragona&query_place_id=ChIJbXul6IUKpBIRBbPhvfl1jLg,41.2800007,1.4872271,/productores/tarragona/torclum-la-bisbal-del-penedes.webp,pendiente,sí
ceolpe-llorenc-del-penedes,CEOLPE - Centre Oleícola del Penedès,Llorenç del Penedès,Aceite,Aceite de oliva,"Carretera De L'Hostal, 0 S/N, 43712 Llorenç del Penedès, Tarragona","Centro oleícola de Llorenç del Penedès dedicado al aceite de oliva del territorio, localizado con Google Maps.",Consultar web,977 67 83 34,,http://ceolpe.com/,,,https://www.google.com/maps/search/?api=1&query=CEOLPE%20-%20Centre%20Ole%C3%ADcola%20del%20Pened%C3%A8s%2C%20Carretera%20De%20L'Hostal%2C%200%20S%2FN%2C%2043712%20Lloren%C3%A7%20del%20Pened%C3%A8s%2C%20Tarragona&query_place_id=ChIJseQ8dxN1pBIRj-7NoRnz7tA,41.2944679,1.542968,/productores/tarragona/ceolpe-llorenc-del-penedes.webp,pendiente,no comprobado
olis-sole-mont-roig-del-camp,Olis Solé,Mont-roig del Camp,Aceite,Aceite de oliva virgen extra,"Carrer Vinyols, 12, 43300 Mont-roig del Camp, Tarragona","Molino y productor de aceite de oliva virgen extra de Mont-roig del Camp, incorporado como productor local de Tarragona.",Consultar web,977 83 70 31,,http://www.olissole.com/,,https://www.instagram.com/olissole/,https://www.google.com/maps/search/?api=1&query=Olis%20Sol%C3%A9%20SL%2C%20Carrer%20Vinyols%2C%2012%2C%2043300%20Mont-roig%20del%20Camp%2C%20Tarragona&query_place_id=ChIJ5T5s10JGoRIRqoMAop6rlYI,41.0871978,0.9614587,/productores/tarragona/olis-sole-mont-roig-del-camp.webp,pendiente,sí
coselva-la-selva-del-camp,Coselva,La Selva del Camp,Aceite y frutos secos,"Aceite, avellanas y frutos secos","Avinguda de Joan Puig i Ferreter, 22, 43470 La Selva del Camp, Tarragona","Cooperativa de La Selva del Camp con aceite Antara, avellanas y frutos secos de proximidad, verificada con Google Maps.",Consultar web,977 84 59 20,,https://www.coselva.com/,,https://www.instagram.com/antaradecoselva/,https://www.google.com/maps/search/?api=1&query=Oli%20Antara%20i%20Fruits%20Secs%20KM0%20a%20La%20Selva%20-%20Agrobotiga%20de%20Coselva%2C%20Avinguda%20de%20Joan%20Puig%20i%20Ferreter%2C%2022%2C%2043470%20La%20Selva%20del%20Camp%2C%20Tarragona&query_place_id=ChIJD9Dm-A9UoRIR9cuzkFPnk-Y,41.2112419,1.14222,/productores/tarragona/coselva-la-selva-del-camp.webp,pendiente,sí
formatges-la-vall-del-brugent-capafonts,Formatges La Vall del Brugent,Capafonts,Lácteos y quesos,Quesos artesanos,"Diseminado Mas Pocurull, 1, 43364, Tarragona","Quesería artesana de la Vall del Brugent en Capafonts, incorporada como productor local y contrastada en Google Maps.",Consultar web,619 67 39 68,,,,,https://www.google.com/maps/search/?api=1&query=Formatges%20La%20Vall%20del%20Brugent%2C%20Diseminado%20Mas%20Pocurull%2C%201%2C%2043364%2C%20Tarragona&query_place_id=ChIJQ3jXWoGzphIRBzrbAeECsTA,41.2963316,1.0240472,,pendiente,no comprobado
horta-cal-marxant-la-pobla-de-montornes,Horta Cal Marxant,La Pobla de Montornès,Fruta y verdura,Calçots y verduras,"Polígon 12, parcel·la 3, 43761 La Pobla de Montornès, Tarragona","Productor hortícola de La Pobla de Montornès especializado en verduras y calçots de proximidad, verificado con Google Maps.",Consultar web,669 63 37 78,,http://www.hortacalmarxant.cat/,,https://www.instagram.com/hortacalmarxant_ecologic/,https://www.google.com/maps/search/?api=1&query=Horta%20Cal%20Marxant%2C%20poligon%2012%20parcela%203%2C%2043761%20La%20Pobla%20de%20Montorn%C3%A8s%2C%20Tarragona&query_place_id=ChIJBWgVNDvxoxIRmPyP7MB5RHA,41.1751748,1.3965926,/productores/tarragona/horta-cal-marxant-la-pobla-de-montornes.webp,pendiente,sí
caves-reverte-salomo,Caves Reverté,Salomó,Bodega,Cava,"Tomas Garcia Rebull, 4, 43885 Salomó, Tarragona","Cava familiar de Salomó dedicado a la elaboración local de cava, incorporado desde directorios del Camp de Tarragona.",Consultar web,630 92 93 80,,http://www.cavareverte.com/,,,https://www.google.com/maps/search/?api=1&query=CAVES%20REVERT%C3%89%2C%20Tomas%20Garcia%20Rebull%2C%204%2C%2043885%20Salom%C3%B3%2C%20Tarragona&query_place_id=ChIJX8yL7nn3oxIRh-u7NjlzDt4,41.22828,1.37502,/productores/tarragona/caves-reverte-salomo.webp,pendiente,no comprobado
celler-mas-del-boto-alforja,Celler Mas del Botó,Alforja,Bodega,Vinos ecológicos,"Camí de Porrera a Alforja, s/n, 43365 Alforja, Tarragona","Celler de Alforja enfocado en vinos ecológicos y producción local del Baix Camp, con ubicación contrastada en Google Maps.",Consultar web,630 98 27 47,,http://www.masdelboto.cat/,,https://www.instagram.com/celler_mas_boto/,https://www.google.com/maps/search/?api=1&query=Celler%20Mas%20del%20Bot%C3%B3%2C%20Cam%C3%AD%20de%20Porrera%20a%20Alforja%2C%20s%2Fn%2C%2043365%20Alforja%2C%20Tarragona&query_place_id=ChIJu8SU3_VJoRIR8QqKfO6bonk,41.195531,0.9200146,/productores/tarragona/celler-mas-del-boto-alforja.webp,pendiente,sí
mel-dolz-montbrio-del-camp,Mel Dolz,Montbrió del Camp,Miel,Miel artesana,"Partida Teixells, polígon 8, parcel·la 4, 43340 Montbrió del Camp, Tarragona","Productor apícola de Montbrió del Camp centrado en miel artesana de proximidad, localizado con Google Maps.",Consultar web,606 83 50 31,,http://www.meldolz.com/,,https://www.instagram.com/mel_dolz/,https://www.google.com/maps/search/?api=1&query=Mel%20dolz%2C%20Partida%20teixells%2C%20poligono%208%2C%20parcela%204%2C%2043340%20Montbri%C3%B3%20del%20Camp%2C%20Tarragona&query_place_id=ChIJbeep1axFoRIR26dQ4eOhWWg,41.1125443,1.0013486,/productores/tarragona/mel-dolz-montbrio-del-camp.webp,pendiente,sí
celler-masroig-el-masroig,Celler Masroig,El Masroig,Bodega,Vino y aceite,"Passeig de l'Arbre, 3, 43736 El Masroig, Tarragona","Celler cooperativo del Priorat con vinos y aceite de producción local, incluido desde directorios de producto del Priorat.",Consultar web,977 82 50 26,,http://www.cellermasroig.com/,,https://www.instagram.com/cellermasroig/,https://www.google.com/maps/search/?api=1&query=Celler%20Masroig%2C%20Passeig%20de%20l'Arbre%2C%203%2C%2043736%20El%20Masroig%2C%20Tarragona&query_place_id=ChIJ8fYhOY0voRIRQPJrnQyv1UY,41.1262937,0.7337288,/productores/tarragona/celler-masroig-el-masroig.webp,pendiente,sí
celler-vall-llach-porrera,Celler Vall Llach,Porrera,Bodega,Vinos Priorat,"Carrer del Pont, 9, 43739 Porrera, Tarragona","Celler de Porrera dedicado a vinos del Priorat, incorporado como productor local y verificado mediante Google Maps.",Consultar web,615 82 59 76,,http://www.vallllach.com/,,,https://www.google.com/maps/search/?api=1&query=Celler%20Vall%20Llach%2C%20Carrer%20del%20Pont%2C%209%2C%2043739%20Porrera%2C%20Tarragona&query_place_id=ChIJ-3ozmpo2oRIRNJMWroJkOUU,41.1883128,0.8566985,/productores/tarragona/celler-vall-llach-porrera.webp,pendiente,sí
mel-de-gratallops-gratallops,Mel de Gratallops,Gratallops,Miel,Miel y aceite,"Carrer del Piró, 61, 43737 Gratallops, Tarragona",Productor de miel de Gratallops incluido en directorios de producto local del Priorat y contrastado con Google Maps.,Consultar web,,,,,,https://www.google.com/maps/search/?api=1&query=Mel%20De%20Gratallops%2C%20Carrer%20del%20Pir%C3%B3%2C%2061%2C%2043737%20Gratallops%2C%20Tarragona&query_place_id=ChIJ61ODd4wxoRIRSF0F5XWRASY,41.1927222,0.7753058,,pendiente,no comprobado
olives-blai-peris-bot,Olives Blai Peris,Bot,Aceitunas y encurtidos,Olivas y aceite,"Carrer Ferreries, s/n, 43785 Bot, Tarragona","Productor de olivas, encurtidos y aceite de Bot, incorporado desde la ficha de turismo local y verificado con Google Maps.",Consultar web,977 42 83 88,olisblai@oliveoilblai.com,https://www.blaiperis.es/,,https://www.instagram.com/blaiperis/,https://www.google.com/maps/search/?api=1&query=Blai%20Peris%20S.L.%2C%20Carrer%20Ferreries%2C%20s%2Fn%2C%2043785%20Bot%2C%20Tarragona&query_place_id=ChIJj8zzC9DDoBIR6Un8OHTkKgw,41.0082408,0.3823029,/productores/tarragona/olives-blai-peris-bot.webp,pendiente,no comprobado
donum-deus-bot,Donum Deus,Bot,Carnes,Cabrito y productos caprinos,"Carrer Canvis, 1, 43785 Bot, Tarragona","Productor de Bot vinculado a cabrito y productos caprinos, incorporado desde la ficha de turismo local y localizado por dirección en Google Maps.",Consultar web,,,https://donumdeus.com/,,,https://www.google.com/maps/search/?api=1&query=Donum%20Deus%2C%20Carrer%20Canvis%2C%201%2C%2043785%20Bot%2C%20Tarragona&query_place_id=Ei1DYXJyZXIgQ2FudmlzLCAxLCA0Mzc4NSBCb3QsIFRhcnJhZ29uYSwgU3BhaW4iMBIuChQKEgnt-HGW2sOgEhG7Nj5MXbDTRBABKhQKEgl7NdaU2sOgEhGQG4OeHZbxcg,41.0095972,0.3832551,/productores/tarragona/donum-deus-bot.webp,pendiente,no comprobado
horta-blanch-altafulla,Horta Blanch,Altafulla,Fruta y verdura,Calçots y verduras,"Carrer Mossèn Miquel Amorós, 1, 43893 Altafulla, Tarragona","Productor y punto de venta hortícola con verduras y calçots de proximidad, incorporado al CSV de Tarragona con ubicación de Google Maps.",Consultar web,977 65 11 05,,http://www.hortablanch.com/,,https://www.instagram.com/horta_blanch/,https://www.google.com/maps/search/?api=1&query=Horta%20Blanch%2C%20Carrer%20Moss%C3%A8n%20Miquel%20Amor%C3%B3s%2C%201%2C%2043893%20Altafulla%2C%20Tarragona&query_place_id=ChIJBVT-bHDwoxIRx-DjShYCkLM,41.141578,1.374805,/productores/tarragona/horta-blanch-altafulla.webp,pendiente,sí
moli-doli-mas-montseny-el-morell,Molí d'oli Mas Montseny,El Morell,Aceite,Aceite de oliva virgen extra,"Carretera Reus, km 5,5, 43760 El Morell, Tarragona","Molino de aceite de El Morell dedicado al aceite de oliva virgen extra, incorporado como productor oleícola de Tarragona.",Consultar web,680 66 22 15,,http://www.masmontseny.com/,,https://www.instagram.com/masmontseny/,https://www.google.com/maps/search/?api=1&query=Mol%C3%AD%20d'oli%20MAS%20MONTSENY%2C%20Carretera%20Reus%2C%20km%205%2C5%2C%2043760%20El%20Morell%2C%20Tarragona&query_place_id=ChIJsUyB7mRWoRIRoglXnqMvVck,41.1808335,1.1812638,/productores/tarragona/moli-doli-mas-montseny-el-morell.webp,pendiente,sí
arrossaires-del-delta-de-lebre-deltebre,Arrossaires del Delta de l'Ebre,Deltebre,Arroz,Arroz DOP Delta de l’Ebre y licor de arroz,"Ctra. de Camarles a Deltebre, km 6,5, 43580 Deltebre, Tarragona","Cooperativa arrocera inscrita en la DOP Arròs del Delta de l’Ebre, productora y elaboradora de arroz local del Delta.",Consultar web,977 48 77 77,info@arrossaires.com,http://www.arrossaires.com/,,https://www.instagram.com/agrobotigaarrossaires/,https://www.google.com/maps/search/?api=1&query=Arrossaires%20del%20Delta%20de%20l'Ebre%20SCCL%20Coop%2C%20Ctra.%20de%20Camarles%20a%20Deltebre%2C%20km%206%2C5%2C%2043580%20Deltebre%2C%20Tarragona&query_place_id=ChIJM7Ofk-QFoRIRBCs18mRwIxE,40.7349929,0.7039642,/productores/tarragona/arrossaires-del-delta-de-lebre-deltebre.webp,pendiente,no comprobado
cambra-arrossera-del-montsia-amposta,Cámara Arrocera del Montsià,Amposta,Arroz,Arroz DOP Delta de l’Ebre,"Carrer Salvador Dalí, 27-29, 43870 Amposta, Tarragona","Cooperativa agrícola de Amposta dedicada a cultivar, elaborar y comercializar arroz DOP del Delta de l’Ebre.",Consultar web,977 70 10 20,lacamara@lacamara.es,https://lacamara.es/,,,https://www.google.com/maps/search/?api=1&query=C%C3%A1mara%20Arrocera%20del%20Montsi%C3%A0%2C%20SCCL%2C%20Carrer%20Salvador%20Dal%C3%AD%2C%2027-29%2C%2043870%20Amposta%2C%20Tarragona&query_place_id=ChIJKRPsIW_-oBIRNy_pdlsqv1Q,40.6997099,0.5768473,/productores/tarragona/cambra-arrossera-del-montsia-amposta.webp,pendiente,no comprobado
lo-nostre-arros-amposta,Lo Nostre Arròs,Amposta,Arroz,"Arroz Bomba, Carnaroli, Marisma y harina de arroz","El Camí de Panissos, s/n, 43870 Amposta, Tarragona","Empresa familiar de Amposta que cultiva, elabora, envasa y comercializa su propio arroz del Parque Natural del Delta de l’Ebre.",Consultar web,977 70 00 35 / 654 18 20 72,lonostrearros@lonostrearros.com,http://lonostrearros.cat/,,https://www.instagram.com/lonostrearros/,https://www.google.com/maps/search/?api=1&query=Lo%20Nostre%20Arr%C3%B2s%2C%20El%20Cam%C3%AD%20de%20Panissos%2C%20s%2Fn%2C%2043870%20Amposta%2C%20Tarragona&query_place_id=ChIJX3OjxXL-oBIRu7thViaUnP0,40.6931656,0.622372,/productores/tarragona/lo-nostre-arros-amposta.webp,pendiente,sí
moli-de-rafelet-deltebre,Molí de Rafelet,Deltebre,Arroz,"Arroz artesanal del Delta, Bomba, Marisma y ecológico","Carrer Sant Roc, 8, 43580 Deltebre, Tarragona","Molino artesanal de arroz de Deltebre, con elaboración y envasado tradicional de arroz típico del Delta de l’Ebre.",Consultar web,977 48 26 42 / 621 33 43 82,info@moliderafelet.com,https://moliderafelet.com/es/,,https://www.instagram.com/molirafelet/,https://www.google.com/maps/search/?api=1&query=Mol%C3%AD%20de%20Rafelet%20-%20Arrossos%20artesanals%2C%20Carrer%20Sant%20Roc%2C%208%2C%2043580%20Deltebre%2C%20Tarragona&query_place_id=ChIJfab_6eMFoRIRYj14v5iDIiw,40.7173641,0.7399668,/productores/tarragona/moli-de-rafelet-deltebre.webp,pendiente,sí
riet-vell-amposta,Riet Vell,Amposta,Arroz ecológico,Arroz ecológico del Delta de l’Ebre,"Carretera Amposta - Eucaliptus, km 18,5, 43870 Amposta, Tarragona",Proyecto de SEO/BirdLife dedicado a la producción y comercialización de arroz ecológico en una finca del Delta de l’Ebre.,Consultar web,976 25 48 18 / 678 54 62 29,info@rietvell.com,https://www.rietvell.com/,,https://www.instagram.com/rietvell/,https://www.google.com/maps/search/?api=1&query=Reserva%20Natural%20Riet%20Vell%20-%20Centre%20de%20Visitants%2C%20Carretera%20Amposta%20-%20Eucaliptus%2C%20km%2018%2C5%2C%2043870%20Amposta%2C%20Tarragona&query_place_id=ChIJWyW4UkIIoRIR31H1t9ndRZY,40.6593182,0.7746579,/productores/tarragona/riet-vell-amposta.webp,pendiente,sí
fepromodel-deltebre,FEPROMODEL,Deltebre,Pescado y marisco,"Mejillones, ostras y almejas del Delta de l’Ebre","Avinguda Germans Carsi, 46 baixos, 43580 Deltebre, Tarragona","Federación de productores de moluscos del Delta de l’Ebre, centrada en marisco cultivado en las bahías del Fangar y dels Alfacs.",Consultar web,977 480 466 / 628 273 699,gerardo@fepromodel.com,https://www.fepromodel.com/,,,https://www.google.com/maps/search/?api=1&query=Fepromodel%2C%20Avinguda%20Germans%20Carsi%2C%2046%2C%2043580%20Deltebre%2C%20Tarragona&query_place_id=ChIJ9ynrPeEFoRIRugp_CgJbIPY,40.7226025,0.7006179,/productores/tarragona/fepromodel-deltebre.webp,pendiente,sí
explotacions-marines-fangar-la-rapita,Explotacions Marines Fangar,La Ràpita,Pescado y marisco,Ostras y mejillones del Delta de l’Ebre,"Carrer d'Alemanya, 3, Pol. Ind. El Rajolar, 43540 La Ràpita, Tarragona","Empresa familiar de cultivo artesanal de ostras y mejillones en las bahías del Delta de l’Ebre, con producción propia y depuración en La Ràpita.",Consultar web,977 744 230 / 639 331 630,administracio@fangar.cat,https://mariscosfangar.com/,,,https://www.google.com/maps/search/?api=1&query=Fangar%20Explotacions%20Marines%2C%20Carrer%20d'Alemanya%2C%203%2C%2043540%20La%20R%C3%A0pita%2C%20Tarragona&query_place_id=ChIJh0fJZNwFoRIRAK50iePAZ3g,40.63662,0.59497,/productores/tarragona/explotacions-marines-fangar-la-rapita.webp,pendiente,no comprobado
granja-luisiana-deltebre,Granja Luisiana,Deltebre,Aves y arroz,"Pato, pollo y arroz","Ctra. Riumar T-340, km 13, 43580 Deltebre, Tarragona","Granja familiar de Deltebre que cría, transforma y distribuye sus propios productos de aves de corral y también arroz.",Consultar web,977 480 889,info@granjaluisiana.com,http://granjaluisiana.com/,,https://www.instagram.com/granjaluisiana/,https://www.google.com/maps/search/?api=1&query=Granja%20Luisiana%2C%20T-340%2C%20km%2013%2C%2043580%20Deltebre%2C%20Tarragona&query_place_id=ChIJdZtNQxkMoRIRn2B481iM1BY,40.7056475,0.7653462,/productores/tarragona/granja-luisiana-deltebre.webp,pendiente,sí
sal-flor-del-delta-infosa-la-rapita,Sal Flor del Delta - Infosa,La Ràpita,Sal,Sal marina y flor de sal del Delta,"Salines de la Trinitat, 43548 La Ràpita, Tarragona","Productor salinero de las Salines de la Trinitat, en la Punta de la Banya, con gama de sal marina y Flor del Delta.",Consultar web,977 261 211 / 935 884 404,info@infosa.com,http://www.infosa.com/,,https://www.instagram.com/volemlasaldeldelta/,https://www.google.com/maps/search/?api=1&query=Salinas%20de%20la%20Trinidad%20(Infosa)%2C%20Salines%20de%20la%20Trinitat%2C%2043548%20La%20R%C3%A0pita%2C%20Tarragona&query_place_id=ChIJCy3OynKpoRIREYLzSS5-Hf4,40.5884162,0.6916793,/productores/tarragona/sal-flor-del-delta-infosa-la-rapita.webp,pendiente,no comprobado
mel-muria-el-perello,Mel Muria,El Perelló,Miel,"Miel, polen, própolis y jalea real","Avinguda Catalunya, 23, 43519 El Perelló, Tarragona","Empresa apícola histórica de El Perelló dedicada a la producción, envasado y comercialización de miel y productos de la colmena.",Consultar web,977 49 00 34,marketing@mielmuria.com,http://www.mielmuria.com/,,https://www.instagram.com/mielmuria/,https://www.google.com/maps/search/?api=1&query=Miel%20Muria%2C%20Avinguda%20Catalunya%2C%2023%2C%2043519%20El%20Perell%C3%B3%2C%20Tarragona&query_place_id=ChIJD8vZltQboRIRWjGM8zg8IfQ,40.871214,0.7139011,/productores/tarragona/mel-muria-el-perello.webp,pendiente,sí
mel-del-perello-lavi-lluis-el-perello,Mel del Perelló - L'Avi Lluís,El Perelló,Miel,"Miel cruda, miel de romero y miel de azahar","Polígon Industrial Pla de Solans, 1-D, 43519 El Perelló, Tarragona","Proyecto familiar de apicultura de El Perelló con colmenas propias y miel de cosecha propia, natural y de proximidad.",Consultar web,977 49 06 89 / 630 85 43 22,avilluis@meldelperello.com,https://www.meldelperello.com/,,https://www.instagram.com/avilluis_meldelperello/,https://www.google.com/maps/search/?api=1&query=Mel%20del%20Perell%C3%B3%20-%20L'Avi%20Llu%C3%ADs%2C%20Pol%C3%ADgon%20Industrial%20Pla%20de%20Solans%2C%201-D%2C%2043519%20El%20Perell%C3%B3%2C%20Tarragona&query_place_id=ChIJ0Vk_aLMeoRIRHxdXvZaft1g,40.8810475,0.7173314,/productores/tarragona/mel-del-perello-lavi-lluis-el-perello.webp,pendiente,sí
colome-mulet-olis-campredo,Colomé Mulet Olis,Campredó,Aceite,Aceite de oliva virgen extra y ecológico,"Camí Raval del Pom, 217, 43897 Campredó, Tarragona","Almazara familiar de Campredó dedicada a la producción y venta de aceite de oliva virgen, virgen extra y ecológico.",Consultar web,977 597 167,info@colomemuletolis.com,https://colomemuletolis.com/,,https://www.instagram.com/colomemulet_sl/,https://www.google.com/maps/search/?api=1&query=Colom%C3%A9%20Mulet%20S.L.%2C%20Cam%C3%AD%20Raval%20del%20Pom%2C%20217%2C%2043897%20Campred%C3%B3%2C%20Tarragona&query_place_id=ChIJFde-RQf9oBIRse-Wqpn9o4U,40.7566389,0.5684958,/productores/tarragona/colome-mulet-olis-campredo.webp,pendiente,sí
acuicultura-del-delta-lametlla-de-mar,Acuicultura del Delta,L'Ametlla de Mar,Pescado y acuicultura,Dorada y lubina,"Moll de Ponent, s/n, nau 3, 43860 L'Ametlla de Mar, Tarragona",Piscifactoría de L’Ametlla de Mar dedicada a la cría y comercialización sostenible de dorada y lubina.,Consultar web,678 859 405 / 877 440 152,info@acuidelta.com,https://acuidelta.com/,,,https://www.google.com/maps/search/?api=1&query=ACUIDELTA%2C%20S.L.%2C%20Moll%20de%20Ponent%2C%20s%2Fn%2C%20nau%203%2C%2043860%20L'Ametlla%20de%20Mar%2C%20Tarragona&query_place_id=ChIJZ1D-WOgXoRIR3xHmNmv09vM,40.8798289,0.8008615,/productores/tarragona/acuicultura-del-delta-lametlla-de-mar.webp,pendiente,no comprobado
oli-cocons-amposta,Oli Cocons,Amposta,Aceite,Aceite de oliva virgen extra arbequina,"Carrer Saragossa, 22, 43870 Amposta, Tarragona",Productor local de aceite de oliva virgen extra arbequina de producción limitada en las Terres de l’Ebre.,Consultar web,678 562 243,,,,,https://www.google.com/maps/search/?api=1&query=Oli%20Cocons%2C%20Carrer%20Saragossa%2C%2022%2C%2043870%20Amposta%2C%20Tarragona&query_place_id=ChIJ-26ay3b-oBIRhy55TrGT5Kg,40.7095774,0.5763668,,pendiente,no comprobado
verdures-ecologiques-joan-castella-amposta,Verdures Ecològiques Joan Castellà,Amposta,Fruta y verdura,"Verduras ecológicas, espárragos, aceitunas y naranjas","Carrer Saragossa, 89, 43870 Amposta, Tarragona",Productor de verduras ecológicas de Amposta con producción certificada y venta directa de hortalizas y otros productos agrícolas.,Consultar web,977 702 915,verduresecologiques@joancastella.net,http://www.joancastella.net/,,,https://www.google.com/maps/search/?api=1&query=Juan%20Castell%C3%A1%20Grau%2C%20Carrer%20Saragossa%2C%2089%2C%2043870%20Amposta%2C%20Tarragona&query_place_id=ChIJCyYLunH-oBIR_8W0STJzmhI,40.7058781,0.5761533,/productores/tarragona/verdures-ecologiques-joan-castella-amposta.webp,pendiente,no comprobado
cooperativa-agricola-de-cambrils-cambrils,Cooperativa Agrícola de Cambrils - Aceites Mestral,Cambrils,Aceite,"Aceite de oliva virgen extra Mestral, Aragem y Masos","Ctra. Cambrils - Montbrió, km 2, 43850 Cambrils, Tarragona",Cooperativa agrícola de Cambrils dedicada a la elaboración y venta directa de aceite de oliva virgen extra de proximidad.,Consultar web,977 369 511,mestral@coopcambrils.com,https://www.mestralcambrils.com/,,https://www.instagram.com/olimestral/,https://www.google.com/maps/search/?api=1&query=Cooperativa%20Agr%C3%ADcola%20de%20Cambrils%20-%20Aceites%20Mestral%2C%20Ctra.%20Cambrils%20-%20Montbri%C3%B3%2C%20km%202%2C%2043850%20Cambrils%2C%20Tarragona&query_place_id=ChIJpbNc6BlFoRIRtofmF7Qp15g,41.084381,1.036008,/productores/tarragona/cooperativa-agricola-de-cambrils-cambrils.webp,pendiente,sí
confraria-de-pescadors-de-cambrils-cambrils,Confraria de Pescadors de Cambrils,Cambrils,Pescado y marisco,Pescado fresco de la lonja de Cambrils,"Moll de Ponent, s/n, 43850 Cambrils, Tarragona",Cofradía pesquera histórica de Cambrils vinculada a la actividad marinera local y al pescado fresco capturado por sus barcas.,Consultar web,977 360 052,confraria.cambrils@gmail.com,,,,https://www.google.com/maps/search/?api=1&query=Confraria%20de%20Pescadors%20de%20Cambrils%2C%20Moll%20de%20Ponent%2C%20s%2Fn%2C%2043850%20Cambrils%2C%20Tarragona&query_place_id=ChIJ35jPjldboRIRpobkL3wKl7s,41.0632049,1.0591936,,pendiente,no comprobado
vermut-miro-reus,Vermut Miró,Reus,Vermut y vinos de licor,Vermut de Reus,"Carrer d'Adrià Gual, 10, 43206 Reus, Tarragona","Productor histórico de vermut de Reus, fundado en 1914 y dedicado a vermuts y vinos de licor elaborados con método tradicional.",Consultar web,977 312 958,,https://vermutmiro.com/,,https://www.instagram.com/vermutsmiro/,https://www.google.com/maps/search/?api=1&query=Vermut%20Mir%C3%B3%2C%20Carrer%20d'Adri%C3%A0%20Gual%2C%2010%2C%2043206%20Reus%2C%20Tarragona&query_place_id=ChIJgap6DspRoRIRodg3TsDoOe4,41.1597634,1.0779412,/productores/tarragona/vermut-miro-reus.webp,pendiente,sí
de-muller-reus,De Muller,Reus,Bodega,"Vinos, vermut y vinos de licor","Camí del Mas de Valls, 1, 43206 Reus, Tarragona","Bodega de Reus fundada en 1851, productora de vinos, vermut y vinos de licor con elaboración en el entorno del Mas de Valls.",Consultar web,977 757 473,nacional@demuller.es,https://www.demuller.es/,,,https://www.google.com/maps/search/?api=1&query=De%20Muller%2C%20Cam%C3%AD%20del%20Mas%20de%20Valls%2C%201%2C%2043206%20Reus%2C%20Tarragona&query_place_id=ChIJaw-Em_pQoRIR055Vc5L6cHU,41.1290524,1.111326,/productores/tarragona/de-muller-reus.webp,pendiente,sí
vermut-yzaguirre-el-morell,Vermut Yzaguirre,El Morell,Vermut,"Vermut clásico, reserva y crianza","Carretera de Reus, km 7,8, 43760 El Morell, Tarragona","Bodega de El Morell dedicada a la producción de vermut, una de las casas históricas asociadas al vermut de Reus.",Consultar web,977 840 655,,https://vermutyzaguirre.com/,,https://www.instagram.com/yzaguirre_experience/,https://www.google.com/maps/search/?api=1&query=Enoturismo%20-%20Tienda%20Bodegas%20Yzaguirre%2C%20Carretera%20de%20Reus%2C%20km%207%2C8%2C%2043760%20El%20Morell%2C%20Tarragona&query_place_id=ChIJzR9RVghWoRIRd_rL_nWGhyU,41.1924966,1.199965,/productores/tarragona/vermut-yzaguirre-el-morell.webp,pendiente,sí
unio-nuts-reus,Unió Nuts,Reus,Frutos secos,"Avellanas DOP Reus, almendras y algarrobas","Carrer de Joan Oliver, 16-24, 43206 Reus, Tarragona","Cooperativa de frutos secos de Reus especializada en avellana, almendra y algarroba, con producto amparado por DOP Avellana de Reus.",Consultar web,977 330 055,unio@unio.coop,http://unio-nuts.coop/,,,https://www.google.com/maps/search/?api=1&query=Uni%C3%B3%20Nuts%2C%20Carrer%20de%20Joan%20Oliver%2C%2016-24%2C%2043206%20Reus%2C%20Tarragona&query_place_id=ChIJeca_N8lRoRIRN7g-udER1tg,41.1616045,1.0735861,/productores/tarragona/unio-nuts-reus.webp,pendiente,no comprobado
fruitacasa-reus,Fruitacasa,Reus,Fruta y verdura,Frutas y verduras de temporada,"Avinguda de Bellissens, 41 A, 43204 Reus, Tarragona","Productor de Reus con finca y agrobotiga propia, dedicado a frutas y verduras de temporada y reparto en Baix Camp y Tarragonès.",Consultar web,629 623 078 / 678 666 369,amiquel@fruitacasa.com,https://fruitacasa.cat/,,,https://www.google.com/maps/search/?api=1&query=FRUITACASA%2C%20Avinguda%20de%20Bellissens%2C%2041%20A%2C%2043204%20Reus%2C%20Tarragona&query_place_id=ChIJkzW2RSlRoRIRN1mJZNWCLRg,41.1389952,1.1317006,/productores/tarragona/fruitacasa-reus.webp,pendiente,sí
cooperativa-agricola-de-riudecanyes-riudecanyes,Cooperativa Agrícola de Riudecanyes,Riudecanyes,Aceite,Aceite de oliva virgen extra DOP Siurana,"Carrer del Dilluns, 70, 43771 Riudecanyes, Tarragona",Cooperativa oleícola del Baix Camp dedicada al aceite de oliva virgen extra arbequina con Denominación de Origen Protegida Siurana.,Consultar web,977 834 011,info@cooperativariudecanyes.com,https://www.escornalbougourmet.com/,,https://www.instagram.com/aove_escornalbou_gourmet/,https://www.google.com/maps/search/?api=1&query=Cooperativa%20Agr%C3%ADcola%20de%20Riudecanyes%2C%20Carrer%20del%20Dilluns%2C%2070%2C%2043771%20Riudecanyes%2C%20Tarragona&query_place_id=ChIJ4Ygk9b1IoRIR2P6vvBOcUW0,41.1298677,0.9630725,/productores/tarragona/cooperativa-agricola-de-riudecanyes-riudecanyes.webp,pendiente,sí
celler-mas-den-baiget-lalbiol,Celler Mas d'en Baiget,L'Albiol,Bodega,Vinos DO Tarragona,"L'Albiol, 43479, Tarragona","Celler del Baix Camp dedicado a vinos de la DO Tarragona, incorporado desde listados de productores agroalimentarios del Camp de Tarragona.",Consultar web,670 207 279 / 628 853 623,joanmaria.vilalta@gmail.com,,,,https://www.google.com/maps/search/?api=1&query=Celler%20Mas%20d'en%20Baiget%2C%20L'Albiol%2C%2043479%2C%20Tarragona&query_place_id=ChIJAwsKdQZToRIRLzWapzz5ubE,41.240141,1.0931876,,pendiente,no comprobado
mel-flavia-les-borges-del-camp,Mel Flavià,Les Borges del Camp,Miel,"Miel, polen, panales y própolis","Plaça de l'Església, 3, 43350 Les Borges del Camp, Tarragona",Productor apícola de Les Borges del Camp con extracción artesana de miel y elaboración de productos derivados de la colmena.,Consultar web,639 913 642,melpepflavia@gmail.com,http://www.melflavia.cat/,,https://www.instagram.com/mel_flavia/,https://www.google.com/maps/search/?api=1&query=Mel%20Flavi%C3%A0%2C%20Pla%C3%A7a%20de%20l'Esgl%C3%A9sia%2C%203%2C%2043350%20Les%20Borges%20del%20Camp%2C%20Tarragona&query_place_id=ChIJW1XYgwBPoRIR5fwRSL8xtHI,41.1720961,1.0195652,/productores/tarragona/mel-flavia-les-borges-del-camp.webp,pendiente,sí
oli-tastam-mont-roig-del-camp,Oli Tasta'm,Mont-roig del Camp,Aceite,Aceite de oliva,"Carrer de la Indústria, 32, 43300 Mont-roig del Camp, Tarragona","Productor local de aceite de oliva del Baix Camp, incorporado desde listados agroalimentarios del Camp de Tarragona y Google Maps.",Consultar web,626 751 705,olitastam@gmail.com,,https://www.facebook.com/olitastam,,https://www.google.com/maps/search/?api=1&query=Oli%20Tasta'm%2C%20Carrer%20de%20la%20Ind%C3%BAstria%2C%2032%2C%2043300%20Mont-roig%20del%20Camp%2C%20Tarragona&query_place_id=ChIJq4weQ11GoRIR-aKlzsZ2UoM,41.0846786,0.9623403,,pendiente,no comprobado
hortavella-mont-roig-del-camp,Hortavella,Mont-roig del Camp,Fruta y verdura,Verdura de temporada,"Carretera T-310, km 13.3, Vilanova d'Escornalbou, 43300 Mont-roig del Camp, Tarragona","Productor de verdura de temporada del Baix Camp, localizado en el entorno de Mont-roig del Camp y Vilanova d’Escornalbou.",Consultar web,670 391 071,hortavella95@gmail.com,,,,https://www.google.com/maps/search/?api=1&query=Hortavella%2C%20Carretera%20T-310%2C%20km%2013.3%2C%20Vilanova%20d'Escornalbou%2C%2043300%20Mont-roig%20del%20Camp%2C%20Tarragona&query_place_id=ChIJkacASwxGoRIRyi7fRo11Kg4,41.0992216,0.9753627,,pendiente,no comprobado
agricola-de-vila-seca-vila-seca,Agrícola de Vila-seca,Vila-seca,Aceite,Aceite de oliva virgen extra Escomes DOP Siurana,"Carrer del Mas de l'Abat, 125, 43480 Vila-seca, Tarragona","Cooperativa agrícola de Vila-seca fundada en 1901, elaboradora de aceite de oliva virgen extra arbequina con DOP Siurana.",Consultar web,977 390 274,info@cooperativavilaseca.com,http://www.cooperativavilaseca.com/,,https://www.instagram.com/cooperativaagricolavilaseca/,https://www.google.com/maps/search/?api=1&query=Agr%C3%ADcola%20de%20Vila-seca%2C%20S.C.C.L.%2C%20Carrer%20del%20Mas%20de%20l'Abat%2C%20125%2C%2043480%20Vila-seca%2C%20Tarragona&query_place_id=ChIJ7YD1tfxZoRIRdvMgpsehg8U,41.1155727,1.1485698,/productores/tarragona/agricola-de-vila-seca-vila-seca.webp,pendiente,no comprobado
vinyes-del-terrer-vila-seca,Vinyes del Terrer,Vila-seca,Bodega,Vinos de finca junto al Mediterráneo,"Camí del Terrer, s/n, 43480 Vila-seca, Tarragona","Bodega de Vila-seca con viñedos propios en suelo de lumaquela, dedicada a vinos de finca del entorno mediterráneo del Tarragonès.",Consultar web,696 477 583,eduard@vinyesdelterrer.com,http://www.vinyesdelterrer.com/,,https://www.instagram.com/vinyesdelterrer/,https://www.google.com/maps/search/?api=1&query=Vinyes%20del%20Terrer%2C%20Cam%C3%AD%20del%20Terrer%2C%20s%2Fn%2C%2043480%20Vila-seca%2C%20Tarragona&query_place_id=ChIJu9GuFe1ZoRIRlJ9lipo-QHE,41.094837,1.147509,/productores/tarragona/vinyes-del-terrer-vila-seca.webp,pendiente,no comprobado
especies-a-ma-tarragona,Espècies a Mà,Tarragona,Especias,"Condimentos artesanos con sal marina mediterránea, plantas, frutos y semillas","Passeig Parcel·les Roda, 43007 Tarragona","Productor local del municipio de Tarragona incorporado desde Gastroteca y fuentes públicas, verificado con Google Maps. Especialidad: condimentos artesanos con sal marina mediterránea, plantas, frutos y semillas.",dilluns: 9:00–20:00 | dimarts: 9:00–20:00 | dimecres: 9:00–20:00 | dijous: 9:00–20:00 | divendres: 9:00–20:00 | dissabte: 9:00–20:00 | diumenge: 9:00–20:00,655 39 45 36,bosc@especiesama.com,https://especiesama.com/,https://www.facebook.com/especiesama/,https://www.instagram.com/especiesama.druidatgn/,https://www.google.com/maps/search/?api=1&query=Esp%C3%A8cies%20a%20M%C3%A0%2C%20Passeig%20Parcel%C2%B7les%20Roda%2C%2043007%20Tarragona&query_place_id=ChIJsT8_9PL9oxIRe5keBkwUnUc,41.125971,1.2409446,/productores/tarragona/especies-a-ma-tarragona.webp,pendiente,sí
la-botiga-del-cafe-tarragona,La Botiga del Cafè,Tarragona,Café,"Café tostado semanalmente, frutos secos, tés e infusiones","Carrer de l'Estany, 43001 Tarragona","Tostador local de café de Tarragona incorporado desde Gastroteca y web oficial, verificado con Google Maps. Especialidad: café tostado semanalmente, frutos secos, tés e infusiones.",dilluns: 8:00–20:00 | dimarts: 8:00–20:00 | dimecres: 8:00–20:00 | dijous: 8:00–20:00 | divendres: 8:00–20:00 | dissabte: 10:00–13:30 | diumenge: Tancat,977 54 16 00,info@labotigadelcafe.com,https://labotigadelcafe.cat/,https://www.facebook.com/laBotigadelCafe/,https://www.instagram.com/laBotigadelCafe/,https://www.google.com/maps/search/?api=1&query=La%20Botiga%20Del%20Caf%C3%A8%2C%20Carrer%20de%20l'Estany%2C%2043001%20Tarragona&query_place_id=ChIJZVVglW_9oxIRHoHjOTWORSo,41.1424275,1.2229306,/productores/tarragona/la-botiga-del-cafe-tarragona.webp,pendiente,sí
dalmau-hermanos-y-cia-tarragona,Dalmau Hermanos y Cía,Tarragona,Bodega,"Vinos DO Tarragona, DO Catalunya, vinos de licor y mistelas","POLIGON INDUSTRIAL FRANCOLÍ, PARCEL·LA 26 nau 11, 43006 Tarragona","Bodega histórica del municipio de Tarragona incorporada desde directorios sectoriales y web oficial, verificada con Google Maps. Especialidad: vinos do tarragona, do catalunya, vinos de licor y mistelas.",dilluns: 7:00–15:00 | dimarts: 7:00–15:00 | dimecres: 7:00–15:00 | dijous: 7:00–15:00 | divendres: 7:00–15:00 | dissabte: Tancat | diumenge: Tancat,977 54 21 00,info@dalmau-hnos.com,https://dalmau-hnos.com/,,,https://www.google.com/maps/search/?api=1&query=Dalmau%20Hermanos%20Y%20C%C3%ADa%20Suc%20SA%2C%20POLIGON%20INDUSTRIAL%20FRANCOL%C3%8D%2C%20PARCEL%C2%B7LA%2026%20nau%2011%2C%2043006%20Tarragona&query_place_id=ChIJgQi8ouH9oxIRfhSDLPT0e3U,41.1112909,1.2294973,/productores/tarragona/dalmau-hermanos-y-cia-tarragona.webp,pendiente,no comprobado
twins-craft-beer-tarragona,Twins Craft Beer,Tarragona,Cerveza artesana,Cerveza artesana de marca propia,"Carrer Méndez Núñez, 21, 43004 Tarragona",Marca y cervecería artesana de Tarragona incorporada desde fuentes públicas de cerveza artesana y verificada con Google Maps. Especialidad: cerveza artesana de marca propia.,"dilluns: 18:30–23:30 | dimarts: 18:30–23:30 | dimecres: 18:30–23:30 | dijous: 18:30–23:30 | divendres: 18:30–1:00 | dissabte: 12:00–16:00, 18:30–1:00 | diumenge: 12:00–16:00, 18:30–23:00",613 39 96 54,,http://www.twinscraftbeer.webnode.page/,https://www.facebook.com/twinscerveseriaartesana/,https://www.instagram.com/twins_craft_beer/,https://www.google.com/maps/search/?api=1&query=Twins%20craft%20beer%2C%20Carrer%20M%C3%A9ndez%20N%C3%BA%C3%B1ez%2C%2021%2C%2043004%20Tarragona&query_place_id=ChIJ_WTacKn9oxIR1wnl1xZfZs0,41.1142544,1.2523562,/productores/tarragona/twins-craft-beer-tarragona.webp,pendiente,no comprobado
lanjub-vinebre,Cervesa L'Anjub,Vinebre,Cerveza artesana,"Cerveza artesana natural, sin filtrar ni pasteurizar","Carrer de la Carrerada, s/n, 43792 Vinebre, Tarragona","Microcervecería artesana de Vinebre fundada en 2009 que elabora cervezas 100% naturales, respetando los métodos tradicionales y de proximidad.",Consultar web,655 423 689,lanjub@lanjub.com,https://www.lanjub.com,,https://www.instagram.com/lanjubcervesa/,https://www.google.com/maps/search/?api=1&query=Cervesa%20L'Anjub%2C%20Carrer%20de%20la%20Carrerada%20s%2Fn%2C%2043792%20Vinebre%2C%20Tarragona,41.18485,0.58816,/productores/tarragona/lanjub-vinebre.webp,pendiente,sí
les-clandestines-montferri,Les Clandestines,Montferri,Cerveza artesana,Cerveza artesana de alta fermentación y variedades locales,"Carrer Major, 26, 43812 Montferri, Tarragona","Proyecto pionero de cerveza artesana en el Alt Camp, de alta fermentación y con ingredientes naturales, en el núcleo de Montferri.",Consultar web,977 62 07 01,cervesa@lesclandestines.net,https://lesclandestines.cat,,https://www.instagram.com/lesclandestines/,https://www.google.com/maps/search/?api=1&query=Les%20Clandestines%2C%20Carrer%20Major%2C%2026%2C%2043812%20Montferri%2C%20Tarragona,41.2656,1.3658,/productores/tarragona/les-clandestines-montferri.webp,pendiente,sí
cervesa-rosita-alcover,Cervesa Rosita,Alcover,Cerveza artesana,"Cerveza Rosita Original, Rosita d'Ivori y especialidades","Carrer Xaloc, 6, Polígono Industrial Les Roques Roges, 43460 Alcover, Tarragona","Prestigioso obrador de cerveza artesana en Alcover elaborado por Cerveses La Gardenia, reconocido por su cerveza artesana premium de sabor suave y aroma floral.",Consultar web,877 00 10 26,beu@rosita.cat,https://www.cervezarosita.com,,,https://www.google.com/maps/search/?api=1&query=Cervesa%20Rosita%2C%20Carrer%20Xaloc%2C%206%2C%20Pol%C3%ADgono%20Industrial%20Les%20Roques%20Roges%2C%2043460%20Alcover%2C%20Tarragona,41.261,1.171,,pendiente,no comprobado
formatges-sant-gil-dalbio-llorac,Formatges Sant Gil d'Albió,Llorac,Lácteos y quesos,"Queso de cabra, quesos madurados y mató","Carrer Major, 29, 43427 Albió (Llorac), Tarragona","Elaboración artesanal de quesos de cabra madurados de alta calidad con leche de su propio rebaño, en el núcleo rural de Albió.",Consultar web,977 88 14 21,info@santgilalbio.com,http://www.santgilalbio.com/,https://www.facebook.com/formatgessantgil,https://www.instagram.com/formatgessantgil/,https://www.google.com/maps/search/?api=1&query=Formatges%20Sant%20Gil%20d'Albi%C3%B3%2C%20Carrer%20Major%2C%2029%2C%2043427%20Albi%C3%B3%2C%20Llorac%2C%20Tarragona,41.5650931,1.2706415,/productores/tarragona/formatges-sant-gil-dalbio-llorac.webp,pendiente,sí
lactics-casa-portella-vandellos-i-lhospitalet-de-linfant,Làctics Casa Portella,Vandellòs i l'Hospitalet de l'Infant,Lácteos y quesos,"Quesos de leche cruda de cabra Florida, yogur y flanes","Polígon Industrial Les Tàpies, Carrer Rivera Sans, 5, Nau 6, 43890 L'Hospitalet de l'Infant, Tarragona","Pequeño productor de quesos artesanos de leche cruda de cabra Florida, enfocados en la calidad y el respeto por el proceso artesanal tradicional.",Consultar web,665 38 50 39,lacticscasaportella@gmail.com,https://www.lacticscasaportella.com/,https://www.facebook.com/lacticsportella,https://www.instagram.com/lacticsportella/,https://www.google.com/maps/search/?api=1&query=L%C3%A1ctics%20Casa%20Portella%2C%20Pol%C3%ADgon%20Industrial%20Les%20T%C3%A0pies%2C%20Carrer%20Rivera%20Sans%2C%205%2C%20Nau%206%2C%2043890%20L'Hospitalet%20de%20l'Infant%2C%20Tarragona,41.0103713,0.9089786,/productores/tarragona/lactics-casa-portella-vandellos-i-lhospitalet-de-linfant.webp,pendiente,sí
formatges-serra-del-tormo-la-torre-de-lespanyol,Formatges Serra del Tormo,La Torre de l'Espanyol,Lácteos y quesos,"Queso serrat de oveja, quesos de pasta blanda, mató y yogur","Carrer de Bonavista, 3, 43792 La Torre de l'Espanyol, Tarragona","Quesería artesana familiar que elabora quesos de leche de oveja procedentes de su propio rebaño, con más de 30 años de experiencia.",Consultar web,977 40 40 44,info@serradeltormo.cat,https://serradeltormo.cat/,,,https://www.google.com/maps/search/?api=1&query=Formatges%20Serra%20del%20Tormo%2C%20Carrer%20de%20Bonavista%2C%203%2C%2043792%20La%20Torre%20de%20l'Espanyol%2C%20Tarragona,41.191636,0.626002,,pendiente,no comprobado
formatgeria-laura-rasquera,Formatgeria Laura,Rasquera,Lácteos y quesos,"Queso de cabra, quesos tiernos y curados Mas de les Codines","Carrer Nou del Solà, 18, 43513 Rasquera, Tarragona","Obrador artesano de quesos de cabra elaborados bajo la marca Mas de les Codines, conservando los métodos tradicionales y sabores de la Ribera d'Ebre.",Consultar web,977 40 90 67,formatgeria_laura@hotmail.com,http://www.formatgerialaura.com/,,,https://www.google.com/maps/search/?api=1&query=Formatgeria%20Laura%2C%20Carrer%20Nou%20del%20Sol%C3%A0%2C%2018%2C%2043513%20Rasquera%2C%20Tarragona,41.0019,0.5985,,pendiente,no comprobado
formatgeria-marvall-el-vendrell,Formatgeria Marvall,El Vendrell,Lácteos y quesos,"Queso fresco, mató, yogures y quesos curados de cabra, oveja y vaca","Carrer de les Mates, 28-32, Polígon Industrial Les Mates, 43700 El Vendrell, Tarragona","Quesería artesana con ganadería propia que produce gran variedad de quesos y derivados lácteos tradicionales a partir de leche de vaca, cabra y oveja.",Consultar web,977 66 78 69,marvall@marvall.com,http://www.marvall.com/,,,https://www.google.com/maps/search/?api=1&query=Formatgeria%20Marvall%2C%20Carrer%20de%20les%20Mates%2C%2028-32%2C%20Pol%C3%ADgon%20Industrial%20Les%20Mates%2C%2043700%20El%20Vendrell%2C%20Tarragona,41.2291926,1.5480981,/productores/tarragona/formatgeria-marvall-el-vendrell.webp,pendiente,no comprobado
agricola-dulldemolins-ulldemolins,Agrícola d'Ulldemolins,Ulldemolins,Aceite,Aceite La Llena DOP Siurana y vinos DO Montsant,"Avinguda Verge de Montserrat, s/n, 43363 Ulldemolins, Tarragona","Cooperativa histórica de Ulldemolins (1954), pionera en aceite ecológico DOP Siurana bajo la marca La Llena y vinos DO Montsant en la Vall del Silenci.",Consultar web,977 56 16 40,,https://coopulldemolins.com/,,,https://www.google.com/maps/search/?api=1&query=Agr%C3%ADcola%20d%27Ulldemolins%2C%20Avinguda%20Verge%20de%20Montserrat%2C%20s/n%2C%2043363%20Ulldemolins%2C%20Tarragona,41.3226,0.87636,/productores/tarragona/agricola-dulldemolins-ulldemolins.webp,parcial,no comprobado
cooperativa-la-palma-debre-la-palma-debre,Cooperativa Palma d'Ebre,La Palma d'Ebre,Aceite,Aceite Vall Major DOP Siurana arbequina,"Plaça Catalunya, 7, 43373 La Palma d'Ebre, Tarragona","Cooperativa de La Palma d'Ebre productora del aceite de oliva virgen extra Vall Major, amparado por la DOP Siurana, con tienda online propia.",Consultar web,977 81 90 65,info@cooplapalma.cat,https://www.cooplapalma.cat/,,,https://www.google.com/maps/search/?api=1&query=Cooperativa%20Palma%20d%27Ebre%2C%20Pla%C3%A7a%20Catalunya%2C%207%2C%2043373%20La%20Palma%20d%27Ebre%2C%20Tarragona,41.28291,0.66572,/productores/tarragona/cooperativa-la-palma-debre-la-palma-debre.webp,parcial,sí
cooperativa-de-cabaces-cabaces,Cooperativa Agrícola de Cabacés,Cabacés,Aceite,Aceite Baronia de Cabacés DOP Siurana,"43373 Cabacés, Tarragona","Cooperativa fundada en 1933 en Cabacés (Priorat), productora del aceite de oliva virgen extra Baronia de Cabacés con DOP Siurana, con tienda online de aceite propio.",Consultar web,,,https://coopcabaces.coop/,,,https://www.google.com/maps/search/?api=1&query=Cooperativa%20Agr%C3%ADcola%20de%20Cabac%C3%A9s%2C%2043373%20Cabac%C3%A9s%2C%20Tarragona,41.24741,0.73356,/productores/tarragona/cooperativa-de-cabaces-cabaces.webp,parcial,sí
cooperativa-agricola-de-riudoms-riudoms,Cooperativa Agrícola de Riudoms,Riudoms,Aceite,"Aceite Les Passeres DOP Siurana, avellana y almendra","Camí de les Passeres, s/n, 43330 Riudoms, Tarragona","Cooperativa de Riudoms (1956) que elabora aceite de oliva virgen extra arbequina DOP Siurana bajo la marca Les Passeres, junto a avellana, almendra y olivas.",Consultar web,977 85 03 44,cooriu@tinet.org,https://cooperativariudoms.com/,https://www.facebook.com/CooperativaRiudoms/,https://www.instagram.com/cooperativariudoms/,https://www.google.com/maps/search/?api=1&query=Cooperativa%20Agr%C3%ADcola%20de%20Riudoms%2C%20Cam%C3%AD%20de%20les%20Passeres%2C%20s/n%2C%2043330%20Riudoms%2C%20Tarragona,41.13909,1.05197,/productores/tarragona/cooperativa-agricola-de-riudoms-riudoms.webp,parcial,no comprobado
cooperativa-de-montbrio-del-camp-montbrio-del-camp,Cooperativa Agrícola de Montbrió del Camp,Montbrió del Camp,Aceite,"Aceite Montebrione arbequina DOP Siurana, vermut y moscatel","43340 Montbrió del Camp, Tarragona","Cooperativa de Montbrió del Camp (1944) productora del aceite arbequina virgen extra Montebrione (DOP Siurana), moscatel y vermut con tradición milenaria.",Consultar web,977 82 60 39,,https://www.montebrione.cat/,https://www.facebook.com/CooperativaMontbrio/,,https://www.google.com/maps/search/?api=1&query=Cooperativa%20Agr%C3%ADcola%20de%20Montbri%C3%B3%20del%20Camp%2C%2043340%20Montbri%C3%B3%20del%20Camp%2C%20Tarragona,41.12075,1.00349,/productores/tarragona/cooperativa-de-montbrio-del-camp-montbrio-del-camp.webp,parcial,no comprobado
cooperativa-falset-marca-falset,Cooperativa Falset-Marçà,Falset,Bodega,"Vinos Ètim y Cervus, vermut de Falset, DO Montsant","Carrer Miquel Barceló, 31, 43730 Falset, Tarragona","Bodega cooperativa modernista de Falset (1919-1924) diseñada por Cèsar Martinell, productora de vinos Ètim y Cervus de la DO Montsant.",Consultar web,977 83 01 05,visites@etim.cat,https://www.etim.cat/,,,https://www.google.com/maps/search/?api=1&query=Cooperativa%20Falset-Mar%C3%A7%C3%A0%2C%20Carrer%20Miquel%20Barcel%C3%B3%2C%2031%2C%2043730%20Falset%2C%20Tarragona,41.14619,0.82008,/productores/tarragona/cooperativa-falset-marca-falset.webp,parcial,no comprobado
celler-cooperatiu-de-gandesa-gandesa,Celler Cooperatiu de Gandesa,Gandesa,Bodega,"Vinos DO Terra Alta, garnacha blanca","Avinguda Catalunya, 28, 43780 Gandesa, Tarragona","Celler modernista de Gandesa (1920) diseñado por Cèsar Martinell, una de las 'Catedrals del Vi' de Catalunya, especializado en garnacha blanca DO Terra Alta.",Consultar web,977 42 00 17,enoturisme@coopgandesa.com,https://www.coopgandesa.com/,,,https://www.google.com/maps/search/?api=1&query=Celler%20Cooperatiu%20de%20Gandesa%2C%20Avinguda%20Catalunya%2C%2028%2C%2043780%20Gandesa%2C%20Tarragona,41.05207,0.43889,/productores/tarragona/celler-cooperatiu-de-gandesa-gandesa.webp,parcial,no comprobado
celler-batea-batea,Celler Cooperatiu Sant Miquel de Batea,Batea,Bodega,"Vinos, cava, aceite y frutos secos DO Terra Alta","Carrer del Molí, 30, 43786 Batea, Tarragona","Cooperativa de Batea creada a finales de los años 50, principal productora de la DO Terra Alta, con vinos, aceite, almendra y frutos secos.",Consultar web,977 43 00 56,cellerbatea@cellerbatea.com,https://www.cellerbatea.com/,https://www.facebook.com/celler.batea/,,https://www.google.com/maps/search/?api=1&query=Celler%20Cooperatiu%20Sant%20Miquel%20de%20Batea%2C%20Carrer%20del%20Mol%C3%AD%2C%2030%2C%2043786%20Batea%2C%20Tarragona,41.09415,0.31197,,parcial,no comprobado
celler-pinol-batea,Celler Piñol,Batea,Bodega,Vinos ecológicos DO Terra Alta,"Carrer Aragó, 9, 43786 Batea, Tarragona","Bodega familiar de Batea pionera en vinos ecológicos DO Terra Alta, premiada por Parker, Tanzer y Jancis Robinson, elaborada con variedades autóctonas (garnacha, cariñena, morenillo).",Consultar web,,,https://cellerpinol.com/,,,https://www.google.com/maps/search/?api=1&query=Celler%20Pi%C3%B1ol%2C%20Carrer%20Arag%C3%B3%2C%209%2C%2043786%20Batea%2C%20Tarragona,41.09415,0.31197,/productores/tarragona/celler-pinol-batea.webp,parcial,no comprobado
lafou-celler-batea,LaFou Celler,Batea,Bodega,Vinos de garnacha blanca y negra DO Terra Alta,"Casa Figueras, 43786 Batea, Tarragona","Celler urbano de Batea fundado en 2007, ubicado en Casa Figueras (s. XVIII), centrado en poner en valor la garnacha blanca y negra de la Terra Alta.",Consultar web,,,https://www.lafou.net/,,,https://www.google.com/maps/search/?api=1&query=LaFou%20Celler%2C%20Casa%20Figueras%2C%2043786%20Batea%2C%20Tarragona,41.09415,0.31197,/productores/tarragona/lafou-celler-batea.webp,parcial,sí
celler-cooperatiu-espluga-de-francoli-lespluga-de-francoli,Celler Cooperatiu de l'Espluga de Francolí,L'Espluga de Francolí,Bodega,Vinos DO Conca de Barberà,"Carrer del Vall del Mig, 1, 43440 L'Espluga de Francolí, Tarragona","Bodega modernista pionera (1902-1913) proyectada por Domènech i Montaner, conocida como la primera 'Catedral del Vi' de Catalunya, alberga el Museu del Vi.",Consultar web,977 87 02 21,,https://esplugaturisme.cat/,,,https://www.google.com/maps/search/?api=1&query=Celler%20Cooperatiu%20de%20l%27Espluga%20de%20Francol%C3%AD%2C%20Carrer%20del%20Vall%20del%20Mig%2C%201%2C%2043440%20L%27Espluga%20de%20Francol%C3%AD%2C%20Tarragona,41.3972,1.1029,/productores/tarragona/celler-cooperatiu-espluga-de-francoli-lespluga-de-francoli.webp,parcial,no comprobado
cooperativa-de-barbera-de-la-conca-barbera-de-la-conca,Cooperativa Agrícola de Barberà de la Conca,Barberà de la Conca,Bodega,Vinos DO Conca de Barberà,"Carrer Comerç, 40, 43422 Barberà de la Conca, Tarragona","Cuna del cooperativismo agrario en España (1894), bodega modernista de Cèsar Martinell (1919-1921) y referente histórico de la DO Conca de Barberà.",Consultar web,977 88 70 35,,https://celler-coop-barbera.negocio.site/,,,https://www.google.com/maps/search/?api=1&query=Cooperativa%20Agr%C3%ADcola%20de%20Barber%C3%A0%20de%20la%20Conca%2C%20Carrer%20Comer%C3%A7%2C%2040%2C%2043422%20Barber%C3%A0%20de%20la%20Conca%2C%20Tarragona,41.41105,1.22697,,parcial,no comprobado
cooperativa-vinicola-de-sarral-sarral,Cooperativa Vinícola de Sarral,Sarral,Bodega,Cava y vino rosado Trepat DO Conca de Barberà,"Avinguda de la Conca, 33, 43424 Sarral, Tarragona","Cooperativa modernista de Sarral (1914), mayor productora mundial de la variedad autóctona Trepat y referente en cava y rosados de la DO Conca de Barberà.",Consultar web,977 89 00 31,,https://www.cava-portell.com/,,,https://www.google.com/maps/search/?api=1&query=Cooperativa%20Vin%C3%ADcola%20de%20Sarral%2C%20Avinguda%20de%20la%20Conca%2C%2033%2C%2043424%20Sarral%2C%20Tarragona,41.44462,1.24888,/productores/tarragona/cooperativa-vinicola-de-sarral-sarral.webp,parcial,no comprobado
cooperativa-agricola-pinellense-el-pinell-de-brai,Cooperativa Agrícola Pinellense,El Pinell de Brai,Bodega,Vinos y aceite DO Terra Alta,"Carrer Pilonet, 8, 43594 El Pinell de Brai, Tarragona","Bodega modernista de Cèsar Martinell (1918-1922), conocida como la 'Catedral del Vi' del Pinell de Brai; produce vinos y aceite DO Terra Alta.",Consultar web,977 42 63 16,,https://pinellense.com/,,,https://www.google.com/maps/search/?api=1&query=Cooperativa%20Agr%C3%ADcola%20Pinellense%2C%20Carrer%20Pilonet%2C%208%2C%2043594%20El%20Pinell%20de%20Brai%2C%20Tarragona,41.0155,0.51437,/productores/tarragona/cooperativa-agricola-pinellense-el-pinell-de-brai.webp,parcial,no comprobado
forn-sistare-reus,Forn Sistaré 1910,Reus,Pan y pastelería,"Pa de pagès català ganador 2016 y 2025, repostería tradicional","Carrer de l'Amargura, 2, 43201 Reus, Tarragona","Fleca y pastelería de Reus fundada en 1910, ahora quinta generación (hermanos Pàmies), galardonada con el Millor Pa de Pagès Català en 2016 y 2025.",Consultar web,977 32 20 28,,https://www.fornsistare.com/,https://www.facebook.com/FornSistare/,,https://www.google.com/maps/search/?api=1&query=Forn%20Sistar%C3%A9%201910%2C%20Carrer%20de%20l%27Amargura%2C%202%2C%2043201%20Reus%2C%20Tarragona,41.15487,1.10871,/productores/tarragona/forn-sistare-reus.webp,parcial,sí
forn-huguet-reus,Forn de Pa i Pastisseria Huguet,Reus,Pan y pastelería,"Pan artesanal, coques de recapte y coca de Sant Joan","Carrer de l'Alcalde Joan Bertran, 5, 43202 Reus, Tarragona","Horno y pastelería tradicional de Reus con elaboración propia de pan, coques de recapte y especialidades festivas locales.",Consultar web,977 33 06 94,,https://fornhuguet.cat/,https://www.facebook.com/fornhuguet/,,https://www.google.com/maps/search/?api=1&query=Forn%20de%20Pa%20i%20Pastisseria%20Huguet%2C%20Carrer%20de%20l%27Alcalde%20Joan%20Bertran%2C%205%2C%2043202%20Reus%2C%20Tarragona,41.15487,1.10871,/productores/tarragona/forn-huguet-reus.webp,parcial,no
forn-de-pa-joan-montblanc,Forn de Pa Joan,Montblanc,Pan y pastelería,Coca de Montblanc y panes de masa madre,"Carrer Major, 85, 43400 Montblanc, Tarragona","Obrador artesano de Montblanc (1987) con más de 70 productos artesanales, distinguido como Mestre Artesà de Catalunya por su coca y panes de masa madre.",Consultar web,977 86 02 45,,,https://www.facebook.com/ForndepaJoan.Montblanc/,,https://www.google.com/maps/search/?api=1&query=Forn%20de%20Pa%20Joan%2C%20Carrer%20Major%2C%2085%2C%2043400%20Montblanc%2C%20Tarragona,41.37641,1.16387,,parcial,no
forn-germans-palau-montblanc,Forn de Pa Germans Palau,Montblanc,Pan y pastelería,"Coca de Montblanc, ensaimadas, bunyols de vent y pan de masa madre","Carrer Riber, 36, 43400 Montblanc, Tarragona","Panadería artesanal de Montblanc con más de 75 años de tradición, fiel a la masa madre natural, harinas de calidad y fermentaciones lentas.",Consultar web,977 86 01 57,,,,,https://www.google.com/maps/search/?api=1&query=Forn%20de%20Pa%20Germans%20Palau%2C%20Carrer%20Riber%2C%2036%2C%2043400%20Montblanc%2C%20Tarragona,41.37641,1.16387,,parcial,no
obrador-pa-eco-capcanes,Pa! Petit Obrador de Pa Ecològic,Capçanes,Pan y pastelería,Pan ecológico de masa madre cocido en horno de leña,"Carrer Pau Casals, 33, 43776 Capçanes, Tarragona","Pequeño obrador artesano de pan ecológico en Capçanes (Priorat), elaborado con harinas ecológicas y materia prima de proximidad cocida en horno de leña.",Consultar web,646 63 77 03,paecocapcanes@gmail.com,https://paecocapcanes.wordpress.com/,,https://www.instagram.com/paecocapcanes/,https://www.google.com/maps/search/?api=1&query=Pa%21%20Petit%20Obrador%20de%20Pa%20Ecol%C3%B2gic%2C%20Carrer%20Pau%20Casals%2C%2033%2C%2043776%20Cap%C3%A7anes%2C%20Tarragona,41.10063,0.78138,,parcial,no
forn-de-la-placa-prades,Forn La Plaça de Prades,Prades,Pan y pastelería,"Pa de pagès ecológico premiado, harinas de cereales tradicionales","Plaça Major, 43364 Prades, Tarragona",Obrador familiar de Prades reconocido como mejor horno de Tarragona en 2025 por su pan de pagès ecológico de larga fermentación con harinas km0 de la Segarra.,Consultar web,,,,,https://www.instagram.com/fornprades/,https://www.google.com/maps/search/?api=1&query=Forn%20La%20Pla%C3%A7a%20de%20Prades%2C%20Pla%C3%A7a%20Major%2C%2043364%20Prades%2C%20Tarragona,41.30954,0.98771,,parcial,no
grup-fruiter-benissanet-benissanet,Grup Fruiter de Benissanet,Benissanet,Fruta y verdura,"Cerezas, melocotón, nectarinas y ciruelas de hueso","43747 Benissanet, Tarragona","Cooperativa de fruta dulce de hueso más grande del Camp de Tarragona y l'Ebre, con 5,5 millones de kilos anuales de cerezas, melocotones y nectarinas.",Consultar web,977 40 75 16,marc@grupfruiter.com,https://www.grupfruiter.com/,,,https://www.google.com/maps/search/?api=1&query=Grup%20Fruiter%20de%20Benissanet%2C%2043747%20Benissanet%2C%20Tarragona,41.0569,0.63472,/productores/tarragona/grup-fruiter-benissanet-benissanet.webp,parcial,no
agricola-corbera-debre-corbera-debre,Agrícola Corbera d'Ebre,Corbera d'Ebre,Fruta y verdura,"Fruta dulce de hueso, frutos secos, vinos y aceite DO Terra Alta","Carrer Calvari, s/n, 43784 Corbera d'Ebre, Tarragona","Cooperativa de Corbera d'Ebre (1959) con más de 150 socios; produce fruta dulce, frutos secos, vinos DO Terra Alta y aceite DOP Terra Alta.",Consultar web,977 42 03 09,,https://agricolacorbera.com/,,,https://www.google.com/maps/search/?api=1&query=Agr%C3%ADcola%20Corbera%20d%27Ebre%2C%20Carrer%20Calvari%2C%20s/n%2C%2043784%20Corbera%20d%27Ebre%2C%20Tarragona,41.07731,0.47694,/productores/tarragona/agricola-corbera-debre-corbera-debre.webp,parcial,no comprobado
cervesa-gebrada-fores,Cervesa Gebrada,Forès,Cerveza artesana,Cervezas artesanas Porter y especialidades,"Carrer Pla de la Bassa, 43427 Forès, Tarragona","Microcervecería artesana de altura en Forès (Conca de Barberà) creada en 2020 por Ramon Grau, con recetas experimentales y visitas guiadas.",Consultar web,650 97 66 73,gramontcat@gmail.com,https://cervesagebrada.cat/,https://www.facebook.com/CervesaGebrada/,https://www.instagram.com/cervesagebrada/,https://www.google.com/maps/search/?api=1&query=Cervesa%20Gebrada%2C%20Carrer%20Pla%20de%20la%20Bassa%2C%2043427%20For%C3%A8s%2C%20Tarragona,41.49412,1.2379,/productores/tarragona/cervesa-gebrada-fores.webp,parcial,no comprobado
la-vallenca-valls,La Vallenca,Valls,Cerveza artesana,Cerveza artesana estilo Kölsch sin filtrar,"43800 Valls, Tarragona","Cerveza artesana de Valls de fermentación natural sin aditivos ni pasteurizar, comprometida con la cultura castellera; cede el 5% de beneficios a colles locales.",Consultar web,,,https://lavallenca.wordpress.com/,https://www.facebook.com/people/La-Vallenca/100065104565205/,https://www.instagram.com/la_vallenca/,https://www.google.com/maps/search/?api=1&query=La%20Vallenca%2C%2043800%20Valls%2C%20Tarragona,41.28833,1.25083,,parcial,no comprobado
estraperlo-torredembarra,Cervesa Estraperlo,Torredembarra,Cerveza artesana,Cervezas artesanas de la costa daurada,"43830 Torredembarra, Tarragona",Cerveza artesana de Torredembarra nacida en 2008 a partir de un proyecto homebrew de Roger y Oriol; coordina la Fira de la Cervesa Artesana de Torredembarra.,Consultar web,977 64 56 57,,https://cervesaestraperlo.com/,https://www.facebook.com/people/estraperlo-cervesa-artesana/100067208118356/,,https://www.google.com/maps/search/?api=1&query=Cervesa%20Estraperlo%2C%2043830%20Torredembarra%2C%20Tarragona,41.14567,1.39567,,parcial,no comprobado
la-surfera-torredembarra,La Surfera Beer,Torredembarra,Cerveza artesana,Cervezas artesanas naturales sin filtrar ni pasteurizar,"La Mòra, 43008 Torredembarra, Tarragona","Cerveza artesana 100% natural elaborada en la costa de Tarragona por Juan Manuel Mora, inspirada en la cultura marinera y surfera del Mediterráneo.",Consultar web,,,https://www.lasurferabeer.com/,https://www.facebook.com/lasurferabeer/,,https://www.google.com/maps/search/?api=1&query=La%20Surfera%20Beer%2C%20La%20M%C3%B2ra%2C%2043008%20Torredembarra%2C%20Tarragona,41.14567,1.39567,,parcial,no comprobado
mel-de-cal-raco-santa-coloma-de-queralt,Mel de Cal Racó,Santa Coloma de Queralt,Miel,"Miel transhumante, polen fresco y panal natural","Carrer de la Font, 31, 43420 Santa Coloma de Queralt, Tarragona",Apicultura familiar transhumante de Santa Coloma de Queralt con extracción y envasado artesanal; mieles premiadas y tienda online propia con envíos semanales.,Consultar web,,,https://meldecalraco.com/,,https://www.instagram.com/racocal/,https://www.google.com/maps/search/?api=1&query=Mel%20de%20Cal%20Rac%C3%B3%2C%20Carrer%20de%20la%20Font%2C%2031%2C%2043420%20Santa%20Coloma%20de%20Queralt%2C%20Tarragona,41.53243,1.38385,/productores/tarragona/mel-de-cal-raco-santa-coloma-de-queralt.webp,parcial,sí
mel-de-cal-mare-lespluga-de-francoli,Mel de Cal Maré,L'Espluga de Francolí,Miel,Miel y productos de la colmena no industrializados,"43440 L'Espluga de Francolí, Tarragona","Apicultura artesanal de L'Espluga de Francolí impulsada por Josep Mª de Cal Maré, ingeniero forestal; integrada en la red Fet a la Conca.",Consultar web,,,https://fetalaconca.cat/es/cooperativa/mel-de-cal-mare/,,,https://www.google.com/maps/search/?api=1&query=Mel%20de%20Cal%20Mar%C3%A9%2C%2043440%20L%27Espluga%20de%20Francol%C3%AD%2C%20Tarragona,41.3972,1.1029,/productores/tarragona/mel-de-cal-mare-lespluga-de-francoli.webp,parcial,no comprobado
mel-el-remei-alcover,Mel el Remei,Alcover,Miel,"Miel KM0, polen, própolis, jalea real y cera","Carrer Major, 43460 Alcover, Tarragona","Cuatro generaciones de la familia Llorens en Alcover dedicadas a la apicultura, con 600 colmenas en las Muntanyes de Prades, tienda online y Casa de la Mel.",Consultar web,,,https://melelremei.com/,,https://www.instagram.com/mel_el_remei/,https://www.google.com/maps/search/?api=1&query=Mel%20el%20Remei%2C%20Carrer%20Major%2C%2043460%20Alcover%2C%20Tarragona,41.26205,1.17112,/productores/tarragona/mel-el-remei-alcover.webp,parcial,sí
cal-centro-la-vilella-baixa,Cal Centro,La Vilella Baixa,Carnes,"Embutidos artesanos del Priorat con avellana, vi dolç y aceite","Carrer del Forn, 1, 43375 La Vilella Baixa, Tarragona","Xarcuteria familiar centenaria de La Vilella Baixa, cuarta generación maestra carnicera, con embutidos curados y cocidos elaborados con ingredientes del Priorat.",Consultar web,,,https://www.calcentro.com/,,https://www.instagram.com/embotitscalcentro/,https://www.google.com/maps/search/?api=1&query=Cal%20Centro%2C%20Carrer%20del%20Forn%2C%201%2C%2043375%20La%20Vilella%20Baixa%2C%20Tarragona,41.22079,0.76162,,parcial,no comprobado
embotits-bondria-alforja,Carns i Embotits Bondria,Alforja,Carnes,Embutidos artesanos de cerdo y cordero (desde 1883),"Camí de Porrera a Alforja, s/n, 43365 Alforja, Tarragona",Obrador familiar de Alforja con más de 100 años elaborando embutido artesanal de pagès con recetas propias y procesos completamente artesanales.,Consultar web,630 98 27 47,pep@masdelboto.cat,https://www.bondria.com/,,,https://www.google.com/maps/search/?api=1&query=Carns%20i%20Embotits%20Bondria%2C%20Cam%C3%AD%20de%20Porrera%20a%20Alforja%2C%20s/n%2C%2043365%20Alforja%2C%20Tarragona,41.21138,0.97553,,parcial,no comprobado
casa-pladevall-reus,Casa Pladevall,Reus,Carnes,"Llonganisses de pagès, botifarres y platos cocinados","Mercat Central, Carrer Sardà i Cailà, 43201 Reus, Tarragona","Xarcuteria tradicional fundada en 1961 con paradas en los mercados centrales de Reus y Tarragona, embutidos clásicos catalanes y platos cocinados artesanos.",Consultar web,977 32 02 22,,https://casapladevall.cat/,,,https://www.google.com/maps/search/?api=1&query=Casa%20Pladevall%2C%20Mercat%20Central%2C%20Carrer%20Sard%C3%A0%20i%20Cail%C3%A0%2C%2043201%20Reus%2C%20Tarragona,41.15487,1.10871,/productores/tarragona/casa-pladevall-reus.webp,parcial,no
formatges-de-colldejou-colldejou,Formatges de Colldejou,Colldejou,Lácteos y quesos,Quesos artesanos de cabra ecológicos y mató,"43310 Colldejou, Tarragona",Quesería artesana de montaña en Colldejou (Baix Camp) con rebaño propio de 200 cabras ecológicas; quinta generación de ganaderos de la familia Salsench.,Consultar web,,,,https://www.facebook.com/formatgescolldejou/,,https://www.google.com/maps/search/?api=1&query=Formatges%20de%20Colldejou%2C%2043310%20Colldejou%2C%20Tarragona,41.09952,0.88746,,parcial,no
lavellanera-la-selva-del-camp,L'Avellanera,La Selva del Camp,Frutos secos,Avellana DOP Avellana de Reus y AOVE DOP Siurana,"Avinguda de la Fraternitat, 6, 43470 La Selva del Camp, Tarragona",Cooperativa de La Selva del Camp (1985) con más de 40 años produciendo y tostando avellana DOP Avellana de Reus y aceite DOP Siurana de socios locales.,Consultar web,977 84 42 74,avellanera@avellanera.cat,https://avellanera.cat/,https://www.facebook.com/CooperativaAvellanera/,,https://www.google.com/maps/search/?api=1&query=L%27Avellanera%2C%20Avinguda%20de%20la%20Fraternitat%2C%206%2C%2043470%20La%20Selva%20del%20Camp%2C%20Tarragona,41.2155,1.13731,,parcial,no comprobado
cooperativa-agricola-de-riudecols-riudecols,Cooperativa Agrícola de Riudecols,Riudecols,Frutos secos,"Aceite Els Canalots DOP Siurana, avellana y almendra","Carrer Baix, 15, 43390 Riudecols, Tarragona","Cooperativa de Riudecols (1946) enfocada en frutos secos, olivas y aceite de oliva virgen extra arbequina DOP Siurana bajo la marca Els Canalots.",Consultar web,977 81 75 33,,,,,https://www.google.com/maps/search/?api=1&query=Cooperativa%20Agr%C3%ADcola%20de%20Riudecols%2C%20Carrer%20Baix%2C%2015%2C%2043390%20Riudecols%2C%20Tarragona,41.16815,0.97627,,parcial,no comprobado
cooperativa-agricola-miravet,Cooperativa Agrícola de Miravet,Miravet,Fruta y verdura,"Fruta de hueso, cerezas y aceite de oliva virgen","Carrer de la Creu 35, 43747 Miravet, Tarragona","Cooperativa agrícola de Miravet, a orillas del Ebro, dedicada a la producción de fruta de hueso, cerezas y aceite de oliva virgen de la Ribera d'Ebre.",,,,,,,https://www.google.com/maps/search/?api=1&query=Cooperativa%20Agr%C3%ADcola%20de%20Miravet,41.03741,0.59781,,parcial,no comprobado
