slug,nombre,municipio,categoria,productos estrella,direccion,descripcion,horario,telefono,correo,web,Facebook,Instagram,Google Maps,lat,lon,imagen,verificacion,Venta online,Canal de venta
joan-bellod-paya-beneixama,Joan Bellod Payà,Beneixama,Aceite,fabricación propia | producción artesanal | ecológico,"C/ Nueva de La Aurora, 76 , Beneixama","Joan Bellod Payà es un productor local de aceite en Beneixama, dentro de la provincia de Alicante.",,+34675436823,joanbellodpaya@gmail.com,,,,,38.7,-0.76722,,parcial,no comprobado,
agrisanz-el-camp-de-mirra,Agrisanz,El Camp De Mirra,Aceite,fabricación propia | ecológico,"C/ San José, 13 , El Camp De Mirra","Agrisanz es un productor local de aceite en El Camp De Mirra, dentro de la provincia de Alicante.",,+34630027497,info@agrisanz.com,https://www.agrisanz.com/,https://www.facebook.com/vicente.sanzvaldes/,https://www.instagram.com/agrisanz/,https://www.google.com/maps/search/?api=1&query=Agrisanz%20S.L%2C%20Carrer%20Sant%20Josep%2C%2013%2C%2003469%20el%20Camp%20de%20Mirra%2C%20Alicante&query_place_id=ChIJ09XaGuRiYQ0RbMTbLVOfMXc,38.6863435,-0.7785466,/productores/comunitat-valenciana/alicante/agrisanz-el-camp-de-mirra.webp,verificado,sí,ecommerce
ramon-terol-girbes-alfafara,Ramón Terol Girbés,Alfafara,Aceite,aceite de oliva virgen extra,"Foia Piscota s/n, Alfafara","Ramón Terol Girbés es un productor local de aceite en Alfafara, dentro de la provincia de Alicante.",,+34646525983,terol74@gmail.com,https://www.alfaoliva.es/,,,https://www.google.com/maps/search/?api=1&query=Alm%C3%A0ssera%20l'Alfafarenca%2C%20Foia%20Piscota%20s%2Fn%2C%2003838%20Alfafara%2C%20Alicante&query_place_id=ChIJT-U1v6mDYQ0RZgiGxnEoymg,38.7759772,-0.5577054,/productores/comunitat-valenciana/alicante/ramon-terol-girbes-alfafara.webp,verificado,sí,ecommerce
or-d-olea-alfafara,OR d'Olea,Alfafara,Aceite,fabricación propia | producción artesanal,"Carrer de Sta. Cecilia, 3 , Alfafara","OR d'Olea es un productor local de aceite en Alfafara, dentro de la provincia de Alicante.",,+34683599711,tonicastellet@hotmail.com,https://ordolea.com/,https://www.facebook.com/OrdOlea,https://www.instagram.com/or_d_olea/,https://www.google.com/maps/search/?api=1&query=OR%20d'Olea%20-%20Aceite%20de%20Oliva%20Virgen%20Extra%20Premium%2C%20Carrer%20de%20Sta.%20Cecilia%2C%203%2C%2003838%20Alfafara%2C%20Alicante&query_place_id=ChIJz0kErH2DYQ0RpHfvDJNw_M4,38.7723387,-0.5551349,,verificado,sí,ecommerce
cooperativa-inercomarcal-de-planes-planes,Cooperativa Inercomarcal de Planes,Planes,Aceite,aceite de oliva virgen extra,"Av. Ciutat de Valencia, 1 , Planes","Cooperativa Inercomarcal de Planes es un productor local de aceite en Planes, dentro de la provincia de Alicante.",,+34965514052,info@cooperativadeplanes.es,https://www.olideplanes.es,,,https://www.google.com/maps/search/?api=1&query=Intercomarcal%20de%20la%20Muntanya%20d%E2%80%99Alacant%2C%20Av.%20Ciutat%20de%20Val%C3%A8ncia%2C%201%2C%2003828%20Planes%2C%20Alicante&query_place_id=ChIJ9dDsrBWNYQ0RzpjpPgZZht0,38.7841132,-0.3437330,,verificado,sí,marketplace
9-oliveres-cocentaina,9 Oliveres,Cocentaina,Aceite,aceite de oliva virgen extra,"C/ Alcalde Gadea, 34 , Cocentaina","9 Oliveres es un productor local de aceite en Cocentaina, dentro de la provincia de Alicante.",,+34647240927,9oliveres@gmail.com,https://9oliveres.com,,https://www.instagram.com/9oliveres/,https://www.google.com/maps/search/?api=1&query=9%20Oliveres%2C%20Carrer%20Alcalde%20Gadea%20Pons%2C%2034%2C%2003820%20Cocentaina%2C%20Alicante&query_place_id=ChIJ2d3TaUmPYQ0RfZTIZPMCz60,38.7420122,-0.4348371,/productores/comunitat-valenciana/alicante/9-oliveres-cocentaina.webp,verificado,sí,ecommerce
castell-de-la-costurera-balones,Castell de la Costurera,Balones,Aceite,aceite de oliva virgen extra,"C/Trinquet, 4 , Balones","Castell de la Costurera es un productor local de aceite en Balones, dentro de la provincia de Alicante.",,+34675923072,carles.agrofruit@gmail.com,https://castelldelacosturera.com,https://www.facebook.com/castelldelacosturera,https://www.instagram.com/castelldelacosturera/,,38.73667,-0.34306,/productores/comunitat-valenciana/alicante/castell-de-la-costurera-balones.webp,verificado,sí,ecommerce
oli-de-la-torre-torremanzanas,Oli de La Torre,Torremanzanas,Aceite,fabricación propia | producción artesanal | marca de calidad diferenciada,"Sant Isidre, 18 , La Torre De Les Maçanes/Torremanzanas","Oli de La Torre es un productor local de aceite en Torremanzanas, dentro de la provincia de Alicante.",,+34616819090,olidelatorre@gmail.com,https://www.olidelatorre.com,https://www.facebook.com/olidelatorreaceite,https://www.instagram.com/aoveolidelatorre/,https://www.google.com/maps/search/?api=1&query=Alm%C3%A0ssera%20de%20La%20Torre%2C%20Coop.%20V.%20-%20OLI%20DE%20LA%20TORRE%2C%20Carrer%20Sant%20Isidre%20Llaurador%2C%2018%2C%2003108%20La%20Torre%20de%20les%20Ma%C3%A7anes%2C%20Alicante&query_place_id=ChIJAY56T1ImYg0RwVyH11R0NPE,38.6068396,-0.4201385,,verificado,sí,ecommerce
aceite-rontonar-benifallim,Aceite Rontonar,Benifallim,Aceite,fabricación propia | producción artesanal,"Carrer del Relleu, 13 , Benifallim","Aceite Rontonar es un productor local de aceite en Benifallim, dentro de la provincia de Alicante.",,+34671877294,info@rontonar.com,https://www.rontonar.com,,https://www.instagram.com/aceiterontonar/,https://www.google.com/maps/search/?api=1&query=Rontonar%20Aceites%20S.L.%2C%20Carrer%20del%20Relleu%2C%2013%2C%2003816%20Benifallim%2C%20Alicante&query_place_id=ChIJ35EVSNuJYQ0RKf6mkuNaz7Y,38.6622139,-0.3994993,,verificado,sí,ecommerce
senorios-de-relleu-relleu,Señorios de Relleu,Relleu,Aceite,aceite de oliva virgen extra,"Partida Figueret, 2ñ , Relleu","Señorios de Relleu es un productor local de aceite en Relleu, dentro de la provincia de Alicante.",,+34656826423,info@senoriosderelleu.com,https://www.senoriosderelleu.com/,https://www.facebook.com/SenoriosDeRelleu/,https://www.instagram.com/senoriosdrelleu/,https://www.google.com/maps/search/?api=1&query=Oleoturismo%20Se%C3%B1orios%20de%20Relleu%2C%20Partida%20Figueret%2C%202%2C%2003578%20Relleu%2C%20Alicante&query_place_id=ChIJ8a552tchYg0RzOl5N-nlaAE,38.5809143,-0.3224335,/productores/comunitat-valenciana/alicante/senorios-de-relleu-relleu.webp,verificado,sí,ecommerce
tossut-pedreguer,Tossut,Pedreguer,Aceite,fabricación propia | ecológico,"Diseminado Pouets, 3, Pedreguer","Tossut es un productor local de aceite en Pedreguer, dentro de la provincia de Alicante.",,+34659495404,hcarrio@proenhec.com,https://tossutpouets.com/,https://www.facebook.com/tossutpouets,https://www.instagram.com/tossutagroecologiasostenible/,https://www.google.com/maps/search/?api=1&query=Tossut%20Agroecologia%20Sostenible%3A%20OLIS%20I%20VINS%20SINGULARS%2C%20Diseminado%20Povets%2C%203%2C%2003750%2C%20Alicante&query_place_id=ChIJeQyXWwADnhIRcqMf7BbQ_RI,38.7757661,0.0305728,,verificado,sí,ecommerce
le-pain-tranquille-orba,Le Pain Tranquille,Orba,Pan y pastelería,fabricación propia | producción artesanal,", Orba","Le Pain Tranquille es un productor local de panadería y repostería en Orba, dentro de la provincia de Alicante.",,+34675216636,lepaintranquille@gmail.com,,https://www.facebook.com/p/Le-Pain-Tranquille-dOrba-100063561941334/,https://www.instagram.com/lepaintranquille/,,,,,pendiente,no comprobado,
coleccion-de-toneles-centenarios-canyada,Colección de Toneles Centenarios,Canyada,Bodega,fabricación propia | ecológico,"PINTOR SOROLLA N. 8 , Canyada",Colección de Toneles Centenarios es una bodega de la provincia de Alicante vinculada a vinos locales y variedades mediterráneas.,,+34965808759,fondillonluisxiv@gmail.com,https://www.fondillonluisxiv.com,,https://www.instagram.com/fondillonluisxiv/,https://www.google.com/maps/search/?api=1&query=Bodega%20Colecci%C3%B3n%20de%20Toneles%20Centenarios%20-%20Enoturismo%20Alicante%2C%20Carrer%20Pinaret%2C%207%2C%2003409%20La%20Canyada%2C%20Alicante&query_place_id=ChIJtd2unBhiYQ0RamfZ0V5Npsw,38.6707674,-0.8228795,/productores/comunitat-valenciana/alicante/coleccion-de-toneles-centenarios-canyada.webp,verificado,sí,ecommerce
la-cueva-de-baco-hondon-de-las-nieves,La cueva de Baco,Hondón de las Nieves,Bodega,fabricación propia | producción artesanal,"Calle norte 48 , El Fondò De Les Neus",La cueva de Baco es una bodega de la provincia de Alicante vinculada a vinos locales y variedades mediterráneas.,,+34722588075,Hola@lacuevadebaco.com,https://www.lacuevadebaco.com,,https://www.instagram.com/lacuevadebaco_/,https://www.google.com/maps/search/?api=1&query=La%20Cueva%20de%20Baco%2C%20C.%20Cuevas%20Nte.%2C%2048%2C%2003688%20Hond%C3%B3n%20de%20las%20Nieves%2C%20Alicante&query_place_id=ChIJ6wFX9Mm_Yw0Re5RY5iYH6zU,38.3076900,-0.8453444,/productores/comunitat-valenciana/alicante/la-cueva-de-baco-hondon-de-las-nieves.webp,verificado,no comprobado,
vinos-de-alguena-alguena,Vinos de Algueña,Algueña,Bodega,fabricación propia | ecológico,"Carretera del Rodriguillo, Km 29,500 , Algueña",Vinos de Algueña es una bodega de la provincia de Alicante vinculada a vinos locales y variedades mediterráneas.,,+34965476113,bodega@vinosdealguenya.es,https://www.vinosdealguenya.es,,https://www.instagram.com/vinosdealguenya/,https://www.google.com/maps/search/?api=1&query=Bodega%20Cooperativa%20de%20Algue%C3%B1a%2C%20Carretera%20del%20Rodriguillo%2C%20Km%2029%2C500%2C%2003668%20L'Alguenya%2C%20Alicante&query_place_id=ChIJoVNfEpDtYw0RnlNsM-b-hGY,38.3402888,-1.0101336,,verificado,sí,marketplace
celler-de-planes-planes,Celler de Planes,Planes,Bodega,vinos y bodegas,"Carrer del Vi, Planes",Celler de Planes es una bodega de la provincia de Alicante vinculada a vinos locales y variedades mediterráneas.,,+34606120323,info@cupdelamuntanya.es,https://www.cupdelamuntanya.es,https://www.facebook.com/cupdelamuntanya,https://www.instagram.com/cupdelamuntanya/,https://www.google.com/maps/search/?api=1&query=Bodega%20Cup%20de%20la%20Muntanya%2C%20Carrer%20del%20Vi%2C%208%2C%2003828%20Planes%2C%20Alicante&query_place_id=ChIJV5vWTku3DqQREWQALYvhfl8,38.7834705,-0.3399183,/productores/comunitat-valenciana/alicante/celler-de-planes-planes.webp,verificado,no comprobado,
cerveza-gorgos-confrides,Cerveza Gorgos,Confrides,Cerveza artesana,fabricación propia | producción artesanal,"C/ de Dalt 41,k 03517, Abdet , Confrides","Cerveza Gorgos es un productor local de cerveza en Confrides, dentro de la provincia de Alicante.",,+34622123091,cervezagorgos@gmail.com,https://www.cervezagorgos.es/,https://www.facebook.com/cervezagorgos/,https://www.instagram.com/cervezagorgos/,https://www.google.com/maps/search/?api=1&query=Cerveza%20Gorgos%2C%20Carrer%20de%20Dalt%2C%2041%2C%2003517%20Abdet%2C%20Alicante&query_place_id=ChIJHZFvc0H1YQ0RVBMb6FLPCdw,38.6943342,-0.2575040,/productores/comunitat-valenciana/alicante/cerveza-gorgos-confrides.webp,pendiente,no comprobado,
bine-i-xama-beneixama,Bine i Xama,Beneixama,Frutos secos,almendras y frutos secos,"C/ Nueva De Laaurora 76 , Beneixama","Bine i Xama es un productor local de frutos secos en Beneixama, dentro de la provincia de Alicante.",,+34675436823,joanbellodpaya@gmail.com,,https://www.facebook.com/joan.bellodpaya/,https://www.instagram.com/penyetesbnx/,,,,,pendiente,no comprobado,
vall-de-seta-agroalimentaria-quatretondeta,Vall de Seta agroalimentaria,Quatretondeta,Frutos secos,fabricación propia | producción artesanal,"San blas 6 , Quatretondeta","Vall de Seta agroalimentaria es un productor local de frutos secos en Quatretondeta, dentro de la provincia de Alicante.",,+34654557753,perfectosb@yahoo.es,https://www.valldeseta.es,https://www.facebook.com/perfecto.sansalvador,,,,,,pendiente,no comprobado,
embutidos-hortanatura-elche,Embutidos Hortanatura,Elche,Charcutería,embutidos y elaborados cárnicos,"CTRA Dolores KM 1.8 Pol. Vizcarra Nave 10, Alzabares , Elche","Embutidos Hortanatura es un productor local de carnes y embutidos en Elche, dentro de la provincia de Alicante.",,+34966738251,embutidoshortanatura@gmail.com,https://www.hortanatura.es,https://www.facebook.com/profile.php,,https://www.google.com/maps/search/?api=1&query=Embutidos%20Hortanatura%20Sl%2C%20Pol.%20Ind.%20Vizcarra%2C%20CV-855%2C%20KM%201%2C%208%2C%2003290%20Elche%2C%20Alicante&query_place_id=ChIJ14HTVFyYYw0RAfWnFZg8q-A,38.2430007,-0.6971752,/productores/comunitat-valenciana/alicante/embutidos-hortanatura-elche.webp,pendiente,no comprobado,
embutidos-artesanos-la-capsana-torremanzanas,Embutidos Artesanos La Capsana,Torremanzanas,Charcutería,fabricación propia | producción artesanal,"Av. Fray Luis Amigo, 3, bajo , La Torre De Les Maçanes/Torremanzanas","Embutidos Artesanos La Capsana es un productor local de carnes y embutidos en Torremanzanas, dentro de la provincia de Alicante.",,+34965619062,embutidosdetorremanzanas@lacapsana.com,https://lacapsana.com,https://www.facebook.com/embutidosdelatorre,https://www.instagram.com/embutidosdelatorre/,https://www.google.com/maps/search/?api=1&query=Embutidos%20Artesanos%20de%20Torremanzanas%20La%20Capsana%2C%20Carrer%20Major%2C%204%2C%2003108%20La%20Torre%20de%20les%20Ma%C3%A7anes%2C%20Alicante&query_place_id=ChIJ7SbRJronYg0R1Gvfm5QIcOE,38.6072149,-0.4197955,/productores/comunitat-valenciana/alicante/embutidos-artesanos-la-capsana-torremanzanas.webp,pendiente,no comprobado,
maria-rosario-ortega-perez-salinas,María Rosario Ortega Pérez,Salinas,Miel,fabricación propia | producción artesanal,"C/ La Rambla 2b , Salinas","María Rosario Ortega Pérez es un productor local de miel en Salinas, dentro de la provincia de Alicante.",,+34618656553,danielabo@hotmail.es,,,,,,,,pendiente,no comprobado,
melifera-miel-del-campo-de-elche-elche,Melífera (Miel del campo de Elche),Elche,Miel,fabricación propia | producción artesanal,"Hilarión eslava 41, 2 , Elche","Melífera (Miel del campo de Elche) es un productor local de miel en Elche, dentro de la provincia de Alicante.",,+34647447088,pedrogarciahernandez1965@gmail.com,https://www.meliferaelche.es,https://www.facebook.com/profile.php,,https://www.google.com/maps/search/?api=1&query=Mel%C3%ADbera%20-%20Miel%20del%20Campo%20de%20Elche%2C%20C%2F%20Alm%C3%B2rida%2C%2014%2C%2003203%20Elx%2C%20Alicante&query_place_id=ChIJ-8hdKzO3Yw0ROstzgoCjhbE,38.2646523,-0.6957319,,pendiente,no comprobado,
israel-martinez-elche,Israel Martínez,Elche,Miel,fabricación propia | producción artesanal,"Calle Gandía número 61 - Bonavista , Elche","Israel Martínez es un productor local de miel en Elche, dentro de la provincia de Alicante.",,+34618277576,israelapicultor@gmail.com,,https://www.facebook.com/people/Israel-Martinez-Miel/61555737664871/,https://www.instagram.com/israelmartinezmiel/,https://www.google.com/maps/search/?api=1&query=Israel%20Mart%C3%ADnez%20Apicultor%2C%20C%2F%20Salazar%20Alonso%2C%2023%2C%2003202%20Elx%2C%20Alicante&query_place_id=ChIJT24QAzW3Yw0RzSYtimLUX7I,38.2683100,-0.6928823,,pendiente,no comprobado,
bona-mel-organic-l-alqueria-d-asnar,Bona Mel Organic,L'Alqueria d'Asnar,Miel,fabricación propia | ecológico,"C/Partida la Caseta S/N , Alqueria D´Asnar (L´)","Bona Mel Organic es un productor local de miel en L'Alqueria d'Asnar, dentro de la provincia de Alicante.",,+34965530882,info@bonamel.com,https://www.bonamel.com,https://www.facebook.com/bonamel.Mielecologica/,https://www.instagram.com/bonamelorganic/,https://www.google.com/maps/search/?api=1&query=Bona%20Mel%20Organic%20S.L.%2C%20Partida%20la%20Caseta%2C%2050%2C%2003829%20L'Alqueria%20d'Asnar%2C%20Alicante&query_place_id=ChIJXbiSvwuPYQ0R1T8rWAxYg0Y,38.7739603,-0.4291151,,pendiente,no comprobado,
el-serralet-el-rafol-d-almunia,El Serralet,El Ràfol D'Almúnia,Miel,miel y productos apícolas,"C/ Marqués d'Almúnia, 13 , El Ràfol D'Almúnia","El Serralet es un productor local de miel en El Ràfol D'Almúnia, dentro de la provincia de Alicante.",,+34696352903,info@elserralet.com,https://www.elserralet.com/,https://facebook.com/elserralet,https://www.instagram.com/elserralet/,https://www.google.com/maps/search/?api=1&query=El%20Serralet%20de%20Seg%C3%A0ria%20-%20Miel%20natural%20y%20artesanal%20-%20Apiturismo%2C%20C%2F%20Marqu%C3%A9s%20d'Alm%C3%BAnia%2C%2013%2038%2C%20831024%2C%20-0.047426%2C%2003769%20El%20R%C3%A0fol%20d'Alm%C3%BAnia%2C%20Alicante&query_place_id=ChIJ6R0k_y3jYQ0RxABhBGB8duQ,38.8201679,-0.0520022,/productores/comunitat-valenciana/alicante/el-serralet-el-rafol-d-almunia.webp,pendiente,no comprobado,
l-abella-mel-xalo,L'Abella Mel,Xaló,Miel,fabricación propia | ecológico,"avda pla de la sequia, 27 , Xaló","L'Abella Mel es un productor local de miel en Xaló, dentro de la provincia de Alicante.",,,info@labellamiel.com,https://labellamiel.com/,https://www.facebook.com/labellamelxalo,https://www.instagram.com/labellamiel/,https://www.google.com/maps/search/?api=1&query=L'abella%20Mel%2C%20Avinguda%20Rei%20Juan%20Carlos%20I%2C%2027%2C%2003727%20Xal%C3%B3%2C%20Alicante&query_place_id=ChIJrTKGCOT9YQ0RUDuw-DFzpN4,38.7422204,-0.0133606,,pendiente,no comprobado,
orimiel-orihuela,Orimiel,Orihuela,Miel,fabricación propia | producción artesanal,"C/ Rincón de San Gabriel, nº 8, Arneva , Orihuela","Orimiel es un productor local de miel en Orihuela, dentro de la provincia de Alicante.",,+34666030561,info.orimiel@gmail.com,https://www.orimiel.com,https://www.facebook.com/huertadeorihuela/,https://www.instagram.com/orimiel.es/,,,,,pendiente,no comprobado,
el-rincon-de-las-mermeladas-confrides,El rincón de las mermeladas,Confrides,Otros,mermeladas y confituras,"Ctra.Alcoi-Benidorm cv 70 km 20 , Confrides","El rincón de las mermeladas es un productor local de mermeladas en Confrides, dentro de la provincia de Alicante.",,+34965885805,pedidos@elrincondelasmermeladas.com,https://elrincondelasmermeladas.es,https://facebook.com/elperolet,https://instagram.com/el_perolet,https://www.google.com/maps/search/?api=1&query=El%20Rinc%C3%B3n%20de%20las%20Mermeladas%2C%20El%20Rinc%C3%B3n%20de%20las%20Mermeladas%20Carretera%20de%20Alcoy-%20Benidorm%20CV%2070%20km%2020%2C%20s%2Fn%2C%2003517%20Confrides%2C%20Alicante&query_place_id=ChIJi4f6xND0YQ0RbOJww66whcA,38.7009123,-0.2922750,,pendiente,no comprobado,
tomachaf-elche,Tomachaf,Elche,Conservas,fabricación propia | producción artesanal,"Partida de Matola, P1 85 , Elche","Tomachaf es un productor local de conservas en Elche, dentro de la provincia de Alicante.",,+34966640371,info@tomachaf.es,https://www.ibarraabadia.es/,https://www.facebook.com/tomachaf,https://www.instagram.com/tomachaf/,https://www.google.com/maps/search/?api=1&query=TOMACHAF%2C%20Partida%20de%20Matola%20P1%2C%2085%2C%2003296%20Elche%2C%20Alicante&query_place_id=ChIJG-6kJt65Yw0RNRQ2ZVL2ON4,38.2512403,-0.7568368,,pendiente,no comprobado,
l-olivateria-bio-olives-almudaina,"L'Olivateria, Bio Olives",Almudaina,Conservas,fabricación propia | ecológico,"Carrer dels Freginals de Sant Blai, 24 , Almudaina","L'Olivateria, Bio Olives es un productor local de conservas en Almudaina, dentro de la provincia de Alicante.",,+34670225122,olivateria@gmail.com,https://olivateria.com/,https://www.facebook.com/olivateria/,https://www.instagram.com/olivateria/,https://www.google.com/maps/search/?api=1&query=L'Olivateria%2C%20Carrer%20dels%20Freginals%20de%20Sant%20Blai%2C%2024%2C%2003828%20Planes%2C%20Alicante&query_place_id=ChIJJVREkTaNYQ0R1-pfpUrVN4c,38.7845224,-0.3458253,,pendiente,no comprobado,
la-vieja-dolores-almoradi,La Vieja Dolores,Almoradí,Conservas,fabricación propia | producción artesanal,"C/ Portugal , Almoradí","La Vieja Dolores es un productor local de conservas en Almoradí, dentro de la provincia de Alicante.",,+34652485161,jsaurasaura@hotmail.com,,https://www.facebook.com/conservasJuanSaura/,,https://www.google.com/maps/search/?api=1&query=VIEJA%20DOLORES%20Conservas%20Naturales%2C%20C.%20Portugal%2C%2013%2C%2003160%20Almorad%C3%AD%2C%20Alicante&query_place_id=ChIJrSbMW2WlYw0RXnE1mJ2CVNY,38.0970941,-0.8007126,,pendiente,no comprobado,
mas-del-masero-canyada,Mas del Masero,Canyada,Fruta y verdura,fabricación propia | ecológico,"C/ Oeste 16 , Canyada","Mas del Masero es un productor local de fruta en Canyada, dentro de la provincia de Alicante.",,+34965820298,info@fruitec.es,https://masdelmasero.com/,,,,,,,pendiente,no comprobado,
m-rosario-garcia-elche,M.Rosario García,Elche,Fruta y verdura,fabricación propia | ecológico,"Polig. 120, parcela 34, Valverde Bajo , Elche","M.Rosario García es un productor local de fruta en Elche, dentro de la provincia de Alicante.",,+34658777470,pinkpantersong@gmail.com,,,,,,,,pendiente,no comprobado,
biograna-sat-elche,Biograna SAT,Elche,Fruta y verdura,fabricación propia | ecológico | marca de calidad diferenciada,"Plaza Misteri d'Elx, 22, Las Bayas , Elche","Biograna SAT es un productor local de fruta en Elche, dentro de la provincia de Alicante.",,+34678865770,biogranacomerce@gmail.com,https://www.biograna.net/index.php/es/compra/,,,,38.26694,-0.69833,/productores/comunitat-valenciana/alicante/biograna-sat-elche.webp,verificado,no comprobado,
todopalmera-elche,Todopalmera,Elche,Fruta y verdura,fabricación propia | producción artesanal | ecológico | marca de calidad diferenciada,"Partida de Altabix polígono 2 nº 294 , Elche","Todopalmera es un productor local de fruta en Elche, dentro de la provincia de Alicante.",,+34606566578,Info@todopalmera.com,https://www.todopalmera.com,https://www.facebook.com/todopalmera,https://www.instagram.com/todopalmera/,https://www.google.com/maps/search/?api=1&query=TodoPalmera%2C%2003207%20Elche%2C%20Alicante&query_place_id=ChIJ3VmE3Em1Yw0RoGL-sJdBZP0,38.2898744,-0.6656057,/productores/comunitat-valenciana/alicante/todopalmera-elche.webp,parcial,sí,ecommerce
greenmandarin-elche,Greenmandarin,Elche,Fruta y verdura,fabricación propia | ecológico,"Carretera Elche - El Altet, Torrellano Bajo, Elche","Greenmandarin es un productor local de fruta en Elche, dentro de la provincia de Alicante.",,+34644330061,info@lamollaneta.com,https://www.lamollaneta.com,,https://www.instagram.com/fincalamollaneta/,https://www.google.com/maps/search/?api=1&query=C%C3%ADtricos%20Ecol%C3%B3gicos%20La%20Mollaneta%2C%20CARRETERA%20ELCHE%2C%2003204%20L'Altet%2C%20Alicante&query_place_id=ChIJjRH_c_VLYg0RBaOb03xqBE8,38.2724182,-0.5903066,,verificado,sí,ecommerce
serrano-valero-elche,Serrano Valero,Elche,Fruta y verdura,fabricación propia | producción artesanal,"Calle Durán, 17 , Elche","Serrano Valero es un productor local de fruta en Elche, dentro de la provincia de Alicante.",,+34650982988,Contacto@serranovalero.es,https://www.serranovalero.es,https://www.facebook.com/serranovaleropalmablanca,https://www.instagram.com/serranovalero/,https://www.google.com/maps/search/?api=1&query=Serrano%20Valero%20-%20D%C3%A1tiles%20y%20Palma%20Blanca%2C%20Pl.%20Rei%20Jaume%20I%2C%202%2C%2003202%20Elx%2C%20Alicante&query_place_id=ChIJJfR8ZDu3Yw0R-1ghz7FK2IY,38.2684525,-0.6938543,/productores/comunitat-valenciana/alicante/serrano-valero-elche.webp,verificado,sí,ecommerce
rosa-gil-almudaina,Rosa Gil,Almudaina,Fruta y verdura,fabricación propia | ecológico,"Camí cementeri s/n , Almudaina","Rosa Gil es un productor local de fruta en Almudaina, dentro de la provincia de Alicante.",,+34670225122,roseta.gf@gmail.com,,,,,,,,pendiente,no comprobado,
uvas-amaia-agost,Uvas Amaia,Agost,Fruta y verdura,fabricación propia | producción artesanal | marca de calidad diferenciada,"Avenida de Elche, nº 34 , Agost","Uvas Amaia es un productor local de fruta en Agost, dentro de la provincia de Alicante.",,+34626500631,info@uvasamaia.com,https://www.uvasamaia.com,https://www.facebook.com/uvasamaia,https://www.instagram.com/uvasamaia/,https://www.google.com/maps/search/?api=1&query=Uvas%20Amaia%2C%20Avinguda%20d'Elx%2C%2034%2C%2003698%20Agost%2C%20Alicante&query_place_id=ChIJN7C5EADNYw0RuyUCVjCrgeQ,38.4363275,-0.6408421,,parcial,no comprobado,
cerezas-montana-alicante-coop-v-vall-de-gallinera,Cerezas Montaña Alicante COOP. V.,Vall de Gallinera,Fruta y verdura,fruta local y cítricos,"Ctra. Albaida-Denia s/n, Alpatro , La Vall De Gallinera","Cerezas Montaña Alicante COOP. V. es un productor local de fruta en Vall de Gallinera, dentro de la provincia de Alicante.",,+34966406700,info@cerezasdealicante.com,https://www.cerezasdealicante.com/,,,https://www.google.com/maps/search/?api=1&query=Cerezas%20de%20la%20Monta%C3%B1a%20Coop%2C%20la%20Vall%20de%20Gallinera%2C%2003787%2C%20Alicante&query_place_id=ChIJ7eHaH4HyYQ0RkmCXCcuBkDI,38.8162422,-0.2644299,/productores/comunitat-valenciana/alicante/cerezas-montana-alicante-coop-v-vall-de-gallinera.webp,pendiente,no comprobado,
agrivall-vall-de-gallinera,Agrivall,Vall de Gallinera,Fruta y verdura,fabricación propia | ecológico,"CV-700, Km 36 en La casilla, Alpatró , La Vall De Gallinera","Agrivall es un productor local de fruta en Vall de Gallinera, dentro de la provincia de Alicante.",,+34679765842,frasase@hotmail.es,https://agrivall.com,https://www.facebook.com/p/Agrivall-La-Vall-de-Gallinera-100066404113346/,https://www.instagram.com/javier_savall_segui/,https://www.google.com/maps/search/?api=1&query=La%20Casilla.%20AGRIVALL%2C%20CV-700%2C%2003787%2C%20Alicante&query_place_id=ChIJkyMx8G7zYQ0Rc48k1mWrsy8,38.8133180,-0.2825427,/productores/comunitat-valenciana/alicante/agrivall-vall-de-gallinera.webp,pendiente,no comprobado,
roberto-daniel-mayordomo-bolta-adsubia,Roberto Daniel Mayordomo Bolta,Adsubia,Fruta y verdura,fruta local y cítricos,"Calle Torres Orduña, 37 , Adsubia","Roberto Daniel Mayordomo Bolta es un productor local de fruta en Adsubia, dentro de la provincia de Alicante.",,+34659583704,robertodaniel.mayordomo@gmail.com,,https://www.facebook.com/robertodaniel.mayordomobolta/,https://www.instagram.com/robertodanielmayordomobolta/,,,,,pendiente,no comprobado,
naranjas-masil-sanet-y-negrals,Naranjas Masil,Sanet Y Negrals,Fruta y verdura,fabricación propia | producción artesanal,"Poligono 1, Parcela 84 , Sanet Y Negrals","Naranjas Masil es un productor local de fruta en Sanet Y Negrals, dentro de la provincia de Alicante.",,+34680456329,info@naranjasmasil.com,https://www.naranjasmasil.com/contacto/,https://www.facebook.com/naranjasmasil/,https://www.instagram.com/naranjasmasil/,https://www.google.com/maps/search/?api=1&query=Naranjas%20Masil%2C%20Poligono%201%2C%20Parcela%2084%2C%2003769%20Sanet%20y%20Negrals%2C%20Alicante&query_place_id=ChIJV5jaBmfjYQ0RbRh8T0nLd2E,38.8238064,-0.0239152,,pendiente,no comprobado,
uvas-cabrera-hondon-de-las-nieves,Uvas Cabrera,Hondón de las Nieves,Fruta y verdura,fabricación propia | producción artesanal,"Partida La Solana, 10 , El Fondò De Les Neus","Uvas Cabrera es un productor local de fruta en Hondón de las Nieves, dentro de la provincia de Alicante.",,+34609667299,ximo@uvascabrera.com,https://www.uvascabrera.com,https://www.facebook.com/uvascabrera,https://www.instagram.com/uvascabrera/,https://www.google.com/maps/search/?api=1&query=UVAS%20CABRERA%2C%20Solana%2010%2C%20317%2C%2003688%20Hond%C3%B3n%20de%20las%20Nieves%2C%20Alicante&query_place_id=ChIJTy3sOgDBYw0RwgnzIJfqxsE,38.3182503,-0.8798286,,verificado,no comprobado,
medi-natural-alguena,Medi Natural,Algueña,Bodega,fabricación propia | ecológico,"Calle Francisco Iñesta 2 , Algueña","Medi Natural es un productor local de fruta en Algueña, dentro de la provincia de Alicante.",,+34617654873,medi_natural@hotmail.com; mariamartinezortega000@gmail.com,,https://www.facebook.com/vinosmedinatural/,,,38.33778,-1.00361,,parcial,no comprobado,
finca-el-serrat-relleu,Finca El Serrat,Relleu,Fruta y verdura,fabricación propia | ecológico,"APARTADO DE CORREOS Nº 20 Benissa , Relleu","Finca El Serrat es un productor local de fruta en Relleu, dentro de la provincia de Alicante.",,+34658808845,boxferrer@gmail.com,,,,,,,,pendiente,no comprobado,
eco-citric-orihuela,Eco-Citric,Orihuela,Fruta y verdura,fabricación propia | ecológico,"Finca La Naya, S/N, Virgen del Camino , Orihuela","Eco-Citric es un productor local de fruta en Orihuela, dentro de la provincia de Alicante.",,+34688214802,info@eco-citric.com,https://ecocitric.es,https://www.facebook.com/ecocitric,https://www.instagram.com/eco_citric/,https://www.google.com/maps/search/?api=1&query=ECO-CITRIC%2C%20Finca%20Lo%20Naya%2C%20Virgen%20del%20Camino%2C%2003317%20Orihuela%2C%20Alicante&query_place_id=ChIJrZAoBMCXYw0RMw0rOyzstu8,38.1656890,-0.9244390,/productores/comunitat-valenciana/alicante/eco-citric-orihuela.webp,verificado,sí,ecommerce
frutas-sin-orihuela,Frutas SIN,Orihuela,Fruta y verdura,fabricación propia | ecológico,"C/ Trasvase,6 , La Murada , Orihuela","Frutas SIN es un productor local de fruta en Orihuela, dentro de la provincia de Alicante.",,+34638558341,frutassin@gmail.com,,,,,,,,pendiente,no comprobado,
carla-aguilera-s-l-orihuela,Carla Aguilera S.L.,Orihuela,Fruta y verdura,fabricación propia | ecológico,"C/ La carretera, 27, Hurchillo , Orihuela","Carla Aguilera S.L. es un productor local de fruta en Orihuela, dentro de la provincia de Alicante.",,+34966742459,agrofitovial@agrofitovial.com,,,,,,,,pendiente,no comprobado,
licores-alonso-beneixama,Licores Alonso,Beneixama,Licores,licores artesanos,"Polígono Industrial La Casilla. Calle camino de Caudete, s/n, Local B , Beneixama","Licores Alonso es un productor local de licores en Beneixama, dentro de la provincia de Alicante.",,+34655942742,info@licoresalonso.es,https://www.licoresalonso.es,,https://www.instagram.com/licoresalonso/,https://www.google.com/maps/search/?api=1&query=Licores%20Alonso%20S.L.%2C%20Pol%C3%ADgono%20Industrial%20La%20Casilla%2C%20C%2F%20Camino%20de%20Caudete%2C%20Local%20B%2C%2003460%20Beneixama%2C%20Alicante&query_place_id=ChIJs3WpSf9jYQ0RkoJPRMk2Y_s,38.6990059,-0.7758689,/productores/comunitat-valenciana/alicante/licores-alonso-beneixama.webp,verificado,no comprobado,
casa-carmen-vall-de-gallinera,Casa Carmen,Vall de Gallinera,Licores,licores artesanos,"Purisims 2 de Alpatró , La Vall De Gallinera","Casa Carmen es un productor local de licores en Vall de Gallinera, dentro de la provincia de Alicante.",,+34686292058,carminagasco@hotmail.es,,https://www.facebook.com/p/Casa-Carmen-Alpatro-La-Vall-de-Gallinera-100057493808234/,https://www.instagram.com/explore/locations/2361122337260269/casa-carmen-alpatro-la-vall-de-gallinera/nearby/,https://www.google.com/maps/search/?api=1&query=Tienda-Casa%20Carmen-Alpatr%C3%B3-La%20Vall%20de%20Gallinera%2C%20Carrer%20Pur%C3%ADssima%2C%202%2C%2003787%20Alpatr%C3%B3%2C%20Alicante&query_place_id=ChIJr1Hazx_tYQ0RTg3ujTPtrPs,38.8214069,-0.2618644,,verificado,no comprobado,
riera-d-agres-alberg-rural-agres,"Riera d'Agres, alberg rural",Agres,Fruta y verdura,verduras y hortalizas,"Partida. Fita, 10 , Agres","Riera d'Agres, alberg rural es un productor local de huerta en Agres, dentro de la provincia de Alicante.",,,info@rieradeagres.com,,,,https://www.google.com/maps/search/?api=1&query=Alberg%20rural%20%2F%20Albergue%20rural%20Riera%20d'Agres%2C%20La%20Fita%2C%2010%2C%2003837%20Agres%2C%20Alicante%2C%20Alicante&query_place_id=ChIJRyigV5mEYQ0Rx3edSBJXw0Q,38.7933933,-0.5205403,,pendiente,no comprobado,
finca-el-poliol-elche,Finca El Poliol,Elche,Fruta y verdura,fabricación propia | ecológico,"Partida Jubalcoy , Elche","Finca El Poliol es un productor local de huerta en Elche, dentro de la provincia de Alicante.",,+34691207302,jlmirallesbioterra@gmail.com,,https://www.facebook.com/groups/ecoruralcampdelx/,,https://www.google.com/maps/search/?api=1&query=Finca%20El%20Poliol%2C%20Partida%20Jubalcoy%2C%2003295%2C%20Alicante&query_place_id=ChIJgxM8DZe1Yw0RvE9kClpQtnY,38.2968833,-0.6500946,,parcial,no comprobado,
planeta-eco-benidoleig,Planeta ECO,Benidoleig,Fruta y verdura,fabricación propia | ecológico,"Av. Sant Doménech, 18 , Benidoleig","Planeta ECO es un productor local de huerta en Benidoleig, dentro de la provincia de Alicante.",,+34615398238,info@agricologia.es,https://planetaeco.bio/?fbclid=IwY2xjawFWLctleHRuA2FlbQIxMAABHUYk9b1qf15WjmgZvLjnTyqUlDVDJLsUr1JqmANEx4VScJPdEFw2HLWTLQ_aem_gQOP3Lq_86PHNLEBBMnrtw,https://www.facebook.com/PlanetaEco.bio,https://www.instagram.com/planeta_eco/,https://www.google.com/maps/search/?api=1&query=Agricologia%20Market%2C%20Planeta%20Eco%2C%20Cam%C3%AD%20Reial%2C%2003759%20Benidoleig%2C%20Alicante&query_place_id=ChIJ3XYXil_9YQ0RuEeKANZ4GD8,38.8040000,-0.0269167,,pendiente,no comprobado,
vivir-la-tierra-la-romana,Vivir la tierra,La Romana,Fruta y verdura,verduras y hortalizas,"Partida de Pomares, 37 , La Romana","Vivir la tierra es un productor local de huerta en La Romana, dentro de la provincia de Alicante.",,+34652814315,vivirlatierra@gmail.com,https://www.vivirlatierra.es,,https://www.instagram.com/vivir_la_tierra_coop/,https://www.google.com/maps/search/?api=1&query=Vivir%20la%20tierra%2C%20De%20Beltranes%2C%2022%2C%2003669%20la%20Romana%2C%20Alicante&query_place_id=ChIJ7zKT0qjBYw0RHrYXM0rpXIk,38.3468004,-0.8841960,,verificado,sí,ecommerce
l-hort-de-neli-pedreguer,L'Hort de Neli,Pedreguer,Fruta y verdura,verduras y hortalizas,"Cami la gatera , Pedreguer","L'Hort de Neli es un productor local de huerta en Pedreguer, dentro de la provincia de Alicante.",,+34609855943,hortdeneli@hotmail.com,,,,,,,,pendiente,no comprobado,
desarrollos-alternativos-la-rectoria-de-pego-sl-tormos,Desarrollos Alternativos La Rectoria de Pego SL,Tormos,Aromáticas y condimentos,hierbas aromáticas y condimentos,"C/ Santa Creu , Tormos","Desarrollos Alternativos La Rectoria de Pego SL es un productor local de aromáticas y condimentos en Tormos, dentro de la provincia de Alicante.",,+34610574515,gestelavee@gmail.com,,,,,38.80167,-0.0725,,parcial,no comprobado,
ganaderia-la-cabrera-elche,Ganadería la Cabrera,Elche,Otros,fabricación propia | producción artesanal,"Partida Matola polígono 3 nº 189, Matola , Elche","Ganadería la Cabrera es un productor local de varios en Elche, dentro de la provincia de Alicante.",,+34679784206,ganaderialacabrera@ganaderialacabrera.com,https://ganaderialacabrera.com/,https://www.facebook.com/marta.moncho,https://www.instagram.com/marta.gilabert.moncho/,,,,,pendiente,no comprobado,
helix-donaire-elche,Hélix Donaire,Elche,Otros,fabricación propia | ecológico,"Partida Puçol, s/n, Elche","Hélix Donaire es un productor local de varios en Elche, dentro de la provincia de Alicante.",,+34644199347,helixdonaire@gmail.com,https://www.helixdonaire.com,https://www.facebook.com/helixdonaire,,https://www.google.com/maps/search/?api=1&query=Granja%20de%20caracoles%20Helix%20Donaire%2C%20Partida%20Pu%C3%A7ol%2C%20s%2Fn%2C%2003296%20Elx%2C%20Alicante&query_place_id=ChIJ0R9C5jGxYw0RpH5rpzLRhkk,38.1955656,-0.7279218,/productores/comunitat-valenciana/alicante/helix-donaire-elche.webp,pendiente,no comprobado,
aitana-espirulina-guadalest,Aitana Espirulina,Guadalest,Otros,especialidades agroalimentarias,"Pda el Planet pol 2 parcela 381 , El Castell De Guadalest","Aitana Espirulina es un productor local de varios en Guadalest, dentro de la provincia de Alicante.",,+34611570131,info@aitanaespirulina.es,https://aitanaespirulina.es,https://www.facebook.com/aitanaespirulina/,https://www.instagram.com/aitanaespirulina/,https://www.google.com/maps/search/?api=1&query=Aitana%20Espirulina%20Artesanal%2C%20Pda%20el%20Planet%20pol%202%20parcela%20381%2C%2003517%20Guadalest%2C%20Alicante&query_place_id=ChIJgd3a-E8dYg0R2dAMCYSDszY,38.6499803,-0.1715981,/productores/comunitat-valenciana/alicante/aitana-espirulina-guadalest.webp,pendiente,no comprobado,
turrones-pico-jijona,Turrones Picó,Jijona,Otros,"turrón de Jijona, turrón de Alicante y dulces navideños","C/ Ibi, 24, Jijona","Turrones Picó elabora turrón, dulces de almendra y especialidades tradicionales de Jijona.",,+34965610068,,https://www.turronespico.com/,,https://www.instagram.com/turronespico/,https://www.google.com/maps/search/?api=1&query=Turrones%20Pic%C3%B3%2C%20Carretera%20Busot%2C%20km1%2C%2003100%20Xixona%2C%20Alicante&query_place_id=ChIJzRN1V022Yw0RN9ep8ujKuTU,38.5200076,-0.4876647,/productores/comunitat-valenciana/alicante/turrones-pico-jijona.webp,pendiente,no comprobado,
turrones-el-artesano-jijona,Turrones El Artesano,Jijona,Otros,turrón artesano y dulces de almendra,"Polígono Industrial Espartal III, Jijona","Turrones El Artesano elabora turrón, dulces de almendra y especialidades tradicionales de Jijona.",,,,https://www.elartesano.es/,,https://www.instagram.com/turroneselartesano/,https://www.google.com/maps/search/?api=1&query=Turrones%20El%20Artesano%20-%20Turrones%20y%20dulces%20artesanos%2C%20Pol%C3%ADgon%20Industrial%20el%20Espartal%20I%20s%2Fn%2C%20CV-800%2C%20km.%2013%2C%2003100%2C%20Alicante&query_place_id=ChIJmWs8w-wuYg0RyedOB4VdUoU,38.5199757,-0.4911085,,pendiente,no comprobado,
turrones-1880-jijona,Turrones 1880,Jijona,Otros,"turrón de Jijona, turrón de Alicante y dulces premium","Carretera Alicante-Jijona km 10, Jijona","Turrones 1880 elabora turrón, dulces de almendra y especialidades tradicionales de Jijona.",,,,https://www.1880.es/,,https://www.instagram.com/turron1880/,https://www.google.com/maps/search/?api=1&query=Turrones%201880%20%26%20El%20Lobo%2C%20Pol%C3%ADgono%20Industrial%20Ciudad%20del%20Turr%C3%B3n%20(Espartal%20II)%2C%2003100%2C%20Alicante&query_place_id=ChIJ47fsYewuYg0Rvd9TbppoHGE,38.5143423,-0.4851207,,pendiente,no comprobado,
turrones-primitivo-rovira-jijona,Turrones Primitivo Rovira,Jijona,Otros,turrones y dulces tradicionales,"Av. Constitució, 15, 03100 Xixona, Alicante","Turrones Primitivo Rovira elabora turrón, dulces de almendra y especialidades tradicionales de Jijona.",,,,https://primitivorovira.com/,,,https://www.google.com/maps/search/?api=1&query=Primitivo%20Rovira%20e%20Hijos%20-%20F%C3%A1brica%20de%20Turrones%20y%20Dulces%20-%20Casa%20Fundada%20en%201850%2C%20Av.%20Constituci%C3%B3%2C%2015%2C%2003100%20Xixona%2C%20Alicante&query_place_id=ChIJnT16M5MuYg0RxvNqdXmyGIU,38.5400140,-0.5071188,/productores/comunitat-valenciana/alicante/turrones-primitivo-rovira-jijona.webp,pendiente,no comprobado,
pablo-garrigos-ibanez-jijona,Pablo Garrigós Ibáñez,Jijona,Otros,"turrones, chocolates y dulces de almendra","Ctra, CV-800, km 14, 3, 03100, Alicante","Pablo Garrigós Ibáñez elabora turrón, dulces de almendra y especialidades tradicionales de Jijona.",,,,https://www.turronesydulces.com/,,https://www.instagram.com/pablogarrigosibanez/,https://www.google.com/maps/search/?api=1&query=Pablo%20Garrig%C3%B3s%20Ib%C3%A1%C3%B1ez%20S.L.%2C%20Ctra%2C%20CV-800%2C%20km%2014%2C%203%2C%2003100%2C%20Alicante&query_place_id=ChIJz8AB4_cuYg0R9izfn57sxJE,38.5254696,-0.4978983,/productores/comunitat-valenciana/alicante/pablo-garrigos-ibanez-jijona.webp,pendiente,no comprobado,
chocolates-valor-villajoyosa,Chocolates Valor,Villajoyosa,Chocolate,"chocolate a la taza, tabletas y cacao","Av. Pianista Gonzalo Soriano, 13, Villajoyosa",Chocolates Valor es un productor alicantino de chocolate y elaborados de cacao con identidad local.,,+34965890950,,https://www.valor.es/,,https://www.instagram.com/chocolatesvalor/,https://www.google.com/maps/search/?api=1&query=CHOCOLATES%20VALOR%20S.A.%2C%20Avinguda%20Pianista%20Gonzalo%20Soriano%2C%2013%2C%2003570%20La%20Vila%20Joiosa%2C%20Alicante&query_place_id=ChIJgRzgE44ZYg0RKIIoZH51ydo,38.5119221,-0.2330983,/productores/comunitat-valenciana/alicante/chocolates-valor-villajoyosa.webp,pendiente,no comprobado,
chocolates-clavileno-villajoyosa,Chocolates Clavileño,Villajoyosa,Chocolate,chocolate a la taza y tabletas,"Partida Torres Nte., 14A, 03570 Villajoyosa, Alicante",Chocolates Clavileño es un productor alicantino de chocolate y elaborados de cacao con identidad local.,,,,https://clavileno.com/,,https://www.instagram.com/chocolates_clavileno/,https://www.google.com/maps/search/?api=1&query=Chocolates%20Clavile%C3%B1o%2C%20Partida%20Torres%20Nte.%2C%2014A%2C%2003570%20Villajoyosa%2C%20Alicante&query_place_id=ChIJ-ToOISQaYg0R9oMkLRXGoLU,38.5210394,-0.2027302,,pendiente,no comprobado,
chocolates-marcos-tonda-villajoyosa,Chocolates Marcos Tonda,Villajoyosa,Chocolate,chocolate artesano y productos de cacao,"Polígono Industrial Torres, Partida Torres Nte., 3, 03570 Villajoyosa, Alicante",Chocolates Marcos Tonda es un productor alicantino de chocolate y elaborados de cacao con identidad local.,,,,https://chocolatesmarcostonda.com/,,https://www.instagram.com/chocolatesmarcostonda/,https://www.google.com/maps/search/?api=1&query=Chocolates%20Marcos%20Tonda%20-%20Tienda%20Online%20de%20Chocolates%20-%2C%20Pol%C3%ADgono%20Industrial%20Torres%2C%20Partida%20Torres%20Nte.%2C%203%2C%2003570%20Villajoyosa%2C%20Alicante&query_place_id=ChIJr4df00gaYg0RhiArILVt_l8,38.5161393,-0.2120422,/productores/comunitat-valenciana/alicante/chocolates-marcos-tonda-villajoyosa.webp,pendiente,no comprobado,
bodegas-enrique-mendoza-l-alfas-del-pi,Bodegas Enrique Mendoza,L'Alfàs del Pi,Bodega,vino DOP Alicante y monastrell,"Partida El Romeral, s/n, L’Alfàs del Pi",Bodegas Enrique Mendoza es una bodega de la provincia de Alicante vinculada a vinos locales y variedades mediterráneas.,,+34965888639,,https://www.bodegasmendoza.com/,,https://www.instagram.com/bodegasenriquemendoza/,https://www.google.com/maps/search/?api=1&query=Bodegas%20Enrique%20Mendoza%2C%20Cami%20del%20Romeral%2C%2042%2C%2003580%20Romeral%2C%20Alicante&query_place_id=ChIJaW9AsJoDYg0RYsS_-iUV9to,38.5700760,-0.1138676,/productores/comunitat-valenciana/alicante/bodegas-enrique-mendoza-l-alfas-del-pi.webp,verificado,sí,ecommerce
bodegas-bocopa-petrer,Bodegas Bocopa,Petrer,Bodega,vino DOP Alicante,"Autovía A-31 km 200, Petrer",Bodegas Bocopa es una bodega de la provincia de Alicante vinculada a vinos locales y variedades mediterráneas.,,+34966950489,,https://www.bocopa.com/,,https://www.instagram.com/bodegasbocopa/,https://www.google.com/maps/search/?api=1&query=Bodegas%20Bocopa%2C%20Paraje%20Les%20pedreres%2C%20Autov%C3%ADa%20de%20Alicante%2C%20Km%20200-201%20CP%2C%2003610%20Petrer%2C%20Alicante&query_place_id=ChIJ5VIRHuDaYw0RkfcAP-FHLtg,38.5037513,-0.7919296,/productores/comunitat-valenciana/alicante/bodegas-bocopa-petrer.webp,verificado,sí,ecommerce
bodegas-volver-pinoso,Bodegas Volver,Pinoso,Bodega,vino de monastrell,"Diseminado Pascualetes, 6 03659, 03659, Alicante",Bodegas Volver es una bodega de la provincia de Alicante vinculada a vinos locales y variedades mediterráneas.,,,,https://bodegasvolver.com/,,https://www.instagram.com/bodegasvolver/,https://www.google.com/maps/search/?api=1&query=Bodegas%20y%20Vi%C3%B1edos%20Volver%2C%20Diseminado%20Pascualetes%2C%206%2003659%2C%2003659%2C%20Alicante&query_place_id=ChIJvZx25QzuYw0RNa10Jk4vOa4,38.3499600,-1.0511203,/productores/comunitat-valenciana/alicante/bodegas-volver-pinoso.webp,verificado,sí,ecommerce
casa-agricola-pepe-mendoza-lliber,Casa Agrícola Pepe Mendoza,Llíber,Bodega,vino mediterráneo y monastrell,"C/ Madrid 6, L’Alfàs del Pi",Casa Agrícola Pepe Mendoza es una bodega de la provincia de Alicante vinculada a vinos locales y variedades mediterráneas.,,,,https://casaagricola.es/,,https://www.instagram.com/casa_agricola/,https://www.google.com/maps/search/?api=1&query=Pepe%20Mendoza%20Casa%20Agr%C3%ADcola%2C%20Finca%20Abargues%2C%20Partida%20Pla%20de%2C%2003729%20Ll%C3%ADber%2C%20Alicante&query_place_id=ChIJUeCz7YYBnhIRbeTVQxi9HT0,38.7308119,0.0071662,/productores/comunitat-valenciana/alicante/casa-agricola-pepe-mendoza-lliber.webp,verificado,sí,ecommerce
bodegas-monovar-monovar,Bodegas Monóvar,Monóvar,Bodega,fondillón y vino DOP Alicante,"Crta Salinas, Km 3,2, 03640 Monóvar, Alicante",Bodegas Monóvar es una bodega de la provincia de Alicante vinculada a vinos locales y variedades mediterráneas.,,,,https://www.bodegasmonovar.com/,,,https://www.google.com/maps/search/?api=1&query=Bodegas%20Mon%C3%B3var%20S.L.%2C%20Crta%20Salinas%2C%20Km%203%2C2%2C%2003640%20Mon%C3%B3var%2C%20Alicante&query_place_id=ChIJaVWYM4LDYw0R2evTZSBdC4I,38.4673182,-0.9043550,,verificado,sí,ecommerce
bodegas-xalo-xalo,Bodegas Xaló,Xaló,Bodega,vino de moscatel y mistela,"Ctra. Xaló-Alcalalí, Xaló",Bodegas Xaló es una bodega de la provincia de Alicante vinculada a vinos locales y variedades mediterráneas.,,+34966480034,,https://www.bodegasxalo.com/,,https://www.instagram.com/bodegasxalo/,https://www.google.com/maps/search/?api=1&query=Bodegas%20Xal%C3%B3%2C%20Carretera%2C%20s%2Fn%2C%2003727%20Xal%C3%B3%2C%20Alicante&query_place_id=ChIJr72FVxj8YQ0RnTu6VCzlTxs,38.7439980,-0.0185281,/productores/comunitat-valenciana/alicante/bodegas-xalo-xalo.webp,verificado,sí,ecommerce
bodegas-faelo-elche,Bodegas Faelo,Elche,Bodega,vino de Elche y monastrell,"Partida Matola, Elche",Bodegas Faelo es una bodega de la provincia de Alicante vinculada a vinos locales y variedades mediterráneas.,,,,https://www.bodegasfaelo.com/,,https://www.instagram.com/bodegasfaelo/,https://www.google.com/maps/search/?api=1&query=Bodegas%20Faelo%20-%20Enoturismo%2C%20Camino%20de%20los%20Coves%20Poligono%203%2C%20Partida%20Matola%2C%2018%2C%2003296%20Elche%2C%20Alicante&query_place_id=ChIJGarRGqqwYw0R-_40-3GFyMM,38.2252049,-0.7526100,,verificado,sí,ecommerce
cervezas-althaia-altea,Cervezas Althaia,Altea,Cerveza artesana,cerveza artesana,"Partida el Planet, 196, 03590 Altea, Alicante","Cervezas Althaia es un productor local de cerveza en Altea, dentro de la provincia de Alicante.",,,,https://www.althaia.es/,,https://www.instagram.com/althaiacerveza/,https://www.google.com/maps/search/?api=1&query=Cervezas%20Althaia%2C%20Partida%20el%20Planet%2C%20196%2C%2003590%20Altea%2C%20Alicante&query_place_id=ChIJP9xgIQYBYg0RkKh26bKfsI4,38.5827874,-0.0706774,,pendiente,no comprobado,
cervezas-spigha-alcoy,Cervezas Spigha,Alcoy,Cerveza artesana,cerveza artesana,"Polígon Cotes Baixes H, 6, 03804 Alcoi, Alicante","Cerrado definitivamente en 2020. Cervezas Spigha era un productor local de cerveza en Alcoy, dentro de la provincia de Alicante.",,,,,,,https://www.google.com/maps/search/?api=1&query=Spigha%20Cervesa%20Artesana%2C%20Pol%C3%ADgon%20Cotes%20Baixes%20H%2C%206%2C%2003804%20Alcoi%2C%20Alicante&query_place_id=ChIJq5L1PSKGYQ0Rbgi6VBzK_nU,38.7136733,-0.4557788,,pendiente,no comprobado,
cerveza-santa-faz-alicante,Cerveza Santa Faz,Alicante,Cerveza artesana,cerveza artesana alicantina,"Vivero de Empresa Príncipe Felipe, Avinguda d'Elx, 1571, Nave 6, 03008 Alacant, Alicante","Cerveza Santa Faz es un productor local de cerveza en Alicante, dentro de la provincia de Alicante.",,,,https://cervezasantafaz.com/,,https://www.instagram.com/cervezasantafaz/,https://www.google.com/maps/search/?api=1&query=Cerveza%20Santa%20Faz%20de%20Alicante%2C%20Vivero%20de%20Empresa%20Pr%C3%ADncipe%20Felipe%2C%20Avinguda%20d'Elx%2C%201571%2C%20Nave%206%2C%2003008%20Alacant%2C%20Alicante&query_place_id=ChIJ0RbTH_dJYg0R1euK02sY2DA,38.3022372,-0.5223565,,pendiente,no comprobado,
d-origen-coffee-roasters-altea,D.Origen Coffee Roasters,Altea,Café,café de especialidad tostado en Alicante,"Partida Cap-Blanch, 72, 03590 Altea, Alicante","D.Origen Coffee Roasters es un productor local de café en Altea, dentro de la provincia de Alicante.",,,,https://dorigencoffee.es/,,https://www.instagram.com/dorigencoffee/,https://www.google.com/maps/search/?api=1&query=D%E2%80%A2Origen%20Coffee%20Roasters%20(Tostador)%2C%20Partida%20Cap-Blanch%2C%2072%2C%2003590%20Altea%2C%20Alicante&query_place_id=ChIJSdx-ZFsBYg0RPp3KVrR9rvo,38.5828159,-0.0674881,/productores/comunitat-valenciana/alicante/d-origen-coffee-roasters-altea.webp,pendiente,no comprobado,
cafes-jurado-alicante,Cafés Jurado,Alicante,Café,café tostado local,"Pol. Ind. Plá de la Vallonga Calle Nieve Nº 8, Parcela, 88, 03006 Alicante","Cafés Jurado es un productor local de café en Alicante, dentro de la provincia de Alicante.",,,,https://cafejurado.com/,,https://www.instagram.com/cafejurado/,https://www.google.com/maps/search/?api=1&query=Caf%C3%A9%20Jurado%2C%20Pol.%20Ind.%20Pl%C3%A1%20de%20la%20Vallonga%20Calle%20Nieve%20N%C2%BA%208%2C%20Parcela%2C%2088%2C%2003006%20Alicante&query_place_id=ChIJ6e1DpLA1Yg0RbDJlKxaSRjM,38.3473368,-0.5500192,,pendiente,no comprobado,
salazones-vicente-roma-villajoyosa,Salazones Vicente Romá,Villajoyosa,Pescado,salazones artesanos,"Mercado Central, Calle Canalejas, s/n, Villajoyosa",Salazones Vicente Romá es un elaborador y comercio alicantino de salazones artesanos en Villajoyosa.,,,,https://www.salazonesroma.es/,,,https://www.google.com/maps/search/?api=1&query=Salazones%20Vicente%20Rom%C3%A1%2C%2011%2C%20Mercado%20Central%2C%20Calle%20Canalejas%2C%20s%2Fn%2C%2003570%20Villajoyosa%2C%20Alicante&query_place_id=ChIJzShkA_QZYg0Ruv6otHBwUzs,38.5075039,-0.2329773,/productores/comunitat-valenciana/alicante/salazones-vicente-roma-villajoyosa.webp,pendiente,no comprobado,
aceitunas-cazorla-alicante,Aceitunas Cazorla,Alicante,Aceitunas y encurtidos,"aceitunas, encurtidos y aperitivos","N-330, 69, 03007 Alicante","Aceitunas Cazorla es un productor local de aceitunas y encurtidos en Alicante, dentro de la provincia de Alicante.",,,,https://www.aceitunascazorla.com/,,https://www.instagram.com/laexplanada_es/,https://www.google.com/maps/search/?api=1&query=Aceitunas%20Cazorla%2C%20S.L.%2C%20N-330%2C%2069%2C%2003007%20Alicante&query_place_id=ChIJV2iU78Y1Yg0REXEGDUam4po,38.3432577,-0.5434334,/productores/comunitat-valenciana/alicante/aceitunas-cazorla-alicante.webp,verificado,no comprobado,
carmencita-novelda,Carmencita,Novelda,Aromáticas y condimentos,"especias, condimentos e infusiones","C/ Isaac Peral, 46, Novelda","Carmencita es un productor local de especias en Novelda, dentro de la provincia de Alicante.",,+34965600150,,https://carmencita.com/,,https://www.instagram.com/carmencita_es/,https://www.google.com/maps/search/?api=1&query=Jes%C3%BAs%20Navarro%20S.A.%20(Carmencita)%2C%20carrer%20l%60Assut%2C%20n%C2%BA%205%2C%2003660%20Novelda%2C%20Alicante&query_place_id=ChIJoxP6RqbIYw0RUJQWcIqx55Q,38.3866199,-0.7501576,/productores/comunitat-valenciana/alicante/carmencita-novelda.webp,verificado,sí,ecommerce
helados-alacant-san-vicente-del-raspeig,Helados Alacant,San Vicente del Raspeig,Helados,helados y postres helados,"C. Rayo, 1, 03690 San Vicente del Raspeig, Alicante","Helados Alacant es un productor local de helados en San Vicente del Raspeig, dentro de la provincia de Alicante.",,,,https://www.helados-alacant.com/,,https://www.instagram.com/heladosalacant/,https://www.google.com/maps/search/?api=1&query=Helados%20Alacant%2C%20C.%20Rayo%2C%201%2C%2003690%20San%20Vicente%20del%20Raspeig%2C%20Alicante&query_place_id=ChIJb_Ftv1A2Yg0RVc-MPZatWvI,38.3828685,-0.5042892,,pendiente,no comprobado,
la-vaqueria-del-camp-d-elx-elche,La Vaquería del Camp d'Elx,Elche,Lácteos y quesos,"quesos artesanales de vaca, queso de servilleta y queso al romero","Partida de Daimés, Polígono 2, nº227, 03294 Elche, Alicante",La Vaquería del Camp d'Elx es una quesería ilicitana vinculada a ganadería familiar y elaboración artesanal de quesos de vaca.,Lunes a viernes 08:00-19:00; sábado 09:00-14:00,+34600488802,info@lavaqueriadelcampdelx.com,https://www.lavaqueriadelcampdelx.com/,https://www.facebook.com/LaVaqueriaDelCampDelx/,https://www.instagram.com/lavaqueriadelcampdelx/,https://www.google.com/maps/search/?api=1&query=La%20Vaquer%C3%ADa%20del%20Camp%20d%27Elx%2C%20Partida%20de%20Daim%C3%A9s%2C%20Pol%C3%ADgono%202%2C%20n%C2%BA227%2C%2003294%20Elche%2C%20Alicante,38.1994,-0.6668,/productores/comunitat-valenciana/alicante/la-vaqueria-del-camp-d-elx-elche.webp,pendiente,no comprobado,
queseria-el-de-sereix-mutxamel,Quesería El de Sereix,Mutxamel,Lácteos y quesos,"queso fresco, queso joven, queso brusco y queso madurado","Carrer Sant Pere, 12, 03110 Mutxamel, Alicante",Quesería El de Sereix es una quesería artesanal de Mutxamel con ganadería propia y quesos de cabra.,,+34658683071,info@eldesereix.com,https://eldesereix.com/,https://www.facebook.com/eldesereix/,https://www.instagram.com/eldesereix/,https://www.google.com/maps/search/?api=1&query=Queser%C3%ADa%20El%20de%20Sereix%2C%20Carrer%20Sant%20Pere%2012%2C%2003110%20Mutxamel%2C%20Alicante,38.4116,-0.4475,,pendiente,no comprobado,
queseria-san-antonio-callosa-d-en-sarria,Quesería San Antonio,Callosa d'en Sarrià,Lácteos y quesos,"queso fresco, queso semicurado, queso curado y queso tipo Burgos","Partida Colomer, s/n, 03510 Callosa d'en Sarrià, Alicante","Quesería San Antonio es una empresa familiar con tres generaciones dedicada a quesos artesanales de cabra y vaca, premiada en los World Cheese Awards.",,+34965881319,info@queronsa.com,https://www.queseriasanantonio.com/,https://www.facebook.com/queronsa/,,https://www.google.com/maps/search/?api=1&query=Queser%C3%ADa%20San%20Antonio%20Queronsa%2C%20Partida%20Colomer%2C%2003510%20Callosa%20d%27en%20Sarri%C3%A0%2C%20Alicante,38.6460,-0.1211,/productores/comunitat-valenciana/alicante/queseria-san-antonio-callosa-d-en-sarria.webp,pendiente,no comprobado,
lacteos-segarra-elche,Lácteos Segarra,Elche,Lácteos y quesos,"queso de cabra fresco, queso de cabra curado y requesón","C/ Juan de la Cierva, 60, Elche Parque Empresarial, 03203 Elche, Alicante",Lácteos Segarra es una empresa familiar ilicitana con granja propia especializada en quesos de cabra desde 1986.,,+34965680506,info.lacteos@agotzaina.com,https://www.lacteossegarra.com/,https://www.facebook.com/LacteosSegarra/,https://www.instagram.com/lacteossegarra/,https://www.google.com/maps/search/?api=1&query=L%C3%A1cteos%20Segarra%2C%20C%2F%20Juan%20de%20la%20Cierva%2060%2C%20Elche%20Parque%20Empresarial%2C%2003203%20Elche%2C%20Alicante,38.2720,-0.6380,/productores/comunitat-valenciana/alicante/lacteos-segarra-elche.webp,pendiente,no comprobado,
quesos-munoz-santa-pola,Quesos Muñoz,Santa Pola,Lácteos y quesos,"queso fresco de cabra, queso tierno, queso de servilleta y requesón","C/ de los Mecánicos, 48, 03130 Santa Pola, Alicante",Quesos Muñoz es una empresa familiar con granja propia de cabras murciano-granadinas dedicada a quesos artesanales desde 1997.,,+34966693031,info@quesos-munoz.es,https://www.xn--quesosmuoz-09a.es/,,,,38.1979,-0.5586,/productores/comunitat-valenciana/alicante/quesos-munoz-santa-pola.webp,pendiente,no comprobado,
queseria-los-molinos-monovar,Quesería Los Molinos,Monóvar,Lácteos y quesos,"queso de cabra tierno, queso curado, queso al cantueso y crema de queso","Carrer Riu Vinalopó, 1, 03640 Monòver, Alicante",Quesería Los Molinos es una quesería familiar de Monóvar con ganadería propia de cabras dedicada a la producción artesanal.,,+34686393919,queserialosmolinos@hotmail.com,https://queserialosmolinos.es/,,https://www.instagram.com/queseria_los_molinos/,https://www.google.com/maps/search/?api=1&query=Queser%C3%ADa%20Los%20Molinos%2C%20Carrer%20Riu%20Vinalop%C3%B3%2C%201%2C%2003640%20Mon%C3%B3var%2C%20Alicante,38.4360,-0.8401,,pendiente,no comprobado,
queseria-del-valle-de-tibi-tibi,Quesería del Valle de Tibi,Tibi,Lácteos y quesos,"queso fresco de cabra, rulo de cabra, queso tierno y caprichos de la pastora","Av. les Llometes, 6, 03109 Tibi, Alicante",Quesería del Valle de Tibi es un proyecto familiar quesero con experiencias de pastoreo y talleres de elaboración.,,+34636635053,lilianegut@gmail.com,https://lilianegut.wixsite.com/queseria-tibi,https://www.facebook.com/queseriadelvalledetibi/,https://www.instagram.com/quesos_de_lili/,https://www.google.com/maps/search/?api=1&query=Queser%C3%ADa%20del%20Valle%20de%20Tibi%2C%20Av.%20les%20Llometes%206%2C%2003109%20Tibi%2C%20Alicante,38.5345,-0.5744,,pendiente,no comprobado,
alcaprone-queseria-alcoy,Alcaprone Quesería,Alcoy,Lácteos y quesos,"queso de cabra artesano, queso de pasta blanda y queso curado en aceite","Alcoy, Alicante","Alcaprone es una quesería artesanal fundada en 2020 que elabora quesos de cabra con leche de ganaderías ecológicas, premiada en World Cheese Awards y Concurso Internacional de Lyon.",Lunes a viernes 09:00-18:00; sábado 10:00-14:00,+34630406280,info@alcapronequeseria.com,https://alcapronequeseria.com/,,https://www.instagram.com/alcaprone_queseria/,,,,/productores/comunitat-valenciana/alicante/alcaprone-queseria-alcoy.webp,pendiente,no comprobado,
quesos-canto-d-elx-elche,Quesos Cantó d'Elx,Elche,Lácteos y quesos,queso fresco artesanal sin conservantes,"C/ Ciutadella de Menorca, 12, 03206 Elche, Alicante",Quesos Cantó d'Elx elabora queso fresco artesanal en Elche con distribución diaria por toda la provincia de Alicante.,,+34966672043,info@quesoscanto.es,https://www.quesoscanto.es/,https://www.facebook.com/quesoscantodelx/,https://www.instagram.com/quesoscanto/,https://www.google.com/maps/search/?api=1&query=Quesos%20Cant%C3%B3%20d%27Elx%2C%20Pol%C3%ADgono%20Industrial%20Carrus%2C%2003206%20Elche%2C%20Alicante,38.2700,-0.7200,/productores/comunitat-valenciana/alicante/quesos-canto-d-elx-elche.webp,pendiente,no comprobado,
better-pan-alicante,Better Pan,Alicante,Pan y pastelería,"panes de masa madre, repostería artesanal, tartas y cocas","Av. Goleta, 11, 03540 Playa San Juan, Alicante",Better Pan es un obrador artesano de Playa San Juan que trabaja panes de masa madre y repostería con fermentaciones largas.,Martes a viernes 09:00-14:00 y 17:30-20:00; sábado 09:00-14:00,+34965161434,betterpan@betterpan.es,https://betterpan.es/,https://www.facebook.com/pages/BETTER-PAN-horno-artesano-de-hoy/607427975995321,https://www.instagram.com/better.pan/,https://www.google.com/maps/search/?api=1&query=Better%20Pan%2C%20Av%20Goleta%2011%2C%2003540%20Alicante,,,/productores/comunitat-valenciana/alicante/better-pan-alicante.webp,pendiente,no comprobado,
raul-asencio-pastelerias-aspe,Raúl Asencio Pastelerías,Aspe,Pan y pastelería,"panettone artesano, toñas, magdalenas y helado artesanal","Parque Doctor Calatayud, 18, 03680 Aspe, Alicante","Raúl Asencio Pastelerías mantiene un obrador familiar en Aspe con elaboración artesanal de pastelería, panettone y dulces tradicionales.",Lunes a domingo 07:00-22:30,+34965493373,info@raulasencio.es,https://raulasencio.es/,https://www.facebook.com/raul.asencio.9,https://www.instagram.com/raulasencio.es/,https://www.google.com/maps/search/?api=1&query=Pasteler%C3%ADa%20Ra%C3%BAl%20Asencio%2C%20Parque%20Doctor%20Calatayud%2018%2C%2003680%20Aspe%2C%20Alicante,38.346647,-0.766358,/productores/comunitat-valenciana/alicante/raul-asencio-pastelerias-aspe.webp,pendiente,no comprobado,
roque-artesanos-castalla,Roque Artesanos,Castalla,Pan y pastelería,"pan artesano, cocas, toñas, rollos y dulces de Castalla","C/ Cervantes, 83, 03420 Castalla, Alicante","Roque Artesanos es un obrador de Castalla activo desde 1972, con panadería, bollería y dulces tradicionales de las comarcas interiores de Alicante.",,+34965560750,info@roqueartesanos.com,https://www.roqueartesanos.com/,,,https://www.google.com/maps/search/?api=1&query=Roque%20Artesanos%2C%20C%2F%20Cervantes%2083%2C%2003420%20Castalla%2C%20Alicante,,,/productores/comunitat-valenciana/alicante/roque-artesanos-castalla.webp,pendiente,no comprobado,
turrones-hijos-de-manuel-pico-jijona,Turrones Hijos de Manuel Picó,Jijona,Otros,"turrones artesanos, pastelería tradicional y Turrodelia gourmet","Polígono Industrial de Segorb, calle Santa Barbara 1ª Nave, Jijona, Alicante",Turrones Hijos de Manuel Picó es una firma jijonenca con elaboración artesanal de turrones y dulces de almendra.,Lunes a viernes 08:00-14:00,+34965610542,contacto@turronesmanuelpico.com,https://turronesmanuelpico.com/,https://www.facebook.com/TurronesManuelPico,https://www.instagram.com/turronesmanuelpico/,https://www.google.com/maps/search/?api=1&query=Turrones%20Hijos%20de%20Manuel%20Pic%C3%B3%2C%20Pol%C3%ADgono%20Industrial%20de%20Segorb%2C%20calle%20Santa%20Barbara%201%20Nave%2C%20Jijona%2C%20Alicante,,,,pendiente,no comprobado,
selma-olive-oil-guardamar-del-segura,Selma Olive Oil,Guardamar del Segura,Aceite,"aceite de oliva virgen extra, aceite ecológico y packs gourmet","C/ Miguel Hernández, 10, 03140 Guardamar del Segura, Alicante",Selma Olive Oil es una marca alicantina de aceite de oliva virgen extra con tienda y distribución desde Guardamar del Segura.,Lunes a viernes 09:30-14:00 y 16:00-19:00,+34965729570,info@selmaoliveoil.com,https://www.selmaoliveoil.com/,,https://www.instagram.com/selmaoliveoil/,https://www.google.com/maps/search/?api=1&query=Selma%20Olive%20Oil%2C%20C%2F%20Miguel%20Hern%C3%A1ndez%2010%2C%2003140%20Guardamar%20del%20Segura%2C%20Alicante,38.0893557,-0.6539613,/productores/comunitat-valenciana/alicante/selma-olive-oil-guardamar-del-segura.webp,parcial,sí,ecommerce
destilerias-tenis-monforte-del-cid,Destilerías Tenis,Monforte del Cid,Licores,"anís Tenis, herbero, cantueso y licores tradicionales","C/ San Vicente Ferrer, 3, 03670 Monforte del Cid, Alicante",Destilerías Tenis es una destilería de Monforte del Cid dedicada a anises y licores tradicionales alicantinos.,,+34965620002,anis@destileriastenis.com,https://anistenis.com/,https://www.facebook.com/anistenis,https://www.instagram.com/anis_tenis/,https://www.google.com/maps/search/?api=1&query=Destiler%C3%ADas%20Tenis%2C%20C%2F%20San%20Vicente%20Ferrer%203%2C%2003670%20Monforte%20del%20Cid%2C%20Alicante,38.3821826,-0.7256427,/productores/comunitat-valenciana/alicante/destilerias-tenis-monforte-del-cid.webp,verificado,sí,ecommerce
bodega-las-virtudes-villena,Bodega Las Virtudes,Villena,Bodega,"vino DOP Alicante, fondillón, monastrell y aceite de oliva","Carretera de Yecla, 27, 03400 Villena, Alicante","Bodega Las Virtudes es una cooperativa de Villena que elabora vinos DOP Alicante, fondillón y aceite de oliva.",Tienda: lunes a viernes 09:00-15:00; sábado 09:00-14:00,+34965802187,info@virtudes.net,https://www.bodegavirtudes.com/,https://www.facebook.com/bodegalasvirtudes,https://www.instagram.com/bodegalasvirtudes/,https://www.google.com/maps/search/?api=1&query=Bodega%20Las%20Virtudes%2C%20Carretera%20de%20Yecla%2027%2C%2003400%20Villena%2C%20Alicante,38.635,-0.86583,/productores/comunitat-valenciana/alicante/bodega-las-virtudes-villena.webp,verificado,sí,ecommerce
el-capricho-del-abuelo-dolores,El Capricho del Abuelo,Dolores,Pescado,"capellán a la brasa, salazones y conservas artesanales","Calle la Iglesia, 9, 03150 Dolores, Alicante",El Capricho del Abuelo fabrica en Dolores salazones listos para servir y conservas artesanales.,,+34653938802,,https://elcaprichodelabuelo.com/,,,https://www.google.com/maps/search/?api=1&query=El%20Capricho%20del%20Abuelo%2C%20Calle%20la%20Iglesia%209%2C%2003150%20Dolores%2C%20Alicante,38.1378738,-0.7692284,,pendiente,no comprobado,
salinitas-artesanos-callosa-de-segura,Salinitas Artesanos,Callosa de Segura,Aperitivos,"snacks horneados artesanales, salinitas dulces, saladas y de semillas","C. Rastrilladores, 20, 03360 Callosa de Segura, Alicante",Salinitas Artesanos elabora snacks horneados artesanales con receta familiar y seis sabores principales.,,+34965310569,info@salinitasartesanos.com,https://www.salinitasartesanos.com/,https://www.facebook.com/salinitasartesanos,https://www.instagram.com/salinitasartesanos/,https://www.google.com/maps/search/?api=1&query=Salinitas%20Artesanos%2C%20C.%20Rastrilladores%2020%2C%2003360%20Callosa%20de%20Segura%2C%20Alicante,,,,pendiente,no comprobado,
