slug,nombre,municipio,categoria,productos estrella,direccion,descripcion,horario,telefono,correo,web,Facebook,Instagram,Google Maps,lat,lon,imagen,verificacion
4-ojos-wines-el-puerto-de-santa-maria,4 Ojos Wines,El Puerto de Santa María,Bodega y licores,"Vinos blancos, vinos tintos, vinos tranquilos de Cádiz","C. Alfred Nobel, 295, 11500 El Puerto de Sta María, Cádiz","Pequeña bodega creada en 2016 formada por tres mujeres del mundo de la viticultura y la enología. Es una joven empresa que lleva a cabo elaboraciones con vinos monovarietales de calidad, con uva Moscatel de Alejandría y con uva autóctona adquirida a viticultores de la provincia de Cádiz, elaboradas de una manera alternativa a la convencional. La característica principal de esta bodega es que todos sus trabajos son llevados a.",Consultar web o venta directa,+34 600 050 764,4ojoswines@gmail.com,http://www.4ojoswines.es/,https://www.facebook.com/4ojoswines,https://www.instagram.com/4ojoswines,https://www.google.com/maps/search/?api=1&query=4%20Ojos%20Wines%2C%20C.%20Alfred%20Nobel%2C%20295%2C%2011500%20El%20Puerto%20de%20Sta%20Mar%C3%ADa%2C%20C%C3%A1diz&query_place_id=ChIJoW3UhxfPDQ0RNrlGfWpkHFg,36.6051925,-6.1931759,,pendiente
abuelo-bread-el-puerto-de-santa-maria,Abuelo Bread,El Puerto de Santa María,Pan y pastelería,Abuelo Bread,"C. Manantial, 16, 11500 El Puerto de Sta María, Cádiz","Abuelo Bread es un productor local de El Puerto de Santa María especializado en abuelo bread, integrado en la oferta agroalimentaria de proximidad de la provincia de Cádiz.",Consultar web o venta directa,+34 856 049 629,info@abuelobread.com,http://www.abuelobread.com/,https://www.facebook.com/abuelobread,https://www.instagram.com/abuelobread,https://www.google.com/maps/search/?api=1&query=Abuelo%20Bread%2C%20C.%20Manantial%2C%2016%2C%2011500%20El%20Puerto%20de%20Sta%20Mar%C3%ADa%2C%20C%C3%A1diz&query_place_id=ChIJBVgr0ZHPDQ0RFmEoJMEHfhQ,36.6094126,-6.208995,,pendiente
algodoliva-algodonales,Algodoliva,Algodonales,Aceite,"Algodoliva, Ecoalgodoliva (CAAE)","Avda DON MANUEL PIMENTEL s/n, 11680 Algodonales, Cádiz","Algodoliva es un productor local de Algodonales especializado en algodoliva, ecoalgodoliva (caae), integrado en la oferta agroalimentaria de proximidad de la provincia de Cádiz.",Consultar web o venta directa,+34 956 137 156,pacoleo@algodoliva.org,http://www.algodoliva.es/,https://www.facebook.com/ALGODOLIVA,https://www.instagram.com/algodoliva,https://www.google.com/maps/search/?api=1&query=Algodoliva%2C%20Avda%20DON%20MANUEL%20PIMENTEL%20s%2Fn%2C%2011680%20Algodonales%2C%20C%C3%A1diz&query_place_id=ChIJG902uWRqDQ0Rkm35SRhwc38,36.875626,-5.413028,,pendiente
almazara-las-pilas-olvera,Almazara las Pilas,Olvera,Aceite,Molino las Pilas,"C. Socorro, 48, 11690 Olvera, Cádiz","Almazara las Pilas es un productor local de Olvera especializado en molino las pilas, integrado en la oferta agroalimentaria de proximidad de la provincia de Cádiz.",Consultar web o venta directa,+34 956 130 730,info@almazaralaspilas.com,http://www.almazaralaspilas.com/,https://www.facebook.com/almazaralaspilas,https://www.instagram.com/almazaralaspilas,https://www.google.com/maps/search/?api=1&query=Almazara%20las%20Pilas%2C%20C.%20Socorro%2C%2048%2C%2011690%20Olvera%2C%20C%C3%A1diz&query_place_id=ChIJF2RCgi1EDQ0RvcR6udcD9FA,36.9334458,-5.2710545,,pendiente
apicola-patino-barrio-nuevo,Apícola Patiño,Barrio Nuevo,Miel,Apícola Patiño,"Carr. de Bo. Nuevo, 0, 11149 Barrio Nuevo, Cádiz","Apícola Patiño es un productor local de Barrio Nuevo especializado en apícola patiño, integrado en la oferta agroalimentaria de proximidad de la provincia de Cádiz.",Consultar web o venta directa,+34 956 445 645,info@latiendadelamiel.es,http://www.latiendadelamiel.es/,https://www.facebook.com/www.latiendadelamiel.es,https://www.instagram.com/miel_reina_abeja_,https://www.google.com/maps/search/?api=1&query=Ap%C3%ADcola%20Pati%C3%B1o%2C%20Carr.%20de%20Bo.%20Nuevo%2C%200%2C%2011149%20Barrio%20Nuevo%2C%20C%C3%A1diz&query_place_id=ChIJGxxGrjk2DA0R71HPFe1gaWw,36.338995,-6.081885199999999,,pendiente
aromas-de-medina-medina-sidonia,Aromas de Medina,Medina-Sidonia,Dulces y repostería,"Aromas de Medina, Alanda, Torremiel, Ducado Medina Sidonia","Ctra. Medina-Paterna km 1,5 Ctra. Medina-Paterna km 1,5, 11170 Medina-Sidonia, Cádiz","Aromas de Medina es un productor local de Medina-Sidonia especializado en aromas de medina, alanda, torremiel, ducado medina sidonia, integrado en la oferta agroalimentaria de proximidad de la provincia de Cádiz.",Consultar web o venta directa,+34 956 410 337,dulces@aromasdemedina.com,http://www.aromasdemedina.com/,https://www.facebook.com/aromasdemedina,https://www.instagram.com/aromasdemedina,https://www.google.com/maps/search/?api=1&query=Aromas%20de%20Medina%2C%20Ctra.%20Medina-Paterna%20km%201%2C5%20Ctra.%20Medina-Paterna%20km%201%2C5%2C%2011170%20Medina-Sidonia%2C%20C%C3%A1diz&query_place_id=ChIJIwPktLqtDQ0RZ2758Ijwmzg,36.471027,-5.921481399999999,,pendiente
barrialto-sanlucar-de-barrameda,Barrialto,Sanlúcar de Barrameda,Bodega y licores,Barrialto,"Plaza de Abastos, 11540 Sanlúcar de Barrameda, Cádiz","Barrialto es un productor local de Sanlúcar de Barrameda especializado en barrialto, integrado en la oferta agroalimentaria de proximidad de la provincia de Cádiz.",Consultar web o venta directa,+34 679 848 031,info@barrialto.com,http://www.barrialto.com/,,https://www.instagram.com/barrialtovinos,https://www.google.com/maps/search/?api=1&query=Barrialto%2C%20Plaza%20de%20Abastos%2C%2011540%20Sanl%C3%BAcar%20de%20Barrameda%2C%20C%C3%A1diz&query_place_id=ChIJyd0WmiXeDQ0RMk-cXqunKoQ,36.7772894,-6.3535736,,pendiente
bodega-almazara-sancha-perez-vejer-de-la-frontera,Bodega Almazara Sancha Pérez,Vejer de la Frontera,Aceite,Sancha Pérez,"Camino de los Moledores, s/n, 11150 Vejer de la Frontera, Cádiz","Bodega Almazara Sancha Pérez es un productor local de Vejer de la Frontera especializado en sancha pérez, integrado en la oferta agroalimentaria de proximidad de la provincia de Cádiz.",Consultar web o venta directa,+34 670 686 849,administracion@sanchaperez.com,http://www.sanchaperez.com/,https://www.facebook.com/sanchaperez,https://www.instagram.com/bodegasanchaperez,https://www.google.com/maps/search/?api=1&query=Bodega%20Almazara%20Sancha%20P%C3%A9rez%2C%20Camino%20de%20los%20Moledores%2C%20s%2Fn%2C%2011150%20Vejer%20de%20la%20Frontera%2C%20C%C3%A1diz&query_place_id=ChIJQcAXE8JHDA0Rm7hFxsjTv4o,36.2690713,-6.0455422,,pendiente
bodega-ambrosio-olvera,Bodega Ambrosio,Olvera,Bodega y licores,Bodega Ambrosio,"Pl. del Matadero, 6-4, 11690 Olvera, Cádiz","Bodega Ambrosio es un productor local de Olvera especializado en bodega ambrosio, integrado en la oferta agroalimentaria de proximidad de la provincia de Cádiz.",Consultar web o venta directa,+34 655 674 058,vinosecologicosambrosio@gmail.com,https://www.gustocadiz.com/es/empresa/bodega-ambrosio/,,,https://www.google.com/maps/search/?api=1&query=Bodega%20Ambrosio%2C%20Pl.%20del%20Matadero%2C%206-4%2C%2011690%20Olvera%2C%20C%C3%A1diz&query_place_id=ChIJz-Lh3sxFDQ0R0n1wJr1N2eA,36.9370889,-5.2673649,,pendiente
bodega-de-forlong-el-puerto-de-santa-maria,Bodega de Forlong,El Puerto de Santa María,Bodega y licores,Forlong,"Ctra. de Jerez-Rota, Km 6, 11500 El Puerto de Sta María, Cádiz","Bodega de Forlong es un productor local de El Puerto de Santa María especializado en forlong, integrado en la oferta agroalimentaria de proximidad de la provincia de Cádiz.",Consultar web o venta directa,+34 648 124 443,info@bodegadeforlong.com,http://www.bodegadeforlong.com/,https://www.facebook.com/forlongwine,https://www.instagram.com/forlongwine,https://www.google.com/maps/search/?api=1&query=Bodega%20de%20Forlong%2C%20Ctra.%20de%20Jerez-Rota%2C%20Km%206%2C%2011500%20El%20Puerto%20de%20Sta%20Mar%C3%ADa%2C%20C%C3%A1diz&query_place_id=ChIJv-aZKOHPDQ0RZBCiQ9DSIZI,36.6630632,-6.2575061,,pendiente
bodega-herederos-de-argueso-sanlucar-de-barrameda,Bodega Herederos de Argüeso,Sanlúcar de Barrameda,Bodega y licores,"Viña del Carmen, Mar de Argüeso, 1822, Argüeso, Las Medallas, San León, San León Reserva de Familia","C. Mar, 8, 11540 Sanlúcar de Barrameda, Cádiz","Bodega Herederos de Argüeso es un productor local de Sanlúcar de Barrameda especializado en viña del carmen, mar de argüeso, 1822, argüeso, las medallas, san león, san león reserva de familia, integrado en la oferta agroalimentaria de proximidad de la provincia de Cádiz.",Consultar web o venta directa,+34 956 385 200,argueso@argueso.com,http://www.herederosdeargueso.com/,https://www.facebook.com/bodegasargueso,https://www.instagram.com/bodegasargueso,https://www.google.com/maps/search/?api=1&query=Bodega%20Herederos%20de%20Arg%C3%BCeso%2C%20C.%20Mar%2C%208%2C%2011540%20Sanl%C3%BAcar%20de%20Barrameda%2C%20C%C3%A1diz&query_place_id=ChIJ_1JHjSbeDQ0RqPcFKOJt6F4,36.7807017,-6.3512277,,pendiente
bodega-regantio-viejo-arcos-de-la-frontera,Bodega Regantío Viejo,Arcos de la Frontera,Bodega y licores,"Regantío Viejo, Duo Vites, Relicta, Ignotus, Viñedos de Arcos","Bodega Regantío Viejo, Ctra. Alberite Km 9, 11630 Arcos de la Frontera, Cádiz","Bodega Regantío Viejo es un productor local de Arcos de la Frontera especializado en regantío viejo, duo vites, relicta, ignotus, viñedos de arcos, integrado en la oferta agroalimentaria de proximidad de la provincia de Cádiz.",Consultar web o venta directa,+34 856 023 646,info@regantioviejo.com,http://www.regantioviejo.com/,https://www.facebook.com/regantioviejo,https://www.instagram.com/regantioviejo,https://www.google.com/maps/search/?api=1&query=Bodega%20Regant%C3%ADo%20Viejo%2C%2011630%2C%20C%C3%A1diz%2C%20Espa%C3%B1a&query_place_id=ChIJ449yDBsLDQ0RJG0tgcr_6zY,36.7887686,-5.6811736,,pendiente
bodega-tesalia-arcos-de-la-frontera,Bodega Tesalia,Arcos de la Frontera,Bodega y licores,"Tesalia, ARX, Iceni","carretera La Perdiz-Las Abiertas (CA-6106, 11630 Arcos de la Frontera, Cádiz","Bodega Tesalia es un productor local de Arcos de la Frontera especializado en tesalia, arx, iceni, integrado en la oferta agroalimentaria de proximidad de la provincia de Cádiz.",Consultar web o venta directa,+34 611 187 157,ngolding@bodegatesalia.com,http://www.bodegatesalia.com/,https://www.facebook.com/bodegatesalia,https://www.instagram.com/bodegatesalia,https://www.google.com/maps/search/?api=1&query=Bodega%20Tesalia%2C%20carretera%20La%20Perdiz-Las%20Abiertas%20(CA-6106%2C%2011630%20Arcos%20de%20la%20Frontera%2C%20C%C3%A1diz&query_place_id=ChIJQcqDnSYJDQ0RYNe43hE5wV0,36.7099388,-5.6959613,,pendiente
bodega-vinificate-san-fernando,Bodega Vinificate,San Fernando,Bodega y licores,"Mahara, Amorro.","Ctra. Polvorines de Fadricas, 19, 11100 San Fernando, Cádiz","Bodega Vinificate es un productor local de San Fernando especializado en mahara, amorro., integrado en la oferta agroalimentaria de proximidad de la provincia de Cádiz.",Consultar web o venta directa,+34 675 132 424,info@bodegavinificate.com,http://www.bodegavinificate.com/,https://www.facebook.com/mahraviticultores,https://www.instagram.com/bodegavinificate,https://www.google.com/maps/search/?api=1&query=Bodega%20Vinificate%2C%20Ctra.%20Polvorines%20de%20Fadricas%2C%2019%2C%2011100%20San%20Fernando%2C%20C%C3%A1diz&query_place_id=ChIJEfnmBBrNDQ0RVWOBWoq2zic,36.4757798,-6.2051766,,pendiente
bodegas-arfe-sl-jerez-de-la-frontera,Bodegas Arfe SL.,Jerez de la Frontera,Bodega y licores,Vino blanco (Palo Cortado),"C. Molino de Viento, 12, 11401 Jerez de la Frontera, Cádiz","Bodegas Arfe SL. es un productor local de Jerez de la Frontera especializado en vino blanco (palo cortado), integrado en la oferta agroalimentaria de proximidad de la provincia de Cádiz.",Consultar web o venta directa,665 57 03 16,,https://bodegasarfe.com/,https://www.facebook.com/BODEGAS-ARFE-191505391794,https://www.instagram.com/bodegasarfe/,https://www.google.com/maps/search/?api=1&query=Bodegas%20Arfe%20SL.%2C%20C.%20Molino%20de%20Viento%2C%2012%2C%2011401%20Jerez%20de%20la%20Frontera%2C%20C%C3%A1diz&query_place_id=ChIJ43HxiY3GDQ0RjuwLlekmTEM,36.6779502,-6.135108499999999,,pendiente
bodegas-barbadillo-sanlucar-de-barrameda,Bodegas Barbadillo,Sanlúcar de Barrameda,Bodega y licores,"Barbadillo, Castillo de San Diego, Solear, Maestrante, Sabalo, Patinegro, Tintilla Nude, Quadis, Gibalbín, As de Mirabrás, Mirabras, Barbadillo VI Cool, Blanco de Blancos, Arboledilla Levante y Poniente, Manzanillas Nave Trinidad y Pastora, Atamán, Veta, San Rafael, Obispo Gascón, Laura, La Cilla, Eva, Cuco, Príncipe, Eritea, Toto Barbadillo, Reliquia, Brandy Solera, Vinagre de Jerez Barbadillo","Pl. del Castillo de Santiago, 11540 Sanlúcar de Barrameda, Cádiz","Bodegas Barbadillo es un productor local de Sanlúcar de Barrameda especializado en barbadillo, castillo de san diego, solear, maestrante, sabalo, patinegro, tintilla nude, quadis, gibalbín, as de mirabrás, mirabras, barbadillo vi cool, blanco de blancos, arboledilla levante y poniente, manzanillas nave trinidad y pastora, atamán, veta, san rafael, obispo gascón, laura, la cilla, eva, cuco, príncipe, eritea, toto barbadillo, reliquia, brandy solera, vinagre de jerez barbadillo, integrado en la oferta agroalimentaria de proximidad de la provincia de Cádiz.",Consultar web o venta directa,+34 956 385 500,infobarbadillo@barbadillo.com,http://www.barbadillo.com/,https://www.facebook.com/bodegasbarbadillo,https://www.instagram.com/bodegasbarbadillo,https://www.google.com/maps/search/?api=1&query=Bodegas%20Barbadillo%2C%20Pl.%20del%20Castillo%20de%20Santiago%2C%2011540%20Sanl%C3%BAcar%20de%20Barrameda%2C%20C%C3%A1diz&query_place_id=ChIJH8otECXeDQ0ROq84RPYJ4pE,36.7766822,-6.3497496,,pendiente
bodegas-el-gato-rota,Bodegas el Gato,Rota,Bodega y licores,"El Mayeto, Gran Mayeto, J. Martínez y Tehigo","Av. San Fernando, 40, 11520 Rota, Cádiz","Bodegas el Gato es un productor local de Rota especializado en el mayeto, gran mayeto, j. martínez y tehigo, integrado en la oferta agroalimentaria de proximidad de la provincia de Cádiz.",Consultar web o venta directa,881 15.9201,bodegaelgato@gmail.com,http://www.bodegaselgato.es/,https://www.facebook.com/bodegaselgato,https://www.instagram.com/licoreria_elgato,https://www.google.com/maps/search/?api=1&query=Bodegas%20el%20Gato%2C%20Av.%20San%20Fernando%2C%2040%2C%2011520%20Rota%2C%20C%C3%A1diz&query_place_id=ChIJTWW0BtLZDQ0RyuIh10rDe3I,36.6228111,-6.3603105,,pendiente
bodegas-la-cigarrera-sl-sanlucar-de-barrameda,Bodegas la Cigarrera SL.,Sanlúcar de Barrameda,Bodega y licores,Vino Manzanilla,"Pl. Madre de Dios, s/n, 11540 Sanlúcar de Barrameda, Cádiz","Bodegas la Cigarrera SL. es un productor local de Sanlúcar de Barrameda especializado en vino manzanilla, integrado en la oferta agroalimentaria de proximidad de la provincia de Cádiz.",Consultar web o venta directa,608 22 27 49,,http://www.bodegaslacigarrera.com/,,,https://www.google.com/maps/search/?api=1&query=Bodegas%20la%20Cigarrera%20SL.%2C%20Pl.%20Madre%20de%20Dios%2C%20s%2Fn%2C%2011540%20Sanl%C3%BAcar%20de%20Barrameda%2C%20C%C3%A1diz&query_place_id=ChIJE-VDZS_eDQ0RjRH5WDz4mAE,36.77721200000001,-6.354699,,pendiente
bodegas-paez-morilla-sa-jerez-de-la-frontera,Bodegas Páez Morilla SA.,Jerez de la Frontera,Bodega y licores,Vinagre,"Av. de Medina Sidonia, 20, 11406 Jerez de la Frontera, Cádiz","Bodegas Páez Morilla SA. es un productor local de Jerez de la Frontera especializado en vinagre, integrado en la oferta agroalimentaria de proximidad de la provincia de Cádiz.",Consultar web o venta directa,956 18 17 17,,http://www.bodegaspaezmorilla.net/,https://www.facebook.com/BodegasPaezMorilla,https://instagram.com/bodegaspaezmorilla,https://www.google.com/maps/search/?api=1&query=Bodegas%20P%C3%A1ez%20Morilla%20SA.%2C%20Av.%20de%20Medina%20Sidonia%2C%2020%2C%2011406%20Jerez%20de%20la%20Frontera%2C%20C%C3%A1diz&query_place_id=ChIJz_IKR_fGDQ0RsRflC-BrFBM,36.6640132,-6.111237,,pendiente
bodegas-yuste-sanlucar-de-barrameda,Bodegas Yuste,Sanlúcar de Barrameda,Bodega y licores,"Señorita Irene, Aurora, La Kika, Moscatel Pico Plata, Vermut Pedro I, Conde de Aldama, Punto Azul","Ctra. de Chipiona, 93, 11540 Sanlúcar de Barrameda, Cádiz","Bodegas Yuste es un productor local de Sanlúcar de Barrameda especializado en señorita irene, aurora, la kika, moscatel pico plata, vermut pedro i, conde de aldama, punto azul, integrado en la oferta agroalimentaria de proximidad de la provincia de Cádiz.",Consultar web o venta directa,+34 956 385 200,info@bodegasyuste.com,http://www.bodegasyuste.com/,https://www.facebook.com/BodegasYuste,https://www.instagram.com/bodegasyuste,https://www.google.com/maps/search/?api=1&query=Bodegas%20Yuste%2C%20Ctra.%20de%20Chipiona%2C%2093%2C%2011540%20Sanl%C3%BAcar%20de%20Barrameda%2C%20C%C3%A1diz&query_place_id=ChIJE4VG-DLeDQ0RRzHNoVmHD18,36.755217,-6.3697295,,pendiente
campo-museo-miel-rancho-cortesano-sca-jerez-de-la-frontera,Campo-museo Miel Rancho Cortesano SCA.,Jerez de la Frontera,Miel,"Miel, Infusiones, Especias, Polen, Jalea Real,","Desviación el Torno, CA-3111, Km 2, 11593 Jerez de la Frontera, Cádiz","Campo-museo Miel Rancho Cortesano SCA. es un productor local de Jerez de la Frontera especializado en miel, infusiones, especias, polen, jalea real,, integrado en la oferta agroalimentaria de proximidad de la provincia de Cádiz.",Consultar web o venta directa,956 23 75 28,,https://ranchocortesano.net/,https://www.facebook.com/Ranchocortesano/,https://www.instagram.com/rancho_cortesano/,https://www.google.com/maps/search/?api=1&query=Campo-museo%20Miel%20Rancho%20Cortesano%20SCA.%2C%20Desviaci%C3%B3n%20el%20Torno%2C%20CA-3111%2C%20Km%202%2C%2011593%20Jerez%20de%20la%20Frontera%2C%20C%C3%A1diz&query_place_id=ChIJ3TrVYD-vDQ0RkyubetKpAss,36.659217,-6.007579199999999,,pendiente
cantizano-salsas-y-conservas-paterna-de-rivera,Cantizano Salsas y Conservas,Paterna de Rivera,Despensa artesanal,Cantizano,"C. Pablo Picasso, 7, 11178 Paterna de Rivera, Cádiz","Cantizano Salsas y Conservas es un productor local de Paterna de Rivera especializado en cantizano, integrado en la oferta agroalimentaria de proximidad de la provincia de Cádiz.",Consultar web o venta directa,+34 654 119 838,direccion@cantizanosalsas.com,http://www.cantizanosalsas.com/,https://www.facebook.com/cantizanosalsas,http://instagram.com/cantizano_vegetales/,https://www.google.com/maps/search/?api=1&query=Cantizano%20Salsas%20y%20Conservas%2C%20C.%20Pablo%20Picasso%2C%207%2C%2011178%20Paterna%20de%20Rivera%2C%20C%C3%A1diz&query_place_id=ChIJ7ToQE7GtDQ0RKTp8h018v1E,36.5231096,-5.8632031,,pendiente
cerveza-la-pinonera-puerto-real,Cerveza La Piñonera,Puerto Real,Cerveza artesana,"Cerveza artesana, estilos belgas, cerveza de vendimia y visitas a fábrica","C. Real, 53, 11510 Puerto Real, Cádiz, España","Cerveza La Piñonera es un productor local de Puerto Real especializado en cerveza artesana, estilos belgas, cerveza de vendimia y visitas a fábrica, integrado en la oferta agroalimentaria de proximidad de la provincia de Cádiz.",Consultar web o venta directa,660 23 00 94,,https://lapinonera.es/,https://www.facebook.com/cervezalapinonera/,https://www.instagram.com/cervezalapinonera/,https://www.google.com/maps/search/?api=1&query=Cerveza%20La%20Pi%C3%B1onera%2C%20C.%20Real%2C%2053%2C%2011510%20Puerto%20Real%2C%20C%C3%A1diz%2C%20Espa%C3%B1a&query_place_id=ChIJhbG38tzNDQ0RpH08Pnz-mHM,36.5278356,-6.1873599,,pendiente
cerveza-maier-cadiz,Cerveza Maier,Cádiz,Cerveza artesana,"Cerveza artesana Maier, pale ale, triple dorada y brown ale","C. Cuna Vieja, 4, 11001 Cádiz, España","Cerveza Maier es un productor local de Cádiz especializado en cerveza artesana maier, pale ale, triple dorada y brown ale, integrado en la oferta agroalimentaria de proximidad de la provincia de Cádiz.",Consultar web o venta directa,+34 689 25 05 26,,https://www.cervezamaier.com/,,,https://www.google.com/maps/search/?api=1&query=Cerveza%20Maier%2C%20C.%20Cuna%20Vieja%2C%204%2C%2011001%20C%C3%A1diz%2C%20Espa%C3%B1a&query_place_id=ChIJzeHBp2HRDQ0RKmAOnfsjtGQ,36.532285,-6.2979397,,pendiente
chacinas-el-bosque-el-bosque,Chacinas el Bosque,El Bosque,Jamón y embutidos,Chacinas El Bosque,"Pol. Ind. Huerto Blanquillo, 11670 El, Cádiz","Chacinas el Bosque es un productor local de El Bosque especializado en chacinas el bosque, integrado en la oferta agroalimentaria de proximidad de la provincia de Cádiz.",Consultar web o venta directa,+34 956 716 347,info@chacinaselbosque.com,http://www.chacinaselbosque.com/,https://www.facebook.com/chacinaselbosque,,https://www.google.com/maps/search/?api=1&query=Chacinas%20el%20Bosque%2C%20Pol.%20Ind.%20Huerto%20Blanquillo%2C%2011670%20El%2C%20C%C3%A1diz&query_place_id=ChIJVVVVVcUTDQ0RLSHawYtpARk,36.7588923,-5.5182954,,pendiente
chacinas-mendez-el-bosque,Chacinas Méndez,El Bosque,Jamón y embutidos,Chacinas Méndez,"C. Huelva, 7, 11670 El Bosque, Cádiz","Chacinas Méndez es un productor local de El Bosque especializado en chacinas méndez, integrado en la oferta agroalimentaria de proximidad de la provincia de Cádiz.",Consultar web o venta directa,+34 956 716 293,info@chacinasmendez.com,http://www.chacinasmendez.com/,https://www.facebook.com/ChacinasMendez,,https://www.google.com/maps/search/?api=1&query=Chacinas%20M%C3%A9ndez%2C%20C.%20Huelva%2C%207%2C%2011670%20El%20Bosque%2C%20C%C3%A1diz&query_place_id=ChIJAS8JzcYTDQ0RLbyod-ufG54,36.7591394,-5.5042554,,pendiente
chacinas-pinero-benaocaz,Chacinas Piñero,Benaocaz,Jamón y embutidos,Chacinas Piñero,"C. San Blas, 15, 11612 Benaocaz, Cádiz","Chacinas Piñero es un productor local de Benaocaz especializado en chacinas piñero, integrado en la oferta agroalimentaria de proximidad de la provincia de Cádiz.",Consultar web o venta directa,881 15.9201,info@chacinaspinero.com,http://www.chacinaspinero.com/,https://www.facebook.com/ChacinasPi%C3%B1ero,,https://www.google.com/maps/search/?api=1&query=Chacinas%20Pi%C3%B1ero%2C%20C.%20San%20Blas%2C%2015%2C%2011612%20Benaocaz%2C%20C%C3%A1diz&query_place_id=ChIJgTTI3bIXDQ0RVVqgIralHVE,36.7000654,-5.422683,,pendiente
cienpalacios-el-puerto-de-santa-maria,Cienpalacios,El Puerto de Santa María,Dulces y repostería,Tejas Artesanas del Puerto y Cien Palacios,"C. Misericordia, 19, 11500 El Puerto de Sta María, Cádiz","Cienpalacios es un productor local de El Puerto de Santa María especializado en tejas artesanas del puerto y cien palacios, integrado en la oferta agroalimentaria de proximidad de la provincia de Cádiz.",Consultar web o venta directa,+34 956 858 287,info@cienpalacios.com,http://www.cienpalacios.com/,https://www.facebook.com/Cienpalaciostejasartesanasdeelpuerto,https://www.instagram.com/cienpalacios,https://www.google.com/maps/search/?api=1&query=Cienpalacios%2C%20C.%20Misericordia%2C%2019%2C%2011500%20El%20Puerto%20de%20Sta%20Mar%C3%ADa%2C%20C%C3%A1diz&query_place_id=ChIJQ7sknsLPDQ0RGHPXfLk5Kis,36.5980232,-6.2254239,,pendiente
confiteria-ntra-sra-de-la-paz-medina-sidonia,Confitería Ntra. Sra. de la Paz,Medina-Sidonia,Dulces y repostería,Confitería Nuestra Señora de la Paz,"C. San Juan, 14, 11170 Medina-Sidonia, Cádiz","Confitería Ntra. Sra. de la Paz es un productor local de Medina-Sidonia especializado en confitería nuestra señora de la paz, integrado en la oferta agroalimentaria de proximidad de la provincia de Cádiz.",Consultar web o venta directa,+34 956 410 161,info@confiterialapaz.com,http://www.confiterialapaz.com/,https://www.facebook.com/Confiter%C3%ADa%20Nuestra%20Se%C3%B1ora%20de%20la%20Paz,https://www.instagram.com/confiteriantrasradelapaz,https://www.google.com/maps/search/?api=1&query=Confiter%C3%ADa%20Ntra.%20Sra.%20de%20la%20Paz%2C%20C.%20San%20Juan%2C%2014%2C%2011170%20Medina-Sidonia%2C%20C%C3%A1diz&query_place_id=ChIJR0o4MjJNDA0RbpLG2mg-Ps8,36.4579348,-5.927995500000001,,pendiente
congelados-amar-conil-de-la-frontera,Congelados Amar,Conil de la Frontera,Pescado y conservas,Amar,"Av. de los Agricultores, 4, 11149 Conil de la Frontera, Cádiz","Congelados Amar es un productor local de Conil de la Frontera especializado en amar, integrado en la oferta agroalimentaria de proximidad de la provincia de Cádiz.",Consultar web o venta directa,+34 956 443 252,info@congeladosamar.com,http://www.congeladosamar.com/,https://www.facebook.com/amarcongelados,https://www.instagram.com/congeladosamar,https://www.google.com/maps/search/?api=1&query=Congelados%20Amar%2C%20Av.%20de%20los%20Agricultores%2C%204%2C%2011149%20Conil%20de%20la%20Frontera%2C%20C%C3%A1diz&query_place_id=ChIJOVRQQgJIDA0RciPtWDiNhrw,36.2918045,-6.069804899999999,,pendiente
congelados-caromar-chipiona,Congelados Caromar,Chipiona,Pescado y conservas,Caromar,"Polígono Industrial La Estación, C. de Diamantino García, 28, 11550 Chipiona, Cádiz","Congelados Caromar es un productor local de Chipiona especializado en caromar, integrado en la oferta agroalimentaria de proximidad de la provincia de Cádiz.",Consultar web o venta directa,+34 956 371 547,administracion@congeladoscaromar.com,http://www.congeladoscaromar.com/,https://www.facebook.com/caromar,https://www.instagram.com/congelados_caromar,https://www.google.com/maps/search/?api=1&query=Congelados%20Caromar%2C%20Pol%C3%ADgono%20Industrial%20La%20Estaci%C3%B3n%2C%20C.%20de%20Diamantino%20Garc%C3%ADa%2C%2028%2C%2011550%20Chipiona%2C%20C%C3%A1diz&query_place_id=ChIJX30m2p11Dg0RZvYbVoPkrvg,36.736098,-6.423358899999999,,pendiente
conservas-artesanales-contigo-cadiz,Conservas Artesanales Contigo,Cádiz,Despensa artesanal,Conservas Artesanales Contigo,"C. Ucrania, 9, 11011 Cádiz","Conservas Artesanales Contigo es un productor local de Cádiz especializado en conservas artesanales contigo, integrado en la oferta agroalimentaria de proximidad de la provincia de Cádiz.",Consultar web o venta directa,+34 659 194 610,info@cacontigo.com,http://www.conservasartesanalescontigo.es/,https://www.facebook.com/contigoconservasartesanales,https://www.instagram.com/cacontigo,https://www.google.com/maps/search/?api=1&query=Conservas%20Artesanales%20Contigo%2C%20C.%20Ucrania%2C%209%2C%2011011%20C%C3%A1diz&query_place_id=ChIJDVMaktzNDQ0RzBFYTC6X8fo,36.50476510000001,-6.2663473,,pendiente
conservas-senra-sanlucar-de-barrameda,Conservas Senra,Sanlúcar de Barrameda,Pescado y conservas,Conservas Senra,"Cl. Pinta, 5, 11540 Sanlúcar de Barrameda, Cádiz","Conservas Senra es un productor local de Sanlúcar de Barrameda especializado en conservas senra, integrado en la oferta agroalimentaria de proximidad de la provincia de Cádiz.",Consultar web o venta directa,+34 601 129 320,comercial@conservasenra.es,http://www.conservasenra.es/,https://www.facebook.com/conservasenra,https://www.instagram.com/conservas.senra,https://www.google.com/maps/search/?api=1&query=Conservas%20Senra%2C%20Cl.%20Pinta%2C%205%2C%2011540%20Sanl%C3%BAcar%20de%20Barrameda%2C%20C%C3%A1diz&query_place_id=ChIJB-uK7LvgDQ0RTqntiVak-kw,36.80043,-6.337639999999999,,pendiente
coop-los-remedios-picasat-olvera,Coop. los Remedios-picasat,Olvera,Aceite,"Aceite de oliva virgen extra, AOVE, aceite DOP Sierra de Cádiz","Av. Manuel de Falla, 14, 11690 Olvera, Cádiz","Coop. los Remedios-picasat es un productor local de Olvera especializado en aceite de oliva virgen extra, aove, aceite dop sierra de cádiz, integrado en la oferta agroalimentaria de proximidad de la provincia de Cádiz.",Consultar web o venta directa,+34 956 130 083,info@remediospicasat.com,http://www.remediospicasat.com/,https://www.facebook.com/losremediospicasat,https://www.instagram.com/losremediospicasat/,https://www.google.com/maps/search/?api=1&query=Coop.%20los%20Remedios-picasat%2C%20Av.%20Manuel%20de%20Falla%2C%2014%2C%2011690%20Olvera%2C%20C%C3%A1diz&query_place_id=ChIJiUu5itpFDQ0RhlsH_z2v5QE,36.9320662,-5.256726899999999,,pendiente
cota-45-sanlucar-de-barrameda,Cota 45,Sanlúcar de Barrameda,Bodega y licores,"UBE, Agostado, Pandorga.","Av. Bajo de Guía, 68, 11540 Sanlúcar de Barrameda, Cádiz","Cota 45 es un productor local de Sanlúcar de Barrameda especializado en ube, agostado, pandorga., integrado en la oferta agroalimentaria de proximidad de la provincia de Cádiz.",Consultar web o venta directa,+34 679 885 906,ramiro@cota45.com,https://www.gustocadiz.com/es/empresa/cota-45/,,https://www.instagram.com/bodegascota45,https://www.google.com/maps/search/?api=1&query=Cota%2045%2C%20Av.%20Bajo%20de%20Gu%C3%ADa%2C%2068%2C%2011540%20Sanl%C3%BAcar%20de%20Barrameda%2C%20C%C3%A1diz&query_place_id=ChIJo4U6ipzgDQ0RWhsbu7Mfp3Q,36.790608,-6.348484200000001,,pendiente
del-aqua-el-puerto-de-santa-maria,Del’aqua,El Puerto de Santa María,Pescado y conservas,"del’Aqua, Esteros del Guadalquivir.","Calle Torno nº 6 Polígono Industrial El Palmar 11500 Puerto de Santa María Cádiz ES, 11500 El Puerto de Sta María, Cádiz","Del’aqua es un productor local de El Puerto de Santa María especializado en del’aqua, esteros del guadalquivir., integrado en la oferta agroalimentaria de proximidad de la provincia de Cádiz.",Consultar web o venta directa,+34 856 606 003,infodelaqua@grupolaeras.com,http://www.delaquadeliciasdelmar.com/,https://www.facebook.com/delaquadeliciasdelmar,https://www.instagram.com/delaqua_deliciasdelmar,https://www.google.com/maps/search/?api=1&query=Del%E2%80%99aqua%2C%20Calle%20Torno%20n%C2%BA%206%20Pol%C3%ADgono%20Industrial%20El%20Palmar%2011500%20Puerto%20de%20Santa%20Mar%C3%ADa%20C%C3%A1diz%20ES%2C%2011500%20El%20Puerto%20de%20Sta%20Mar%C3%ADa%2C%20C%C3%A1diz&query_place_id=ChIJBxFWOoLPDQ0RAnoTWqbTLro,36.6180188,-6.2049503,,pendiente
destilerias-pico-el-puerto-de-santa-maria,Destilerías Pico,El Puerto de Santa María,Bodega y licores,"Cacao Pico Gran Licor, Café Pico","C. Cielo, 22, 11500 El Puerto de Sta María, Cádiz","Destilerías Pico es un productor local de El Puerto de Santa María especializado en cacao pico gran licor, café pico, integrado en la oferta agroalimentaria de proximidad de la provincia de Cádiz.",Consultar web o venta directa,+34 956 871 215,info@cacaopico.com,http://www.cacaopico.es/,https://www.facebook.com/cacaopico,,https://www.google.com/maps/search/?api=1&query=Destiler%C3%ADas%20Pico%2C%20C.%20Cielo%2C%2022%2C%2011500%20El%20Puerto%20de%20Sta%20Mar%C3%ADa%2C%20C%C3%A1diz&query_place_id=ChIJQ_Ge2OjPDQ0RO3w4Al46nTs,36.6035461,-6.2225293,,pendiente
destraperlo-comando-cervecero-jerez-de-la-frontera,Destraperlo Comando Cervecero,Jerez de la Frontera,Cerveza artesana,"Cerveza artesana Destraperlo, pale ale, red ale, IPA y porter","C. Tanzania, nº3, 11408 Jerez de la Frontera, Cádiz, España","Destraperlo Comando Cervecero es un productor local de Jerez de la Frontera especializado en cerveza artesana destraperlo, pale ale, red ale, ipa y porter, integrado en la oferta agroalimentaria de proximidad de la provincia de Cádiz.",Consultar web o venta directa,+34 691 046 568,comandocervecero@destraperlo.es,https://destraperlo.es/,https://www.facebook.com/DestraperloCraftBeer/,https://www.instagram.com/destraperlocraftbeer/,https://www.google.com/maps/search/?api=1&query=Destraperlo%20Comando%20Cervecero%2C%20C.%20Tanzania%2C%20n%C2%BA3%2C%2011408%20Jerez%20de%20la%20Frontera%2C%20C%C3%A1diz%2C%20Espa%C3%B1a&query_place_id=ChIJC_VhREHGDQ0R0i8HxPmA5kU,36.650787,-6.127175299999999,,pendiente
dona-casilda-cadiz,Doña Casilda,Cádiz,Lácteos y quesos,Doña Casilda,"Polígono industrial Los Isletes n2.09 esquina, 11580, Cádiz","Doña Casilda es un productor local de Cádiz especializado en doña casilda, integrado en la oferta agroalimentaria de proximidad de la provincia de Cádiz.",Consultar web o venta directa,+34 630 451 204,carlos.ruiz@doñacasilda.com,http://www.xn--doacasilda-u9a.com/,https://www.facebook.com/AgrazulSA,https://www.instagram.com/quesosdonacasilda/,https://www.google.com/maps/search/?api=1&query=Do%C3%B1a%20Casilda%2C%20Pol%C3%ADgono%20industrial%20Los%20Isletes%20n2.09%20esquina%2C%2011580%2C%20C%C3%A1diz&query_place_id=ChIJ_cDyCM2oDQ0R7LCjPv-Z_R8,36.6100839,-5.8118384,,pendiente
el-bucarito-rota,El Bucarito,Rota,Jamón y embutidos,El Bucarito,"A-491 km 12,5, 11520 Rota, Cádiz","El Bucarito es un productor local de Rota especializado en el bucarito, integrado en la oferta agroalimentaria de proximidad de la provincia de Cádiz.",Consultar web o venta directa,+34 956 101 264,quesos@elbucarito.es,http://www.elbucarito.es/,https://www.facebook.com/QuesosElBucarito,https://www.instagram.com/quesoselbucarito,https://www.google.com/maps/search/?api=1&query=El%20Bucarito%2C%20A-491%20km%2012%2C5%2C%2011520%20Rota%2C%20C%C3%A1diz&query_place_id=ChIJ6WLKNnHZDQ0Rj-uEh9LdFls,36.6622873,-6.3370374,,pendiente
el-cabrero-de-bolonia-playa-de-bolonia,El Cabrero de Bolonia,Playa de Bolonia,Lácteos y quesos,El Cabrero de Bolonia,"El Realillo, nº20, 11391 Playa de Bolonia, Cádiz","El Cabrero de Bolonia es un productor local de Playa de Bolonia especializado en el cabrero de bolonia, integrado en la oferta agroalimentaria de proximidad de la provincia de Cádiz.",Consultar web o venta directa,+34 662 564 867,elcabrerodebolonia@gmail.com,http://www.elcabrerodebolonia.com/,https://www.facebook.com/elcabrerodebolonia.tarifa,,https://www.google.com/maps/search/?api=1&query=El%20Cabrero%20de%20Bolonia%2C%20El%20Realillo%2C%20n%C2%BA20%2C%2011391%20Playa%20de%20Bolonia%2C%20C%C3%A1diz&query_place_id=ChIJzTD-3jhgDA0REnuDO-pdp3U,36.1089331,-5.7657802,,pendiente
el-ronqueo-barbate,El Ronqueo,Barbate,Pescado y conservas,"El Ronqueo, Artesanos de Almadraba","11160 Barbate, Cádiz","El Ronqueo es un productor local de Barbate especializado en el ronqueo, artesanos de almadraba, integrado en la oferta agroalimentaria de proximidad de la provincia de Cádiz.",Consultar web o venta directa,+34 956 431 080,info@elronqueo.es,http://www.elronqueo.es/,https://www.facebook.com/elronqueobarbate,https://www.instagram.com/elronqueobarbate,https://www.google.com/maps/search/?api=1&query=El%20Ronqueo%2C%2011160%20Barbate%2C%20C%C3%A1diz&query_place_id=ChIJHVUBplxDDA0RZzSr6mvgw74,36.203938,-5.926105,,pendiente
embutidos-gazules-alcala-de-los-gazules,Embutidos Gazules,Alcalá de los Gazules,Jamón y embutidos,Embutidos Gazules,"C. Pl Palmosa B, 7, 11180 Alcalá de los Gazules, Cádiz","Embutidos Gazules es un productor local de Alcalá de los Gazules especializado en embutidos gazules, integrado en la oferta agroalimentaria de proximidad de la provincia de Cádiz.",Consultar web o venta directa,881 15.9201,embutidosgazules@embutidosgazules.com,http://www.embutidosgazules.com/,,,https://www.google.com/maps/search/?api=1&query=Embutidos%20Gazules%2C%20C.%20Pl%20Palmosa%20B%2C%207%2C%2011180%20Alcal%C3%A1%20de%20los%20Gazules%2C%20C%C3%A1diz&query_place_id=ChIJU1MyOvr_DA0Rlh7tY3OiVUw,36.4394181,-5.7162469,,pendiente
etu-vino-vejer-de-la-frontera,Etu-vino,Vejer de la Frontera,Bodega y licores,ETU-Vino Costa de la Luz,"Bodega ETU, Carr. de Patria, Km. 1, 5, 11150 Vejer de la Frontera, Cádiz","Etu-vino es un productor local de Vejer de la Frontera especializado en etu-vino costa de la luz, integrado en la oferta agroalimentaria de proximidad de la provincia de Cádiz.",Consultar web o venta directa,+34 696 967 630,ute@etu-vino.com,http://www.etu-vino.com/,https://www.facebook.com/etu_vino_ute_mergner,https://www.instagram.com/etu_vino_ute_mergner,https://www.google.com/maps/search/?api=1&query=Etu-vino%2C%20Bodega%20ETU%2C%20Carr.%20de%20Patria%2C%20Km.%201%2C%205%2C%2011150%20Vejer%20de%20la%20Frontera%2C%20C%C3%A1diz&query_place_id=ChIJteHvdCFGDA0Rk-Tq3GM-ue0,36.2814433,-6.0069512,,pendiente
finca-arcadia-sl-jerez-de-la-frontera,Finca Arcadia SL.,Jerez de la Frontera,Lácteos y quesos,Huevos,"Finca Arcadia Pol. Ind. El Portal Martín Casillas nave 31, 11408 Jerez de la Frontera, Cádiz","Finca Arcadia SL. es un productor local de Jerez de la Frontera especializado en huevos, integrado en la oferta agroalimentaria de proximidad de la provincia de Cádiz.",Consultar web o venta directa,956 35 37 48,,http://www.fincaarcadia.es/,,,https://www.google.com/maps/search/?api=1&query=Finca%20Arcadia%20SL.%2C%20Finca%20Arcadia%20Pol.%20Ind.%20El%20Portal%20Mart%C3%ADn%20Casillas%20nave%2031%2C%2011408%20Jerez%20de%20la%20Frontera%2C%20C%C3%A1diz&query_place_id=ChIJsSzPf9XGDQ0RB3cDbkC6_mY,36.662862,-6.1293318,,pendiente
finca-las-mesetas-setenil-de-las-bodegas,Finca las Mesetas,Setenil de las Bodegas,Bodega y licores,"Ibéricos de Setenil Finca Las Mesetas, 7 Mil Pasos, Xaldenil","C. Calcetas, S/n, 11692 Setenil de las Bodegas, Cádiz","Finca las Mesetas es un productor local de Setenil de las Bodegas especializado en ibéricos de setenil finca las mesetas, 7 mil pasos, xaldenil, integrado en la oferta agroalimentaria de proximidad de la provincia de Cádiz.",Consultar web o venta directa,+34 956 134 694,lacuevadeliberico@hotmail.com,http://www.jamonesyvino.com/,https://www.facebook.com/cuevadeliberico,https://www.instagram.com/lacuevadeliberico,https://www.google.com/maps/search/?api=1&query=Finca%20las%20Mesetas%2C%20C.%20Calcetas%2C%20S%2Fn%2C%2011692%20Setenil%20de%20las%20Bodegas%2C%20C%C3%A1diz&query_place_id=ChIJD6AQlrVJDQ0R56mwSUBZCJ0,36.86430319999999,-5.181176199999999,,pendiente
frigorificos-costa-sur-chiclana-de-la-frontera,Frigoríficos Costa Sur,Chiclana de la Frontera,Pescado y conservas,"Fricosur, Estrella Polar","C. de las Libertades, 30, 11130 Chiclana de la Frontera, Cádiz","Frigoríficos Costa Sur es un productor local de Chiclana de la Frontera especializado en fricosur, estrella polar, integrado en la oferta agroalimentaria de proximidad de la provincia de Cádiz.",Consultar web o venta directa,+34 956 532 670,fricosuradmon@hotmail.com,http://www.frigorificoscostasur.com/,https://www.facebook.com/fricosur,,https://www.google.com/maps/search/?api=1&query=Frigor%C3%ADficos%20Costa%20Sur%2C%20C.%20de%20las%20Libertades%2C%2030%2C%2011130%20Chiclana%20de%20la%20Frontera%2C%20C%C3%A1diz&query_place_id=ChIJi4aO1580DA0Re2bXtFDBZG8,36.4042829,-6.1292553,,pendiente
gadira-barbate,Gadira,Barbate,Pescado y conservas,"Gadira, Baelo","Pol. Industrial El Olivar, Avenida Los Marineros, nº 4, 11160 Barbate, Cádiz","Gadira es un productor local de Barbate especializado en gadira, baelo, integrado en la oferta agroalimentaria de proximidad de la provincia de Cádiz.",Consultar web o venta directa,+34 956 435 839,tienda@productosdealmadraba.com,http://www.productosdealmadraba.com/,https://www.facebook.com/AtunGadira,https://www.instagram.com/atungadira,https://www.google.com/maps/search/?api=1&query=Gadira%2C%20Pol.%20Industrial%20El%20Olivar%2C%20Avenida%20Los%20Marineros%2C%20n%C2%BA%204%2C%2011160%20Barbate%2C%20C%C3%A1diz&query_place_id=ChIJW8HlHJ1EDA0RMbPgdJx8wqw,36.2041327,-5.9275252,,pendiente
goldsal-el-puerto-de-santa-maria,Goldsal,El Puerto de Santa María,Sal y condimentos,GoldSal,"C. Mayorga, 4, 1D, 11500 El Puerto de Sta María, Cádiz","Goldsal es un productor local de El Puerto de Santa María especializado en goldsal, integrado en la oferta agroalimentaria de proximidad de la provincia de Cádiz.",Consultar web o venta directa,+34 636 449 396,info@goldsal.es,http://www.goldsal.es/,https://www.facebook.com/Hnos.Ubeda,https://www.instagram.com/goldsal,https://www.google.com/maps/search/?api=1&query=Goldsal%2C%20C.%20Mayorga%2C%204%2C%201D%2C%2011500%20El%20Puerto%20de%20Sta%20Mar%C3%ADa%2C%20C%C3%A1diz&query_place_id=ChIJNWZHoYjPDQ0R1Yd2jySTLrA,36.60026939999999,-6.223211399999999,,pendiente
grupo-luis-caballero-el-puerto-de-santa-maria,Grupo Luís Caballero,El Puerto de Santa María,Bodega y licores,"Ponche Caballero, Lustau, Bruja Bella, Burdon, Contrabando, Decano & Milenario, La Ina, La Malinche, Lerchundi, Macarena, Mangaroca, Marqués de Irún, Miura, Pavón, Ponche Cuesta, Puntacana, Sildka, Tequilas del Señor, Vermut Lustau, Viña Herminia, Vodka Mink.","C. San Francisco, 32, 11500 El Puerto de Sta María, Cádiz","Grupo Luís Caballero es un productor local de El Puerto de Santa María especializado en ponche caballero, lustau, bruja bella, burdon, contrabando, decano & milenario, la ina, la malinche, lerchundi, macarena, mangaroca, marqués de irún, miura, pavón, ponche cuesta, puntacana, sildka, tequilas del señor, vermut lustau, viña herminia, vodka mink., integrado en la oferta agroalimentaria de proximidad de la provincia de Cádiz.",Consultar web o venta directa,+34 956 851 751,marketing@caballero.es,http://www.caballero.es/,,,https://www.google.com/maps/search/?api=1&query=Grupo%20Lu%C3%ADs%20Caballero%2C%20C.%20San%20Francisco%2C%2032%2C%2011500%20El%20Puerto%20de%20Sta%20Mar%C3%ADa%2C%20C%C3%A1diz&query_place_id=ChIJ3SZTxuDPDQ0RguwSRUeMJIU,36.5989711,-6.2326985,,pendiente
guadaceite-chiclana-de-la-frontera,Guadaceite,Chiclana de la Frontera,Aceite,Puerta del Sur (AOVE),"Pol. Ind. Pelagatos, C. del Progreso, 24, 11130 Chiclana de la Frontera, Cádiz","Guadaceite es un productor local de Chiclana de la Frontera especializado en puerta del sur (aove), integrado en la oferta agroalimentaria de proximidad de la provincia de Cádiz.",Consultar web o venta directa,+34 956 402 724,info@guadaceite.es,http://www.guadaceite.es/,,https://www.instagram.com/guadaceite/,https://www.google.com/maps/search/?api=1&query=Guadaceite%2C%20Pol.%20Ind.%20Pelagatos%2C%20C.%20del%20Progreso%2C%2024%2C%2011130%20Chiclana%20de%20la%20Frontera%2C%20C%C3%A1diz&query_place_id=ChIJ5UsDoOs1DA0RrwzY9cll8ZA,36.4025398,-6.1317491,,pendiente
guardi-wines-cadiz,Guardi Wines,Cádiz,Bodega y licores,"Vino Amor, Barón Gracia Real","Unnamed Road, 11630, 11630, Cádiz","Guardi Wines es un productor local de Cádiz especializado en vino amor, barón gracia real, integrado en la oferta agroalimentaria de proximidad de la provincia de Cádiz.",Consultar web o venta directa,+34 659 648 018,info@guardiwines.com,http://www.guardiwines.com/,https://www.facebook.com/Guardiwinesarcos,https://www.instagram.com/Guardiwines,https://www.google.com/maps/search/?api=1&query=Guardi%20Wines%2C%20Unnamed%20Road%2C%2011630%2C%2011630%2C%20C%C3%A1diz&query_place_id=ChIJ_wxubkOnDQ0R29PDnjmIloU,36.6770307,-5.7740353,,pendiente
gutierrez-colosia-el-puerto-de-santa-maria,Gutierrez Colosía,El Puerto de Santa María,Bodega y licores,"Gutiérrez Colosía, Sangre y Trabajadero, Juan Sebastián Elcano, Americo Vespucci","Av. de la Bajamar, 40, 11500 El Puerto de Sta María, Cádiz","Gutierrez Colosía es un productor local de El Puerto de Santa María especializado en gutiérrez colosía, sangre y trabajadero, juan sebastián elcano, americo vespucci, integrado en la oferta agroalimentaria de proximidad de la provincia de Cádiz.",Consultar web o venta directa,+34 956 852 852,export@gutierrezcolosia.com,http://www.gutierrezcolosia.com/,https://www.facebook.com/gutierrezcolosia,https://www.instagram.com/gutierrezcolosia,https://www.google.com/maps/search/?api=1&query=Gutierrez%20Colos%C3%ADa%2C%20Av.%20de%20la%20Bajamar%2C%2040%2C%2011500%20El%20Puerto%20de%20Sta%20Mar%C3%ADa%2C%20C%C3%A1diz&query_place_id=ChIJcc10sNzPDQ0R7MlO8Xl-hvU,36.5923196,-6.228654700000001,,pendiente
herencia-yacente-elias-gonzalez-guzman-sanlucar-de-barrameda,Herencia Yacente Elías González Guzmán,Sanlúcar de Barrameda,Bodega y licores,"Vino amontillado, Vino moscatel y Vino oloroso","Cl. Banda Playa, 11540 Sanlúcar de Barrameda, Cádiz","Herencia Yacente Elías González Guzmán es un productor local de Sanlúcar de Barrameda especializado en vino amontillado, vino moscatel y vino oloroso, integrado en la oferta agroalimentaria de proximidad de la provincia de Cádiz.",Consultar web o venta directa,956 36 06 26,,https://www.manzanillaelias.com/,https://www.facebook.com/FotoRicardoSanlucar/,,https://www.google.com/maps/search/?api=1&query=Herencia%20Yacente%20El%C3%ADas%20Gonz%C3%A1lez%20Guzm%C3%A1n%2C%20Cl.%20Banda%20Playa%2C%2011540%20Sanl%C3%BAcar%20de%20Barrameda%2C%20C%C3%A1diz&query_place_id=ChIJmeXtJy_eDQ0RNtUxtlqFUZc,36.77770890000001,-6.3583818,,pendiente
hermanillas-los-barrios,Hermanillas,Los Barrios,Miel,Hermanillas,"Autovía, 11370 Los Barrios, Cádiz, España","Hermanillas es un productor local de Los Barrios especializado en hermanillas, integrado en la oferta agroalimentaria de proximidad de la provincia de Cádiz.",Consultar web o venta directa,+34 676 888 460,info@hermanillas.com,http://www.hermanillas.com/,https://www.facebook.com/mielecologicahermanillas,https://www.instagram.com/mielecologicahermanillas,https://www.google.com/maps/search/?api=1&query=Hermanillas%2C%20Autov%C3%ADa%2C%2011370%20Los%20Barrios%2C%20C%C3%A1diz%2C%20Espa%C3%B1a&query_place_id=ChIJVTKN3q_xDA0RVGKKelkqf4E,36.2887535,-5.573965900000001,,pendiente
herpac-barbate,Herpac,Barbate,Pescado y conservas,"Herpac, Candray","Polígono Industrial El Olivar, s/n, 11160 Barbate, Cádiz","Herpac es un productor local de Barbate especializado en herpac, candray, integrado en la oferta agroalimentaria de proximidad de la provincia de Cádiz.",Consultar web o venta directa,+34 956 431 376,herpac@herpac.com,http://www.herpac.com/,https://www.facebook.com/herpacbarbate,https://www.instagram.com/herpacbarbate,https://www.google.com/maps/search/?api=1&query=Herpac%2C%20Pol%C3%ADgono%20Industrial%20El%20Olivar%2C%20s%2Fn%2C%2011160%20Barbate%2C%20C%C3%A1diz&query_place_id=ChIJ66WVpUJDDA0RkRL1Yf8U-s8,36.2056702,-5.926827299999999,,pendiente
huerta-de-albala-arcos-de-la-frontera,Huerta de Albalá,Arcos de la Frontera,Bodega y licores,"Barba Azul, Taberner, Taberner Nº 1","CA-6105, Km4, 11630 Arcos de la Frontera, Cádiz","Huerta de Albalá es un productor local de Arcos de la Frontera especializado en barba azul, taberner, taberner nº 1, integrado en la oferta agroalimentaria de proximidad de la provincia de Cádiz.",Consultar web o venta directa,+34 956 101 300,bodega@huertadealbala.com,http://www.huertadealbala.com/,https://www.facebook.com/BodegaHuertadeAlbala,https://www.instagram.com/huertadealbala,https://www.google.com/maps/search/?api=1&query=Huerta%20de%20Albal%C3%A1%2C%20CA-6105%2C%20Km4%2C%2011630%20Arcos%20de%20la%20Frontera%2C%20C%C3%A1diz&query_place_id=ChIJ6ysfwfYKDQ0RD3BEiGioXOI,36.7805029,-5.7041773,,pendiente
indi-drinks-el-puerto-de-santa-maria,Indi Drinks,El Puerto de Santa María,Despensa artesanal,Indi&Co.,"C. Cielo, 22, 11500 El Puerto de Sta María, Cádiz","Indi Drinks es un productor local de El Puerto de Santa María especializado en indi&co., integrado en la oferta agroalimentaria de proximidad de la provincia de Cádiz.",Consultar web o venta directa,+34 954 975 375,indiessences@indiessences.com,http://www.indidrinks.com/,https://www.facebook.com/indiessencesdrinks,https://www.instagram.com/indi_essences,https://www.google.com/maps/search/?api=1&query=Indi%20Drinks%2C%20C.%20Cielo%2C%2022%2C%2011500%20El%20Puerto%20de%20Sta%20Mar%C3%ADa%2C%20C%C3%A1diz&query_place_id=ChIJuarRsu7PDQ0R2TEaZpwjhyk,36.6036093,-6.2224713,,pendiente
industrial-conservera-de-tarifa-slu-tarifa,Industrial Conservera de Tarifa SLU.,Tarifa,Pescado y conservas,Caballa y Melva de Andalucía.,"Ctra. Cádiz-Málaga, 11, 11380 Tarifa, Cádiz","Industrial Conservera de Tarifa SLU. es un productor local de Tarifa especializado en caballa y melva de andalucía., integrado en la oferta agroalimentaria de proximidad de la provincia de Cádiz.",Consultar web o venta directa,912 90 02 47,,https://www.conserveradetarifa.es/,https://www.facebook.com/conserveradetarifa,https://www.instagram.com/conserveradetarifa/?hl=es,https://www.google.com/maps/search/?api=1&query=Industrial%20Conservera%20de%20Tarifa%20SLU.%2C%20Ctra.%20C%C3%A1diz-M%C3%A1laga%2C%2011%2C%2011380%20Tarifa%2C%20C%C3%A1diz&query_place_id=ChIJFSZSb_KODA0RprlvqWRoH60,36.0141155,-5.6098265,,pendiente
la-chanca-barbate,La Chanca,Barbate,Pescado y conservas,"La Chanca, Baessipo, Salpesca","Polígono Industrial El Olivar Avda. Los Marineros nº10, 11160 Barbate, Cádiz","La Chanca es un productor local de Barbate especializado en la chanca, baessipo, salpesca, integrado en la oferta agroalimentaria de proximidad de la provincia de Cádiz.",Consultar web o venta directa,+34 956 430 979,info@lachanca.com,http://www.lachanca.com/,https://www.facebook.com/La.Chanca,https://www.instagram.com/lachancabarbate,https://www.google.com/maps/search/?api=1&query=La%20Chanca%2C%20Pol%C3%ADgono%20Industrial%20El%20Olivar%20Avda.%20Los%20Marineros%20n%C2%BA10%2C%2011160%20Barbate%2C%20C%C3%A1diz&query_place_id=ChIJKamULu1DDA0RXL8BkhHfGE4,36.2051547,-5.9268142,,pendiente
la-kombucheria-conil-de-la-frontera,La Kombuchería,Conil de la Frontera,Despensa artesanal,Bío Kombucha,"Av. de los Albañiles, 36, 11140 Conil de la Frontera, Cádiz","La Kombuchería es un productor local de Conil de la Frontera especializado en bío kombucha, integrado en la oferta agroalimentaria de proximidad de la provincia de Cádiz.",Consultar web o venta directa,+34 956 440 894,kombucha@kombucheria.com,http://www.kombucheria.com/,https://www.facebook.com/biokombucha,https://www.instagram.com/kombucha_biokombucha,https://www.google.com/maps/search/?api=1&query=La%20Kombucher%C3%ADa%2C%20Av.%20de%20los%20Alba%C3%B1iles%2C%2036%2C%2011140%20Conil%20de%20la%20Frontera%2C%20C%C3%A1diz&query_place_id=ChIJjbckSfo3DA0RkgdthTQhEk8,36.2900237,-6.0683359,,pendiente
la-mayeteria-sanluquena-sanlucar-de-barrameda,La Mayetería Sanluqueña,Sanlúcar de Barrameda,Bodega y licores,Corta y Raspa,"Finca La Mayetería Sanluqueña, Sanlúcar de Barrameda, Cádiz","La Mayetería Sanluqueña es un productor local de Sanlúcar de Barrameda especializado en corta y raspa, integrado en la oferta agroalimentaria de proximidad de la provincia de Cádiz.",Consultar web o venta directa,+34 622 166 543,drgagricola@gmail.com,https://www.gustocadiz.com/es/empresa/la-mayeteria-sanluquena/,,,https://www.google.com/maps/search/?api=1&query=La%20Mayeter%C3%ADa%20Sanluque%C3%B1a%2C%20JJX7%2BRQ%2C%2011520%20Base%20Naval%2C%20C%C3%A1diz&query_place_id=ChIJ_xzHPUvZDQ0RvMRWorUU46Q,36.6495449,-6.385498999999999,,pendiente
la-pastora-de-grazalema-grazalema,La Pastora de Grazalema,Grazalema,Lácteos y quesos,La Pastora de Grazalema,"C. de Los Angeles, 29, 11610 Grazalema, Cádiz","La Pastora de Grazalema es un productor local de Grazalema especializado en la pastora de grazalema, integrado en la oferta agroalimentaria de proximidad de la provincia de Cádiz.",Consultar web o venta directa,+34 956 132 092,lapastoradegrazalema@gmail.com,http://www.lapastoradegrazalema.com/,https://www.facebook.com/lapastoradegrazalema,,https://www.google.com/maps/search/?api=1&query=La%20Pastora%20de%20Grazalema%2C%20C.%20de%20Los%20Angeles%2C%2029%2C%2011610%20Grazalema%2C%20C%C3%A1diz&query_place_id=ChIJ4SVK5W4-DQ0ReUiqJpRfXGE,36.7615149,-5.3657563,,pendiente
la-pedriza-chiclana-de-la-frontera,La Pedriza,Chiclana de la Frontera,Fruta y verdura,"La Pedriza, Tentudía","Tr.ª Alameda de Solano, 34, 11130 Chiclana de la Frontera, Cádiz","La Pedriza es un productor local de Chiclana de la Frontera especializado en la pedriza, tentudía, integrado en la oferta agroalimentaria de proximidad de la provincia de Cádiz.",Consultar web o venta directa,881 15.9201,comercial@alimentoslapedriza.com,http://www.alimentoslapedriza.com/,https://www.facebook.com/LegumbresLaPedriza,,https://www.google.com/maps/search/?api=1&query=La%20Pedriza%2C%20Tr.%C2%AA%20Alameda%20de%20Solano%2C%2034%2C%2011130%20Chiclana%20de%20la%20Frontera%2C%20C%C3%A1diz&query_place_id=ChIJbcOhR5g0DA0RKF52Kx3A71I,36.4285369,-6.143037,,pendiente
la-serrana-olvera,La Serrana,Olvera,Jamón y embutidos,La Serrana,"Av. Julián Besteiro, 11690 Olvera, Cádiz","La Serrana es un productor local de Olvera especializado en la serrana, integrado en la oferta agroalimentaria de proximidad de la provincia de Cádiz.",Consultar web o venta directa,881 15.9201,info@embutidoslaserrana.com,http://www.embutidoslaserrana.com/,,,https://www.google.com/maps/search/?api=1&query=La%20Serrana%2C%20Av.%20Juli%C3%A1n%20Besteiro%2C%2011690%20Olvera%2C%20C%C3%A1diz&query_place_id=ChIJq5GW_c9FDQ0RMBTi8iHl5_Y,36.9334639,-5.2494586,,pendiente
las-bravias-chiclana-de-la-frontera,Las Bravías,Chiclana de la Frontera,Miel,Las Bravías,"Salina Santa María de Jesús, Camino de, 11130 Chiclana de la Frontera, Cádiz","Las Bravías es un productor local de Chiclana de la Frontera especializado en las bravías, integrado en la oferta agroalimentaria de proximidad de la provincia de Cádiz.",Consultar web o venta directa,881 15.9201,info@lasbravias.com,http://www.lasbravias.com/,https://www.facebook.com/Lasbravias,https://www.instagram.com/lasbravias,https://www.google.com/maps/search/?api=1&query=Las%20Brav%C3%ADas%2C%20Salina%20Santa%20Mar%C3%ADa%20de%20Jes%C3%BAs%2C%20Camino%20de%2C%2011130%20Chiclana%20de%20la%20Frontera%2C%20C%C3%A1diz&query_place_id=ChIJiXDMXUUzDA0Rm7m0xSft9X4,36.439707,-6.1644727,,pendiente
legumbres-pedro-alcala-de-los-gazules,Legumbres Pedro,Alcalá de los Gazules,Fruta y verdura,"Pedro, Don Pedro, Don Pedro Premium, Don Pedro Bio, Potage","A-2228, Km 30, 6, 11180 Alcalá de los Gazules, Cádiz","Legumbres Pedro es un productor local de Alcalá de los Gazules especializado en pedro, don pedro, don pedro premium, don pedro bio, potage, integrado en la oferta agroalimentaria de proximidad de la provincia de Cádiz.",Consultar web o venta directa,+34 956 420 126,info@legumbrespedro.com,http://www.legumbrespedro.com/,https://www.facebook.com/legumbresdonpedro,https://www.instagram.com/legumbresdonpedro,https://www.google.com/maps/search/?api=1&query=Legumbres%20Pedro%2C%20A-2228%2C%20Km%2030%2C%206%2C%2011180%20Alcal%C3%A1%20de%20los%20Gazules%2C%20C%C3%A1diz&query_place_id=ChIJ3bpET_f_DA0RrqA4Xi7oXlg,36.4410189,-5.7489136,,pendiente
los-horgazales-villamartin,Los Horgazales,Villamartin,Aceite,"Señorío de Villamartín, Hacienda los Horgazales","HACIENDA LOS HORGAZALES (CTRA. JEREZ, Carr. de Antequera, KM 29-200, 11650 Villamartin, Cádiz","Los Horgazales es un productor local de Villamartin especializado en señorío de villamartín, hacienda los horgazales, integrado en la oferta agroalimentaria de proximidad de la provincia de Cádiz.",Consultar web o venta directa,+34 617 194 792,administracion@loshorgazales.com,http://www.loshorgazales.com/,https://www.facebook.com/loshorgazales,https://www.instagram.com/loshorgazales,https://www.google.com/maps/search/?api=1&query=Los%20Horgazales%2C%20HACIENDA%20LOS%20HORGAZALES%20(CTRA.%20JEREZ%2C%20Carr.%20de%20Antequera%2C%20KM%2029-200%2C%2011650%20Villamartin%2C%20C%C3%A1diz&query_place_id=ChIJEZJS_4ptDQ0R4I_lCeDfNWw,36.8861307,-5.5594488,,pendiente
malandar-brewing-rota,Malandar Brewing,Rota,Cerveza artesana,"Cerveza artesanal independiente, estilos propios, producción local","C. Ganaderos, 12, 11520 Rota, Cádiz, España","Malandar Brewing es un productor local de Rota especializado en cerveza artesanal independiente, estilos propios, producción local, integrado en la oferta agroalimentaria de proximidad de la provincia de Cádiz.",Consultar web o venta directa,699 28 51 28,,http://malandar.es/,,https://www.instagram.com/malandarbrewery/,https://www.google.com/maps/search/?api=1&query=Malandar%20Brewing%2C%20C.%20Ganaderos%2C%2012%2C%2011520%20Rota%2C%20C%C3%A1diz%2C%20Espa%C3%B1a&query_place_id=ChIJx-NtTJfZDQ0Rkhl6t17_kRw,36.6326281,-6.3635435,,pendiente
miel-el-pinsapar-benamahoma,Miel el Pinsapar,Benamahoma,Miel,Miel El Pinsapar,"Ribera Batanes, 4, 11679 Benamahoma, Cádiz","Miel el Pinsapar es un productor local de Benamahoma especializado en miel el pinsapar, integrado en la oferta agroalimentaria de proximidad de la provincia de Cádiz.",Consultar web o venta directa,+34 692 641 384,info@mielelpinsapar.com,http://www.mielelpinsapar.com/,https://es-es.facebook.com/miel.elpinsapar,https://www.instagram.com/mielelpinsapar/,https://www.google.com/maps/search/?api=1&query=Miel%20el%20Pinsapar%2C%20Ribera%20Batanes%2C%204%2C%2011679%20Benamahoma%2C%20C%C3%A1diz&query_place_id=ChIJ-fF8KIQSDQ0R8whJuM1YtK0,36.76594,-5.470766999999999,,pendiente
miguel-domecq-sl-cadiz,Miguel Domecq SL.,Cádiz,Bodega y licores,"Vino blanco, Vino rosado y Vino Tinto.","La Ina, Km 14, 5, 11595, Cádiz","Miguel Domecq SL. es un productor local de Cádiz especializado en vino blanco, vino rosado y vino tinto., integrado en la oferta agroalimentaria de proximidad de la provincia de Cádiz.",Consultar web o venta directa,856 03 00 73,,https://migueldomecq.com/,https://www.facebook.com/Bodegamigueldomecq,https://www.instagram.com/bodegamigueldomecq/,https://www.google.com/maps/search/?api=1&query=Miguel%20Domecq%20SL.%2C%20La%20Ina%2C%20Km%2014%2C%205%2C%2011595%2C%20C%C3%A1diz&query_place_id=ChIJEXC-l_2wDQ0ROFc7U0MIBSU,36.59186940000001,-5.948351,,pendiente
molino-de-espera-espera,Molino de Espera,Espera,Aceite,Molino de Espera,"C. Veracruz, 25, 11648 Espera, Cádiz","Molino de Espera es un productor local de Espera especializado en molino de espera, integrado en la oferta agroalimentaria de proximidad de la provincia de Cádiz.",Consultar web o venta directa,+34 607 720 137,elmolinodeespera@gmail.com,http://www.molinodeespera.com/,,,https://www.google.com/maps/search/?api=1&query=Molino%20de%20Espera%2C%20C.%20Veracruz%2C%2025%2C%2011648%20Espera%2C%20C%C3%A1diz&query_place_id=ChIJza6I5c6eDQ0Rxm3x-6Bzy08,36.8698556,-5.8068993,,pendiente
molino-el-salado-olvera,Molino el Salado,Olvera,Aceite,Molino el Salado,"C. Mercado, 69, 11690 Olvera, Cádiz","Molino el Salado es un productor local de Olvera especializado en molino el salado, integrado en la oferta agroalimentaria de proximidad de la provincia de Cádiz.",Consultar web o venta directa,+34 956 130 816,info@molinoelsalado.com,http://www.molinoelsalado.com/,https://www.facebook.com/molinoelsalado,,https://www.google.com/maps/search/?api=1&query=Molino%20el%20Salado%2C%20C.%20Mercado%2C%2069%2C%2011690%20Olvera%2C%20C%C3%A1diz&query_place_id=ChIJY_CJB85FDQ0RrVzWdjXltQI,36.9351965,-5.2632807,,pendiente
montesierra-sl-jerez-de-la-frontera,Montesierra SL.,Jerez de la Frontera,Jamón y embutidos,Jamón de bellota 100% ibérico y Paleta de bellota 100% ibérica,"Rotonda nº4, Av. Juan Carlos I, 11406 Jerez de la Frontera, Cádiz","Montesierra SL. es un productor local de Jerez de la Frontera especializado en jamón de bellota 100% ibérico y paleta de bellota 100% ibérica, integrado en la oferta agroalimentaria de proximidad de la provincia de Cádiz.",Consultar web o venta directa,956 34 32 95,,http://montesierra.com/,https://www.facebook.com/montesierra.jamones/,https://www.instagram.com/jamonmontesierra/,https://www.google.com/maps/search/?api=1&query=Montesierra%20SL.%2C%20Rotonda%20n%C2%BA4%2C%20Av.%20Juan%20Carlos%20I%2C%2011406%20Jerez%20de%20la%20Frontera%2C%20C%C3%A1diz&query_place_id=ChIJcfioTOXGDQ0RBNPLctgn6NA,36.676289,-6.1001569,,pendiente
moyseafood-el-puerto-de-santa-maria,Moyseafood,El Puerto de Santa María,Despensa artesanal,Moyseafood,"Calle Dr. Medinilla, 4, 11500 El Puerto de Sta María, Cádiz","Moyseafood es un productor local de El Puerto de Santa María especializado en moyseafood, integrado en la oferta agroalimentaria de proximidad de la provincia de Cádiz.",Consultar web o venta directa,+34 956 560 895,info@moyseafood.com,http://www.moyseafood.com/,,,https://www.google.com/maps/search/?api=1&query=Moyseafood%2C%20Calle%20Dr.%20Medinilla%2C%204%2C%2011500%20El%20Puerto%20de%20Sta%20Mar%C3%ADa%2C%20C%C3%A1diz&query_place_id=ChIJ-5qj1G7QDQ0Rfucx6d2Xgzg,36.6136802,-6.202653499999999,,pendiente
muchada-leclapart-sanlucar-de-barrameda,Muchada Léclapart,Sanlúcar de Barrameda,Bodega y licores,"Muchada-Leclapart Univers, Lumiere, Elixir, Etoile, Vibrations","C. Dorantes, 1, 11540 Sanlúcar de Barrameda, Cádiz","Muchada Léclapart es un productor local de Sanlúcar de Barrameda especializado en muchada-leclapart univers, lumiere, elixir, etoile, vibrations, integrado en la oferta agroalimentaria de proximidad de la provincia de Cádiz.",Consultar web o venta directa,+34 660 360 902,info@muchada-leclapart.com,http://www.muchada-leclapart.com/,https://www.facebook.com/muchadaleclapart,https://www.instagram.com/muchadaleclapart,https://www.google.com/maps/search/?api=1&query=Muchada%20L%C3%A9clapart%2C%20C.%20Dorantes%2C%201%2C%2011540%20Sanl%C3%BAcar%20de%20Barrameda%2C%20C%C3%A1diz&query_place_id=ChIJu9LwZ0ffDQ0Rdi8SidC4mno,36.7749398,-6.3538752,,pendiente
oleoconil-conil-de-la-frontera,Oleoconil,Conil de la Frontera,Aceite,Oleoconil,"C. de la Confederación, 30, 11140 Conil de la Frontera, Cádiz","Oleoconil es un productor local de Conil de la Frontera especializado en oleoconil, integrado en la oferta agroalimentaria de proximidad de la provincia de Cádiz.",Consultar web o venta directa,881 15.9201,oleoconil@oleoconil.es,http://www.oleoconil.es/,https://www.facebook.com/oleoconil,,https://www.google.com/maps/search/?api=1&query=Oleoconil%2C%20C.%20de%20la%20Confederaci%C3%B3n%2C%2030%2C%2011140%20Conil%20de%20la%20Frontera%2C%20C%C3%A1diz&query_place_id=ChIJxxCE8Rw4DA0RU7WCo2z0qCs,36.2784094,-6.080637500000001,,pendiente
oleum-viride-zahara-de-la-sierra,Oleum Viride,Zahara de la Sierra,Aceite,"Oleum Viride, Fine Tempo","Finca Haza las Lajas, s/n, 11688 Zahara de la Sierra, Cádiz","Oleum Viride es un productor local de Zahara de la Sierra especializado en oleum viride, fine tempo, integrado en la oferta agroalimentaria de proximidad de la provincia de Cádiz.",Consultar web o venta directa,881 15.9201,info@oleumviride.com,http://www.oleumviride.com/,https://www.facebook.com/almazaraelmanzanillo,https://www.instagram.com/oleum_viride,https://www.google.com/maps/search/?api=1&query=Oleum%20Viride%2C%20Finca%20Haza%20las%20Lajas%2C%20s%2Fn%2C%2011688%20Zahara%20de%20la%20Sierra%2C%20C%C3%A1diz&query_place_id=ChIJb_HEHaNqDQ0RGOIGuv6Mf5c,36.8489527,-5.401488,,pendiente
olivar-del-lentisquillo-jerez-de-la-frontera,Olivar del Lentisquillo,Jerez de la Frontera,Aceite,Olivar del Lentisquillo,"C. Sierra del Labradillo, 8, 11407 Jerez de la Frontera, Cádiz","Olivar del Lentisquillo es un productor local de Jerez de la Frontera especializado en olivar del lentisquillo, integrado en la oferta agroalimentaria de proximidad de la provincia de Cádiz.",Consultar web o venta directa,+34 607 625 367,luisvazquezfl@gmail.com,http://www.olivardellentisquillo.com/,https://www.facebook.com/olivardellentisquillo/?hc_ref=ARQUJBVJGZ6jZMlHkLqu0pDkELq5mFFehhIf_Jm_eafa3lJDOCNG0_e_E1mfCL9WvHY&fref=nf,https://www.instagram.com/olivardellentisquillo,https://www.google.com/maps/search/?api=1&query=Olivar%20del%20Lentisquillo%2C%20C.%20Sierra%20del%20Labradillo%2C%208%2C%2011407%20Jerez%20de%20la%20Frontera%2C%20C%C3%A1diz&query_place_id=ChIJvcrb73THDQ0RURJHRcH_Na4,36.7052477,-6.1285244,,pendiente
osborne-el-puerto-de-santa-maria,Osborne,El Puerto de Santa María,Bodega y licores,"Cinco Jotas, Sánchez Romero Carvajal, Ampersand, Anís del Mono, Brockmans Gin, Carlos I, Conde de Osborne, Disaronno, Espírito de Minas, Evan Williams, Felipe II, Fino Quinta, Flor de Caña, Independencia, Magno, Nordés, Passport Scotch, Ponche Santa María Osborne, Russian Standard, Salinissima, Santo Grau, Tia Maria, Veterano, Zubrowka, Xantiamen, 1866, 103, Bodegas Montecillo, Vinos de Jerez Premium Osborne, Vinos de Jerez Rare Vors Osborne, Viña Cumbrero Rioja, Osborne Porto, Solaz, Vermouth Osborne.","C. los Moros, 7, 11500 El Puerto de Sta María, Cádiz","Osborne es un productor local de El Puerto de Santa María especializado en cinco jotas, sánchez romero carvajal, ampersand, anís del mono, brockmans gin, carlos i, conde de osborne, disaronno, espírito de minas, evan williams, felipe ii, fino quinta, flor de caña, independencia, magno, nordés, passport scotch, ponche santa maría osborne, russian standard, salinissima, santo grau, tia maria, veterano, zubrowka, xantiamen, 1866, 103, bodegas montecillo, vinos de jerez premium osborne, vinos de jerez rare vors osborne, viña cumbrero rioja, osborne porto, solaz, vermouth osborne., integrado en la oferta agroalimentaria de proximidad de la provincia de Cádiz.",Consultar web o venta directa,+34 956 869 000,comunicaciones@osborne.es,http://www.osborne.es/,https://www.facebook.com/OsborneExperience,https://www.instagram.com/osborne_oficial,https://www.google.com/maps/search/?api=1&query=Osborne%2C%20C.%20los%20Moros%2C%207%2C%2011500%20El%20Puerto%20de%20Sta%20Mar%C3%ADa%2C%20C%C3%A1diz&query_place_id=ChIJrTsx7snPDQ0Riq-On40pwHY,36.5950006,-6.2291224,,pendiente
patriapura-vejer-de-la-frontera,Patríapura,Vejer de la Frontera,Despensa artesanal,PatríaPura,"C. de Almizcate, 11150 Vejer de la Frontera, Cádiz","Patríapura es un productor local de Vejer de la Frontera especializado en patríapura, integrado en la oferta agroalimentaria de proximidad de la provincia de Cádiz.",Consultar web o venta directa,+34 600 934 532,info@patriapura.com,http://www.patriapura.com/,https://www.facebook.com/LimonadasPatriaPura,https://www.instagram.com/LimonadasPatriaPura,https://www.google.com/maps/search/?api=1&query=Patr%C3%ADapura%2C%20C.%20de%20Almizcate%2C%2011150%20Vejer%20de%20la%20Frontera%2C%20C%C3%A1diz&query_place_id=ChIJsYVL_MhFDA0RZmiq_0oMcPs,36.2530063,-5.96515,,pendiente
perumasa-barbate,Perumasa,Barbate,Pescado y conservas,"Perumasa, Ahumadinas","Polígono Industrial 'El Olivar, C/. Timonel, 4, 11160 Barbate, Cádiz","Perumasa es un productor local de Barbate especializado en perumasa, ahumadinas, integrado en la oferta agroalimentaria de proximidad de la provincia de Cádiz.",Consultar web o venta directa,+34 956 432 705,perumasasl@hotmail.com,http://www.perumasa.es/,https://www.facebook.com/perumasabarbate,,https://www.google.com/maps/search/?api=1&query=Perumasa%2C%20Pol%C3%ADgono%20Industrial%20'El%20Olivar%2C%20C%2F.%20Timonel%2C%204%2C%2011160%20Barbate%2C%20C%C3%A1diz&query_place_id=ChIJo3gFom5DDA0RNrVXUw6Q6B4,36.2070071,-5.9266364,,pendiente
petaca-chico-conil-de-la-frontera,Petaca Chico,Conil de la Frontera,Pescado y conservas,"Petaca Chico, Almadraba de Petaca Chico, Surazul, Pulposur","Poligono industrial La Lobita, s/n, 11140 Conil de la Frontera, Cádiz","Petaca Chico es un productor local de Conil de la Frontera especializado en petaca chico, almadraba de petaca chico, surazul, pulposur, integrado en la oferta agroalimentaria de proximidad de la provincia de Cádiz.",Consultar web o venta directa,+34 956 442 690,info@petacachico.com,http://www.petacachico.com/,https://www.facebook.com/petacachico,https://www.instagram.com/petacachico,https://www.google.com/maps/search/?api=1&query=Petaca%20Chico%2C%20Poligono%20industrial%20La%20Lobita%2C%20s%2Fn%2C%2011140%20Conil%20de%20la%20Frontera%2C%20C%C3%A1diz&query_place_id=ChIJMfl6IyI4DA0RRUZk86Y0tyE,36.3025637,-6.0781814,,pendiente
picos-yeye-puerto-real,Picos Yeyé,Puerto Real,Pan y pastelería,Picos Yeyé,"C. Bélgica, 32, 11510 Puerto Real, Cádiz","Picos Yeyé es un productor local de Puerto Real especializado en picos yeyé, integrado en la oferta agroalimentaria de proximidad de la provincia de Cádiz.",Consultar web o venta directa,+34 956 830 092,administracion@picosyeye.com,http://www.picosyeye.com/,https://www.facebook.com/pages/Panificadora-Cohollero-SL/154529481277080?fref=ts,https://www.instagram.com/picosyeye,https://www.google.com/maps/search/?api=1&query=Picos%20Yey%C3%A9%2C%20C.%20B%C3%A9lgica%2C%2032%2C%2011510%20Puerto%20Real%2C%20C%C3%A1diz&query_place_id=ChIJbVMfgOnNDQ0RyKVKiOHt_aA,36.5242404,-6.2116754,,pendiente
plancton-marino-el-puerto-de-santa-maria,Plancton Marino,El Puerto de Santa María,Pescado y conservas,Plancton Marino Veta la Palma,"Muelle Comercial, 0 S/N, 11500 El Puerto de Sta María, Cádiz","Plancton Marino es un productor local de El Puerto de Santa María especializado en plancton marino veta la palma, integrado en la oferta agroalimentaria de proximidad de la provincia de Cádiz.",Consultar web o venta directa,+34 956 561 079,info@planctonmarino.com,http://www.planctonmarino.com/,https://www.facebook.com/fitoplanctonmarino,https://www.instagram.com/planctonmarino,https://www.google.com/maps/search/?api=1&query=Plancton%20Marino%2C%20Muelle%20Comercial%2C%200%20S%2FN%2C%2011500%20El%20Puerto%20de%20Sta%20Mar%C3%ADa%2C%20C%C3%A1diz&query_place_id=ChIJOUarNcXPDQ0RruCn9wYHxCU,36.5887176,-6.2267578,,pendiente
postres-la-cobijada-vejer-de-la-frontera,Postres la Cobijada,Vejer de la Frontera,Dulces y repostería,Postres La Cobijada,"Polígono Industrial 2 Fase Parcela I 24, Cañada Ancha, 11150 Vejer de la Frontera, Cádiz","Postres la Cobijada es un productor local de Vejer de la Frontera especializado en postres la cobijada, integrado en la oferta agroalimentaria de proximidad de la provincia de Cádiz.",Consultar web o venta directa,+34 695 190 029,postreslacobijada@hotmail.com,http://www.postreslacobijada.com/,https://www.facebook.com/postreslacobijada,,https://www.google.com/maps/search/?api=1&query=Postres%20la%20Cobijada%2C%20Pol%C3%ADgono%20Industrial%202%20Fase%20Parcela%20I%2024%2C%20Ca%C3%B1ada%20Ancha%2C%2011150%20Vejer%20de%20la%20Frontera%2C%20C%C3%A1diz&query_place_id=ChIJAQAAAJBPDA0RNo9frp2Velc,36.2722054,-5.9636562,,pendiente
primitivo-collantes-chiclana-de-la-frontera,Primitivo Collantes,Chiclana de la Frontera,Bodega y licores,"Fino Arroyuelo, Moscatel Oro Los Cuartillos, Moscatel Viejo Los Cuartillos, Cream El Trovador, Amontillado Fino Fossi, Medium Collantes, Fino Ceballos, Viña Matalián Seco, Viña Matalián Semidulce, Socaire, Socaire Oxidativo, Tivo, Vinagre de Vino Reserva Collante","C. Ancha, 51, 11130 Chiclana de la Frontera, Cádiz","Primitivo Collantes es un productor local de Chiclana de la Frontera especializado en fino arroyuelo, moscatel oro los cuartillos, moscatel viejo los cuartillos, cream el trovador, amontillado fino fossi, medium collantes, fino ceballos, viña matalián seco, viña matalián semidulce, socaire, socaire oxidativo, tivo, vinagre de vino reserva collante, integrado en la oferta agroalimentaria de proximidad de la provincia de Cádiz.",Consultar web o venta directa,+34 956 400 150,administracion@bodegasprimitivocollantes.com,http://www.bodegasprimtivocollantes.com/,https://www.facebook.com/PrimitivoCollantes,https://www.instagram.com/bodegasprimitivocollantes,https://www.google.com/maps/search/?api=1&query=Primitivo%20Collantes%2C%20C.%20Ancha%2C%2051%2C%2011130%20Chiclana%20de%20la%20Frontera%2C%20C%C3%A1diz&query_place_id=ChIJO4tCBZA0DA0Rk6-Ork5Rrwc,36.4193417,-6.1408352,,pendiente
puerto-carrillo-benaocaz,Puerto Carrillo,Benaocaz,Lácteos y quesos,Puerto Carrillo,"Lugar Puerto, s/n, 11612 Benaocaz, Cádiz","Puerto Carrillo es un productor local de Benaocaz especializado en puerto carrillo, integrado en la oferta agroalimentaria de proximidad de la provincia de Cádiz.",Consultar web o venta directa,+34 646 893 806,quesodegranjapuertocarrillo@gmail.com,http://www.quesospuertocarrillo.com/,https://www.facebook.com/puertocarrillo,https://www.instagram.com/quesodegranjapuertocarrillo,https://www.google.com/maps/search/?api=1&query=Puerto%20Carrillo%2C%20Lugar%20Puerto%2C%20s%2Fn%2C%2011612%20Benaocaz%2C%20C%C3%A1diz&query_place_id=ChIJ_TUPdsEWDQ0RowfI4nWwe3Y,36.7170276,-5.45909,,pendiente
queseria-el-gazul-alcala-de-los-gazules,Quesería el Gazul,Alcalá de los Gazules,Lácteos y quesos,"El Gazul, Montes de Alcalá","Polígono Industrial La Palmosa, parcela 20, 11180 Alcalá de los Gazules, Cádiz","Quesería el Gazul es un productor local de Alcalá de los Gazules especializado en el gazul, montes de alcalá, integrado en la oferta agroalimentaria de proximidad de la provincia de Cádiz.",Consultar web o venta directa,+34 956 420 307,info@queseriaelgazul.com,http://www.queseriaelgazul.com/,https://www.facebook.com/QueseriaElGazul,https://www.instagram.com/queseriaelgazul/,https://www.google.com/maps/search/?api=1&query=Queser%C3%ADa%20el%20Gazul%2C%20Pol%C3%ADgono%20Industrial%20La%20Palmosa%2C%20parcela%2020%2C%2011180%20Alcal%C3%A1%20de%20los%20Gazules%2C%20C%C3%A1diz&query_place_id=ChIJZ1HUvvD_DA0R59cU-K4lX3s,36.4393686,-5.7162878,,pendiente
queso-payoyo-villaluenga-del-rosario,Queso Payoyo,Villaluenga del Rosario,Lácteos y quesos,Payoyo,"Calle Ermita, 14 Nave, 11611 Villaluenga del Rosario, Cádiz","Queso Payoyo es un productor local de Villaluenga del Rosario especializado en payoyo, integrado en la oferta agroalimentaria de proximidad de la provincia de Cádiz.",Consultar web o venta directa,+34 956 461 749,payoyo@payoyo.com,http://www.payoyo.com/,https://www.facebook.com/PayoyoQueso,https://www.instagram.com/quesopayoyo,https://www.google.com/maps/search/?api=1&query=Queso%20Payoyo%2C%20Calle%20Ermita%2C%2014%20Nave%2C%2011611%20Villaluenga%20del%20Rosario%2C%20C%C3%A1diz&query_place_id=ChIJp47VfHo9DQ0RZjZy4I619CU,36.6959477,-5.3836331,,pendiente
quesos-el-bosqueno-el-bosque,Quesos el Bosqueño,El Bosque,Lácteos y quesos,El Bosqueño,"C. Antonio Machado, 11670 El Bosque, Cádiz","Quesos el Bosqueño es un productor local de El Bosque especializado en el bosqueño, integrado en la oferta agroalimentaria de proximidad de la provincia de Cádiz.",Consultar web o venta directa,+34 956 716 156,quesoselboque@quesoselbosque.com,http://www.quesoselboque.com/,https://www.facebook.com/quesoselbosqueno,https://www.instagram.com/quesoselbosque,https://www.google.com/maps/search/?api=1&query=Quesos%20el%20Bosque%C3%B1o%2C%20C.%20Antonio%20Machado%2C%2011670%20El%20Bosque%2C%20C%C3%A1diz&query_place_id=ChIJsSJmJskTDQ0RYfxIRyR68cc,36.7575212,-5.5119916,,pendiente
quesos-la-abuela-agustina-grazalema,Quesos la Abuela Agustina,Grazalema,Lácteos y quesos,La Abuela Agustina,"Pl. Pequeña, 7, 11610 Grazalema, Cádiz","Quesos la Abuela Agustina es un productor local de Grazalema especializado en la abuela agustina, integrado en la oferta agroalimentaria de proximidad de la provincia de Cádiz.",Consultar web o venta directa,+34 686 250 468,quesosdelparque_7@hotmail.com,http://www.quesoslaabuelaagustina.com/,https://www.facebook.com/quesosabuelaagustinaartesano,https://www.instagram.com/quesoslaabuelaagustina,https://www.google.com/maps/search/?api=1&query=Quesos%20la%20Abuela%20Agustina%2C%20Pl.%20Peque%C3%B1a%2C%207%2C%2011610%20Grazalema%2C%20C%C3%A1diz&query_place_id=ChIJUZe4JG4-DQ0RvgshU28omn8,36.7587569,-5.3660991,,pendiente
quesos-pajarete-villamartin,Quesos Pajarete,Villamartin,Lácteos y quesos,Pajarete,"Pol. Industrial El Chaparral, Nave, 6, 11650 Villamartin, Cádiz","Quesos Pajarete es un productor local de Villamartin especializado en pajarete, integrado en la oferta agroalimentaria de proximidad de la provincia de Cádiz.",Consultar web o venta directa,+34 956 730 574,info@quesospajarete.com,http://www.quesospajarete.com/,https://www.facebook.com/quesospajarete,https://www.instagram.com/quesospajarete,https://www.google.com/maps/search/?api=1&query=Quesos%20Pajarete%2C%20Pol.%20Industrial%20El%20Chaparral%2C%20Nave%2C%206%2C%2011650%20Villamartin%2C%20C%C3%A1diz&query_place_id=ChIJK1vjfghzDQ0RnjGPncJurRQ,36.8623139,-5.6142024,,pendiente
rives-distillery-el-puerto-de-santa-maria,Rives Distillery,El Puerto de Santa María,Bodega y licores,"Ginebras Rives, Vodka King Peter, Vodka Von Haupold, Vodka Rives, Black Vodka Von Haupold, Ron Conde de Cuba, Licores de Frutas Rives, Licor el Monje, Höllenbär, Rives Love Caramel, Rives sin alcohol, Rives Tropics Premium, Locura Energy Drinks, Siropes Rives.","C. Aurora, 4, 11500 El Puerto de Sta María, Cádiz","Rives Distillery es un productor local de El Puerto de Santa María especializado en ginebras rives, vodka king peter, vodka von haupold, vodka rives, black vodka von haupold, ron conde de cuba, licores de frutas rives, licor el monje, höllenbär, rives love caramel, rives sin alcohol, rives tropics premium, locura energy drinks, siropes rives., integrado en la oferta agroalimentaria de proximidad de la provincia de Cádiz.",Consultar web o venta directa,+34 956 854 111,comercial@rives.es,http://www.rives.es/,https://www.facebook.com/RivesGin,https://www.instagram.com/ginrives,https://www.google.com/maps/search/?api=1&query=Rives%20Distillery%2C%20C.%20Aurora%2C%204%2C%2011500%20El%20Puerto%20de%20Sta%20Mar%C3%ADa%2C%20C%C3%A1diz&query_place_id=ChIJC8QRxtzPDQ0R47gwVNyHEdk,36.5942282,-6.2278161,,pendiente
sabores-de-paterna-paterna-de-rivera,Sabores de Paterna,Paterna de Rivera,Jamón y embutidos,Sabores de Paterna,"CALLE CRISTOBAL BARROSO, 30 BJ IZ, 11178 Paterna de Rivera, Cádiz","Sabores de Paterna es un productor local de Paterna de Rivera especializado en sabores de paterna, integrado en la oferta agroalimentaria de proximidad de la provincia de Cádiz.",Consultar web o venta directa,+34 956 416 112,informacion@saboresdepaterna.com,http://www.saboresdepaterna.com/,https://www.facebook.com/saboresdepaterna,,https://www.google.com/maps/search/?api=1&query=Sabores%20de%20Paterna%2C%20CALLE%20CRISTOBAL%20BARROSO%2C%2030%20BJ%20IZ%2C%2011178%20Paterna%20de%20Rivera%2C%20C%C3%A1diz&query_place_id=ChIJlW9QMoqtDQ0Rz8XFIO-9Xso,36.5222374,-5.8643467,,pendiente
salinas-de-chiclana-chiclana-de-la-frontera,Salinas de Chiclana,Chiclana de la Frontera,Sal y condimentos,"Sal marina, flor de sal, sales especiales y productos de salina","Salina Santa María de Jesús, Camino de, 11130 Chiclana de la Frontera, Cádiz, España","Salinas de Chiclana es un productor local de Chiclana de la Frontera especializado en sal marina, flor de sal, sales especiales y productos de salina, integrado en la oferta agroalimentaria de proximidad de la provincia de Cádiz.",Consultar web o venta directa,+34 667 664 844 / +34 670 465 909,info@salinasdechiclana.es,http://www.salinasdechiclana.es,https://www.facebook.com/salinasdechiclana,https://www.instagram.com/salinasdechiclana,https://www.google.com/maps/search/?api=1&query=Salinas%20de%20Chiclana%2C%20Salina%20Santa%20Mar%C3%ADa%20de%20Jes%C3%BAs%2C%20Camino%20de%2C%2011130%20Chiclana%20de%20la%20Frontera%2C%20C%C3%A1diz%2C%20Espa%C3%B1a&query_place_id=ChIJiXDMXUUzDA0Rm7m0xSft9X4,36.439707,-6.1644727,,pendiente
salinas-y-celebraciones-san-vicente-san-fernando,Salinas y Celebraciones San Vicente,San Fernando,Sal y condimentos,"Ecosal, Sal de Hielo","Carretera Arsenal de la Carraca, 48, 11100 San Fernando, Cádiz","Salinas y Celebraciones San Vicente es un productor local de San Fernando especializado en ecosal, sal de hielo, integrado en la oferta agroalimentaria de proximidad de la provincia de Cádiz.",Consultar web o venta directa,881 15.9201,ecosal@ecosal.es,http://www.ecosal.es/,https://www.facebook.com/salinasanvicente,,https://www.google.com/maps/search/?api=1&query=Salinas%20y%20Celebraciones%20San%20Vicente%2C%20Carretera%20Arsenal%20de%20la%20Carraca%2C%2048%2C%2011100%20San%20Fernando%2C%20C%C3%A1diz&query_place_id=ChIJjavbpuDMDQ0RFmMHORWtZpA,36.478363,-6.181455799999999,,pendiente
salpesca-sl-barbate,Salpesca SL.,Barbate,Pescado y conservas,Mojama de atún,"Pl. Reyes Catolicos, 11160 Barbate, Cádiz","Salpesca SL. es un productor local de Barbate especializado en mojama de atún, integrado en la oferta agroalimentaria de proximidad de la provincia de Cádiz.",Consultar web o venta directa,956 43 35 06,,https://www.gustodelsur.es/empresa/salpesca/,,,https://www.google.com/maps/search/?api=1&query=Salpesca%20SL.%2C%20Pl.%20Reyes%20Catolicos%2C%2011160%20Barbate%2C%20C%C3%A1diz&query_place_id=ChIJxyqRBF1DDA0Rrl7p9gfbBcA,36.1946436,-5.9173209,,pendiente
sca-europeos-alcala-del-valle,SCA Europeos,Alcalá del Valle,Aceite,Espasierra (AOVE),"Carretera Corbones, 0, Km 5, 11693 Alcalá del Valle, Cádiz","SCA Europeos es un productor local de Alcalá del Valle especializado en espasierra (aove), integrado en la oferta agroalimentaria de proximidad de la provincia de Cádiz.",Consultar web o venta directa,+34 956 126 529,contacto@scaeuropeos.com,http://www.scaeuropeos.com/,https://www.facebook.com/scaeuropeos,https://instagram.com/scaeuropeos?igshid=YmMyMTA2M2Y=,https://www.google.com/maps/search/?api=1&query=SCA%20Europeos%2C%20Carretera%20Corbones%2C%200%2C%20Km%205%2C%2011693%20Alcal%C3%A1%20del%20Valle%2C%20C%C3%A1diz&query_place_id=ChIJMxdE9BZJDQ0RsDWB7VHlN1o,36.9156853,-5.1659614,,pendiente
sobrina-de-las-trejas-medina-sidonia,Sobrina de las Trejas,Medina-Sidonia,Dulces y repostería,Sobrina de las Trejas,"Pl. de España, 3, 11170 Medina-Sidonia, Cádiz","Sobrina de las Trejas es un productor local de Medina-Sidonia especializado en sobrina de las trejas, integrado en la oferta agroalimentaria de proximidad de la provincia de Cádiz.",Consultar web o venta directa,+34 956 410 310,info@lastrejas.com,http://www.lastrejas.com/,https://www.facebook.com/sobrinadelastrejas,https://www.instagram.com/las_trejas,https://www.google.com/maps/search/?api=1&query=Sobrina%20de%20las%20Trejas%2C%20Pl.%20de%20Espa%C3%B1a%2C%203%2C%2011170%20Medina-Sidonia%2C%20C%C3%A1diz&query_place_id=ChIJd871eDFNDA0RmaPvsFJ_gKA,36.4566209,-5.927617199999999,,pendiente
suralgas-vejer-de-la-frontera,Suralgas,Vejer de la Frontera,Despensa artesanal,Suralgas,"C. Cañada Ancha 1, 19, 11150 Vejer de la Frontera, Cádiz","Suralgas es un productor local de Vejer de la Frontera especializado en suralgas, integrado en la oferta agroalimentaria de proximidad de la provincia de Cádiz.",Consultar web o venta directa,+34 956 447 014,comercial@suralgas.com,http://www.suralgas.com/,https://www.facebook.com/SuralgasLaHuertaDelMar,https://www.instagram.com/suralgas,https://www.google.com/maps/search/?api=1&query=Suralgas%2C%20C.%20Ca%C3%B1ada%20Ancha%201%2C%2019%2C%2011150%20Vejer%20de%20la%20Frontera%2C%20C%C3%A1diz&query_place_id=ChIJhRToc-tFDA0Rm4gsKcYvcd4,36.2707612,-5.9643817,,pendiente
tres-martinez-barbate,Tres Martínez,Barbate,Dulces y repostería,Tres Martínez,"C. Pío XII, 18, BAJO, 18 Bajo, 11160 Barbate, Cádiz","Tres Martínez es un productor local de Barbate especializado en tres martínez, integrado en la oferta agroalimentaria de proximidad de la provincia de Cádiz.",Consultar web o venta directa,+34 956 430 536,info@tresmartinez.com,http://www.tresmartinez.com/,https://www.facebook.com/tresmartinez,,https://www.google.com/maps/search/?api=1&query=Tres%20Mart%C3%ADnez%2C%20C.%20P%C3%ADo%20XII%2C%2018%2C%20BAJO%2C%2018%20Bajo%2C%2011160%20Barbate%2C%20C%C3%A1diz&query_place_id=ChIJD0aj8EFDDA0Rv-M9DY2UGB4,36.1909589,-5.922788199999999,,pendiente
ubago-group-mare-barbate,Ubago Group Mare,Barbate,Pescado y conservas,"Ubago, El Peñón","Pol. Ind. El Olivar, C/ Traiñeros, Parcela 18, 11160 Barbate, Cádiz","Ubago Group Mare es un productor local de Barbate especializado en ubago, el peñón, integrado en la oferta agroalimentaria de proximidad de la provincia de Cádiz.",Consultar web o venta directa,+34 956 646 150,info@ubagogrup.com,http://www.ubagogroup.com/,https://www.facebook.com/ubagogroup,https://www.instagram.com/ubagogroup,https://www.google.com/maps/search/?api=1&query=Ubago%20Group%20Mare%2C%20Pol.%20Ind.%20El%20Olivar%2C%20C%2F%20Trai%C3%B1eros%2C%20Parcela%2018%2C%2011160%20Barbate%2C%20C%C3%A1diz&query_place_id=ChIJs64DDbBFDA0R9CK3k5hY76c,36.2064441,-5.9286843,,pendiente
viandas-cadiz-chiclana-de-la-frontera,Viandas Cádiz,Chiclana de la Frontera,Pescado y conservas,Viandas Cádiz,"Av. de la Industria, 31, 11130 Chiclana de la Frontera, Cádiz","Viandas Cádiz es un productor local de Chiclana de la Frontera especializado en viandas cádiz, integrado en la oferta agroalimentaria de proximidad de la provincia de Cádiz.",Consultar web o venta directa,+34 956 406 621,info@viandascadiz.com,http://www.viandascadiz.com/,https://www.facebook.com/viandasdecadiz,https://www.instagram.com/viandascadiz,https://www.google.com/maps/search/?api=1&query=Viandas%20C%C3%A1diz%2C%20Av.%20de%20la%20Industria%2C%2031%2C%2011130%20Chiclana%20de%20la%20Frontera%2C%20C%C3%A1diz&query_place_id=ChIJF2SCA580DA0R1td_GmYdbBk,36.427374,-6.149514,,pendiente
vinagres-de-yema-el-puerto-de-santa-maria,Vinagres de Yema,El Puerto de Santa María,Bodega y licores,"Bota Vieja, Cepa Vieja, Viña Vieja, El Charre, Albareda","C. Albareda, 1, 11500 El, Cádiz","Vinagres de Yema es un productor local de El Puerto de Santa María especializado en bota vieja, cepa vieja, viña vieja, el charre, albareda, integrado en la oferta agroalimentaria de proximidad de la provincia de Cádiz.",Consultar web o venta directa,+34 956 860 134,vinagresdeyema@vinagresdeyema.es,http://www.vinagresdeyema.es/,,,https://www.google.com/maps/search/?api=1&query=Vinagres%20de%20Yema%2C%20C.%20Albareda%2C%201%2C%2011500%20El%2C%20C%C3%A1diz&query_place_id=ChIJfQ4bjevPDQ0RpU6zwoY8Vyk,36.6032379,-6.2198819,,pendiente
vinos-de-albarizas-trebujena,Vinos de Albarizas,Trebujena,Bodega y licores,"Terralba, Bijuré, Castillo de Guzmán","Av. de Jerez, 11560 Trebujena, Cádiz","Cooperativa Vitivinícola Albarizas de Trebujena está ubicada al noroeste de la provincia de Cádiz. Cuenta en la actualidad con más de 200 socios y una extensión de viñedos de 265 hectáreas de tierras albarizas. La Bodega de elaboración fue fundada en 1977. El principal sustento de la cooperativa es la venta de mosto aunque desde 2017 han lanzado una gama de vinos embotellados, entre los que se encuentran dos vinos blancos.",Consultar web o venta directa,+34 956 395 101,coopalbarizas@hotmail.com,http://www.vinosdealbarizas.com/,https://www.facebook.com/vinosdealbarizas,https://www.instagram.com/,https://www.google.com/maps/search/?api=1&query=Vinos%20de%20Albarizas%2C%20Av.%20de%20Jerez%2C%2011560%20Trebujena%2C%20C%C3%A1diz&query_place_id=ChIJuzDhKnDpDQ0Rn5wY5IqRKLg,36.8655284,-6.172466399999999,,pendiente
vinos-hermanos-holgado-prado-del-rey,Vinos Hermanos Holgado,Prado del Rey,Bodega y licores,Hermanos Holgado,"C. Televisión Española, 39, Bajo, 11660 Prado del Rey, Cádiz","Vinos Hermanos Holgado es un productor local de Prado del Rey especializado en hermanos holgado, integrado en la oferta agroalimentaria de proximidad de la provincia de Cádiz.",Consultar web o venta directa,+34 956 730 574,info@quesospajarete.com,http://www.bodegahermanosholgado.com/,,,https://www.google.com/maps/search/?api=1&query=Vinos%20Hermanos%20Holgado%2C%20C.%20Televisi%C3%B3n%20Espa%C3%B1ola%2C%2039%2C%20Bajo%2C%2011660%20Prado%20del%20Rey%2C%20C%C3%A1diz&query_place_id=ChIJITwUtIUSDQ0RPhm3Fk0Ou3A,36.7887213,-5.553147,,pendiente
vinos-oceanicos-cadiz,Vinos Oceánicos,Cádiz,Bodega y licores,"Las Cepas de Curro, Las Cepas de Jose Carlos, Las Cepas de Paco","C. Cardenal Zapata, 4, 11004 Cádiz","Vinos Oceánicos es un productor local de Cádiz especializado en las cepas de curro, las cepas de jose carlos, las cepas de paco, integrado en la oferta agroalimentaria de proximidad de la provincia de Cádiz.",Consultar web o venta directa,+34 634 535 472,morenoyaguer@gmail.com,http://www.bacovinoteca.com/,,https://www.instagram.com/raulmorenoyague,https://www.google.com/maps/search/?api=1&query=Vinos%20Oce%C3%A1nicos%2C%20C.%20Cardenal%20Zapata%2C%204%2C%2011004%20C%C3%A1diz&query_place_id=ChIJwdikNmLRDQ0RUgrFThmNR3Q,36.5321552,-6.294994,,pendiente
vina-callejuela-sanlucar-de-barrameda,Viña Callejuela,Sanlúcar de Barrameda,Bodega y licores,"Callejuela, Blanquito, La Casilla, El Cerro, Hacienda Doña Francisca, Las Mercedes, Pago Añina, La Choza, Sobajanera","Cam. Reventón Chico, 27, 11540 Sanlúcar de Barrameda, Cádiz","Viña Callejuela es un productor local de Sanlúcar de Barrameda especializado en callejuela, blanquito, la casilla, el cerro, hacienda doña francisca, las mercedes, pago añina, la choza, sobajanera, integrado en la oferta agroalimentaria de proximidad de la provincia de Cádiz.",Consultar web o venta directa,+34 617 492 483,info@callejuela.es,http://www.callejuela.es/,https://www.facebook.com/bodegacallejuela,,https://www.google.com/maps/search/?api=1&query=Vi%C3%B1a%20Callejuela%2C%20Cam.%20Revent%C3%B3n%20Chico%2C%2027%2C%2011540%20Sanl%C3%BAcar%20de%20Barrameda%2C%20C%C3%A1diz&query_place_id=ChIJO9MgF1LfDQ0RL5nr2UKUg5I,36.7769781,-6.326633999999999,,pendiente
quesos-montealva-torrecera,Quesos Montealva,Torrecera,Lácteos y quesos,"Montealva, queso de cabra payoya, quesos artesanos","Ctra. La Ina, km 14,5, 11595 Torrecera, Jerez de la Frontera, Cádiz",Quesería familiar de Torrecera que elabora queso de cabra payoya con leche de su propio rebaño y técnicas artesanas.,Lun-Vie 09:00-19:00,956 161 824,info@quesosmontealva.com,https://quesosmontealva.com/,https://www.facebook.com/quesosmontealva/,https://www.instagram.com/quesosmontealva/,https://www.google.com/maps/search/?api=1&query=Quesos%20Montealva%2C%20Ctra.%20La%20Ina%20km%2014%2C5%2C%20Torrecera%2C%20C%C3%A1diz,36.5966450,-5.9588810,,pendiente
