slug,nombre,municipio,categoria,productos estrella,direccion,descripcion,horario,telefono,correo,web,Facebook,Instagram,Google Maps,lat,lon,imagen,verificacion,Venta online
vina-costeira-ribadavia,Viña Costeira,Ribadavia,Bodega,"Ribeiro, treixadura, godello","Valdepereira s/n, 32415 Ribadavia, Ourense",Bodega cooperativa de referencia en Ribeiro que elabora vinos con variedades gallegas y proyecto de enoturismo en Valdepereira.,Consultar web o visitas,+34988477210,informacion@costeira.es,http://www.costeira.wine/,,https://www.instagram.com/vinacosteira/,https://www.google.com/maps/search/?api=1&query=Vi%C3%B1a%20Costeira%2C%20Valdepereira%20s%2Fn%2C%2032415%20Ribadavia%2C%20Ourense&query_place_id=ChIJrWn1G9n0Lw0REO4WD7IhrpM,42.3056343,-8.118833,/productores/galicia/ourense/vina-costeira-ribadavia.webp,pendiente,no comprobado
casal-de-arman-ribadavia,Casal de Armán,Ribadavia,Bodega,"Ribeiro, treixadura, vinos de finca","Lugar O Cotiño 1, 32415 San Andrés, Ribadavia, Ourense","Bodega familiar del Ribeiro con viñedo propio, vinos de finca y enoturismo en el entorno de Ribadavia.",Consultar web o visitas,+34680979763,,http://www.casaldearman.net/,,https://www.instagram.com/casaldearman/,https://www.google.com/maps/search/?api=1&query=Casal%20de%20Arm%C3%A1n%2C%20Lugar%20O%20Coti%C3%B1o%201%2C%2032415%20San%20Andr%C3%A9s%2C%20Ribadavia%2C%20Ourense&query_place_id=ChIJnytHl_j0Lw0RfoWy2R-6gss,42.321484,-8.1084531,/productores/galicia/ourense/casal-de-arman-ribadavia.webp,pendiente,no comprobado
coto-de-gomariz-leiro,Coto de Gomariz,Leiro,Bodega,"Ribeiro, treixadura, sousón","Barro de Gomariz s/n, 32429 Leiro, Ourense",Bodega de Gomariz especializada en vinos de Ribeiro con trabajo de viñedo parcelario y variedades autóctonas.,Consultar web o venta directa,+34610602672,,https://www.cotodegomariz.com/,,https://www.instagram.com/cotodegomariz/,https://www.google.com/maps/search/?api=1&query=Coto%20de%20Gomariz%2C%20Barro%20de%20Gomariz%20s%2Fn%2C%2032429%20Leiro%2C%20Ourense&query_place_id=ChIJMSbFnjHzLw0R03syxX3YjwA,42.381119,-8.111887,/productores/galicia/ourense/coto-de-gomariz-leiro.webp,pendiente,no comprobado
ramon-do-casar-castrelo-de-mino,Ramón do Casar,Castrelo de Miño,Bodega,"Treixadura, albariño, mencía","OU-402 km 18, 32430 O Prado, Castrelo de Miño, Ourense",Bodega de Castrelo de Miño dedicada a vinos de Ribeiro con elaboración propia y visitas en bodega.,Consultar web o visitas,+34988036097,,https://ramondocasar.es/,,https://www.instagram.com/ramondocasar/,https://www.google.com/maps/search/?api=1&query=Ram%C3%B3n%20do%20Casar%2C%20OU-402%20km%2018%2C%2032430%20O%20Prado%2C%20Castrelo%20de%20Mi%C3%B1o%2C%20Ourense&query_place_id=ChIJRRl-YiT0Lw0RfKISILNZvZQ,42.3211892,-8.0546847,/productores/galicia/ourense/ramon-do-casar-castrelo-de-mino.webp,pendiente,no comprobado
adega-sameiras-ribadavia,Adega Sameirás,Ribadavia,Bodega,Ribeiro blanco y tinto,"OU-211 98, 32415 Ribadavia, Ourense",Adega familiar de Ribadavia que produce vinos de Ribeiro con uvas autóctonas y elaboración de pequeña escala.,Consultar web o venta directa,+34678894963,,http://www.adegasameiras.com/es/inicio/,,,https://www.google.com/maps/search/?api=1&query=Adega%20Sameir%C3%A1s%2C%20OU-211%2098%2C%2032415%20Ribadavia%2C%20Ourense&query_place_id=ChIJzT3XNc6KLw0RUUSIAeDZQyQ,42.319143,-8.110779,/productores/galicia/ourense/adega-sameiras-ribadavia.webp,pendiente,no comprobado
pazo-casanova-ourense,Pazo Casanova,Ourense,Bodega,"Ribeiro, treixadura, vinos de pazo","Camiño de Souto Sanín 1, 32990 Arrabaldo, Ourense","Pazo y bodega del Ribeiro en Arrabaldo, con viñedo propio y elaboración de vinos blancos y tintos gallegos.",Consultar web o visitas,+34988384196,,http://www.pazocasanova.com/,,,https://www.google.com/maps/search/?api=1&query=Pazo%20Casanova%2C%20Cami%C3%B1o%20de%20Souto%20San%C3%ADn%201%2C%2032990%20Arrabaldo%2C%20Ourense&query_place_id=ChIJ1Sfd7En3Lw0RZ4OaPjgxKx4,42.3470609,-7.9777666,/productores/galicia/ourense/pazo-casanova-ourense.webp,pendiente,no comprobado
alan-de-val-a-rua,Alan de Val,A Rúa,Bodega,"Godello, mencía, vinos Valdeorras","Lugar de Pedrazais s/n, 32350 A Rúa, Ourense",Adega familiar de Valdeorras que elabora godello y mencía con uvas de viñedos propios en A Rúa.,Consultar web o venta directa,+34679154466,,https://alandeval.com/,,,https://www.google.com/maps/search/?api=1&query=Alan%20de%20Val%2C%20Lugar%20de%20Pedrazais%20s%2Fn%2C%2032350%20A%20R%C3%BAa%2C%20Ourense&query_place_id=ChIJ04R1-qiAMA0R1sifr_rTgDs,42.4023325,-7.0896712,/productores/galicia/ourense/alan-de-val-a-rua.webp,pendiente,no comprobado
bodegas-godeval-o-barco,Bodegas Godeval,O Barco de Valdeorras,Bodega,Godello de Valdeorras,"Mosteiro de Xagoaza s/n, 32317 O Barco, Ourense","Bodega pionera en la recuperación del godello, situada junto al monasterio de Xagoaza en Valdeorras.",Consultar web o visitas,+34988108282,godeval@godeval.com,https://godeval.com/,,,https://www.google.com/maps/search/?api=1&query=Bodegas%20Godeval%2C%20Mosteiro%20de%20Xagoaza%20s%2Fn%2C%2032317%20O%20Barco%2C%20Ourense&query_place_id=ChIJuUurOyCEMA0Rx_9LT-PZxbQ,42.4358889,-7.0049456,/productores/galicia/ourense/bodegas-godeval-o-barco.webp,pendiente,no comprobado
a-coroa-a-rua,A Coroa,A Rúa,Bodega,"Godello, mencía","Rúa da Coroa 15, 32350 A Rúa, Ourense",Bodega de A Rúa con viñedo en Valdeorras y elaboración centrada en godello y mencía.,Consultar web o venta directa,+34988310648,,https://acoroa.com/,,https://www.instagram.com/acoroa/,https://www.google.com/maps/search/?api=1&query=A%20Coroa%2C%20R%C3%BAa%20da%20Coroa%2015%2C%2032350%20A%20R%C3%BAa%2C%20Ourense&query_place_id=ChIJg29swQJ-MA0RfdcKL2YYj_c,42.4017307,-7.0929437,/productores/galicia/ourense/a-coroa-a-rua.webp,pendiente,no comprobado
virxe-de-galir-o-barco,Virxe de Galir,O Barco de Valdeorras,Bodega,"Godello, mencía, mencía barrica","Calle Las Escuelas s/n, 32300 Entoma, O Barco de Valdeorras, Ourense","Bodega de Entoma integrada en la DO Valdeorras, con vinos de godello y mencía de la zona oriental ourensana.",Consultar web o visitas,+34988335600,,https://virgendelgalir.com/,,https://www.instagram.com/virgendelgalir/,https://www.google.com/maps/search/?api=1&query=Virxe%20de%20Galir%2C%20Calle%20Las%20Escuelas%20s%2Fn%2C%2032300%20Entoma%2C%20O%20Barco%20de%20Valdeorras%2C%20Ourense&query_place_id=ChIJU2243J-EMA0RJy3gN7SJDWY,42.419789,-6.944271,/productores/galicia/ourense/virxe-de-galir-o-barco.webp,pendiente,no comprobado
adega-roandi-o-barco,Adega Roandi,O Barco de Valdeorras,Bodega,"Godello, mencía, tostado de Valdeorras","O Lagar s/n, 32313 Entoma, O Barco de Valdeorras, Ourense",Adega familiar de Entoma con vinos de Valdeorras y proyecto de enoturismo ligado al valle del río Galir.,Consultar web o visitas,+34988335198,,http://www.bodegaroandi.com/,,,https://www.google.com/maps/search/?api=1&query=Adega%20Roandi%2C%20O%20Lagar%20s%2Fn%2C%2032313%20Entoma%2C%20O%20Barco%20de%20Valdeorras%2C%20Ourense&query_place_id=ChIJI7ZgxqGEMA0RdCRPZ_-iXfM,42.4225429,-6.9411891,/productores/galicia/ourense/adega-roandi-o-barco.webp,pendiente,no comprobado
quinta-da-peza-a-rua,Adega Quinta da Peza,A Rúa,Bodega,"Godello, mencía, vinos Valdeorras","Camino de las Cuevas 2, 32350 A Rúa, Ourense",Adega de A Rúa dedicada a vinos de Valdeorras con producción local de godello y mencía.,Consultar web o venta directa,+34988311537,,http://www.quintadapeza.es/,,,https://www.google.com/maps/search/?api=1&query=Adega%20Quinta%20da%20Peza%2C%20Camino%20de%20las%20Cuevas%202%2C%2032350%20A%20R%C3%BAa%2C%20Ourense&query_place_id=ChIJwex9gg5_MA0Rbpw5GR2Do-Q,42.4004636,-7.118278,/productores/galicia/ourense/quinta-da-peza-a-rua.webp,pendiente,no comprobado
rafael-palacios-a-rua,Rafael Palacios,A Rúa,Bodega,Godello de parcela,"Avenida de Somoza 22, 32357 A Rúa, Ourense",Bodega de Valdeorras centrada en godello de viñedos singulares y elaboraciones de alta expresión mineral.,Consultar web o venta directa,+34988310162,,http://www.rafaelpalacios.com/,,https://www.instagram.com/rafaelpalacios_viticultor/,https://www.google.com/maps/search/?api=1&query=Rafael%20Palacios%2C%20Avenida%20de%20Somoza%2022%2C%2032357%20A%20R%C3%BAa%2C%20Ourense&query_place_id=ChIJkUv6cKeAMA0R_xqYHHImBQs,42.3973871,-7.0921039,/productores/galicia/ourense/rafael-palacios-a-rua.webp,pendiente,no comprobado
vina-somoza-a-rua,Bodega Viña Somoza,A Rúa,Bodega,"Godello, mencía, brancellao","Rúa Fondareas, 32357 A Rúa, Ourense","Bodega de A Rúa con vinos de Valdeorras elaborados a partir de godello, mencía y variedades autóctonas recuperadas.",Consultar web o venta directa,+34677590048,,https://vinosomoza.com/,,https://www.instagram.com/bodegasomoza/,https://www.google.com/maps/search/?api=1&query=Bodega%20Vi%C3%B1a%20Somoza%2C%20R%C3%BAa%20Fondareas%2C%2032357%20A%20R%C3%BAa%2C%20Ourense&query_place_id=ChIJa_X_dKt_MA0RziNOGdjqFz8,42.3975546,-7.0943285,/productores/galicia/ourense/vina-somoza-a-rua.webp,pendiente,no comprobado
adega-joaquin-rebolledo-a-rua,Adega Joaquín Rebolledo,A Rúa,Bodega,"Godello, mencía, Valdeorras","Rúa San Roque 11, 32350 A Rúa, Ourense",Adega familiar de Valdeorras con vinos de godello y mencía elaborados en A Rúa.,Consultar web o venta directa,+34988372307,,https://joaquinrebolledo.com/main-home/,,,https://www.google.com/maps/search/?api=1&query=Adega%20Joaqu%C3%ADn%20Rebolledo%2C%20R%C3%BAa%20San%20Roque%2011%2C%2032350%20A%20R%C3%BAa%2C%20Ourense&query_place_id=ChIJRzLutx1-MA0RpboB3FL1HCM,42.3966222,-7.095964,/productores/galicia/ourense/adega-joaquin-rebolledo-a-rua.webp,pendiente,no comprobado
bodega-cooperativa-jesus-nazareno-o-barco,Bodega Cooperativa Jesús Nazareno,O Barco de Valdeorras,Bodega,"Godello, mencía, vinos Valdeorras","Avenida Florencio Delgado Gurriarán 62, 32300 O Barco de Valdeorras, Ourense",Cooperativa vitivinícola de O Barco que comercializa vinos de Valdeorras bajo marcas propias.,Consultar web o tienda,+34988320262,,http://www.vinosbarco.com/,,https://www.instagram.com/vinos.barco/,https://www.google.com/maps/search/?api=1&query=Bodega%20Cooperativa%20Jes%C3%BAs%20Nazareno%2C%20Avenida%20Florencio%20Delgado%20Gurriar%C3%A1n%2062%2C%2032300%20O%20Barco%20de%20Valdeorras%2C%20Ourense&query_place_id=ChIJGYjgpYiDMA0RskkzypDD-9o,42.4114972,-6.9709619,/productores/galicia/ourense/bodega-cooperativa-jesus-nazareno-o-barco.webp,pendiente,no comprobado
gargalo-verin,Gargalo,Verín,Bodega,"Godello, mencía, vinos Monterrei","Rúa do Castelo 59, 32619 Verín, Ourense","Bodega de Monterrei situada junto al castillo, con vinos elaborados en la comarca de Verín.",Consultar web o venta directa,+34988590203,,http://gargalo.es/,,https://www.instagram.com/bodegasgargalo/,https://www.google.com/maps/search/?api=1&query=Gargalo%2C%20R%C3%BAa%20do%20Castelo%2059%2C%2032619%20Ver%C3%ADn%2C%20Ourense&query_place_id=ChIJ13R3rt_BOg0RXLaPcyuGpiE,41.9480679,-7.4567136,/productores/galicia/ourense/gargalo-verin.webp,pendiente,no comprobado
bodegas-ladairo-oimbra,Bodegas Ladairo,Oímbra,Bodega,"Godello, mencía, treixadura","Rúa Ladairo 42, 32613 O Rosal, Oímbra, Ourense",Bodega de la DO Monterrei con viñedos en Oímbra y elaboración de blancos y tintos gallegos.,Consultar web o venta directa,+34988422757,,https://bodegasladairo.com/,,https://www.instagram.com/bodegasladairo/,https://www.google.com/maps/search/?api=1&query=Bodegas%20Ladairo%2C%20R%C3%BAa%20Ladairo%2042%2C%2032613%20O%20Rosal%2C%20O%C3%ADmbra%2C%20Ourense&query_place_id=ChIJuwNC6TvCOg0RXD8Rqj0xPPs,41.9051273,-7.4561687,/productores/galicia/ourense/bodegas-ladairo-oimbra.webp,pendiente,no comprobado
crego-e-monaguillo-monterrei,Crego e Monaguillo,Monterrei,Bodega,"Godello, mencía, vinos Monterrei","A Salgueira s/n, 32618 Monterrei, Ourense",Bodega de Monterrei con vinos blancos y tintos de variedades gallegas y viñedos de la comarca.,Consultar web o visitas,+34988418164,,http://www.cregoemonaguillo.com/,,https://www.instagram.com/crego_e_monaguillo/,https://www.google.com/maps/search/?api=1&query=Crego%20e%20Monaguillo%2C%20A%20Salgueira%20s%2Fn%2C%2032618%20Monterrei%2C%20Ourense&query_place_id=ChIJTYQSmsrGOg0RYO7_0_frR_M,41.9308818,-7.526448,/productores/galicia/ourense/crego-e-monaguillo-monterrei.webp,pendiente,no comprobado
pazo-das-tapias-monterrei,Adega Pazo das Tapias,Monterrei,Bodega,"Godello, mencía, vinos Monterrei","Lugar Pazos 197, 32618 Monterrei, Ourense","Bodega del grupo Pazo do Mar situada en Monterrei, dedicada a vinos de la denominación ourensana.",Consultar web o venta directa,+34988261256,info@pazodomar.com,http://www.pazodomar.com/,,https://www.instagram.com/pazodomar/,https://www.google.com/maps/search/?api=1&query=Adega%20Pazo%20das%20Tapias%2C%20Lugar%20Pazos%20197%2C%2032618%20Monterrei%2C%20Ourense&query_place_id=ChIJObG-bK7BOg0RXUeA2cFVycs,41.9480619,-7.4721579,/productores/galicia/ourense/pazo-das-tapias-monterrei.webp,pendiente,no comprobado
fragas-do-lecer-villaza,Fragas do Lecer / Bodega Boo Rivero,Monterrei,Bodega,"Vinos Monterrei, godello, mencía","Calle Touza 22, 32618 Vilaza, Monterrei, Ourense","Pequeña bodega de Vilaza inscrita en Monterrei, con elaboración local de vinos de cosechero.",Consultar venta directa,+34988425950,,,,,https://www.google.com/maps/search/?api=1&query=Fragas%20do%20Lecer%20%2F%20Bodega%20Boo%20Rivero%2C%20Calle%20Touza%2022%2C%2032618%20Vilaza%2C%20Monterrei%2C%20Ourense&query_place_id=ChIJ77xO93LBOg0RiSXQO6eDFVA,41.9328183,-7.4832469,/productores/galicia/ourense/fragas-do-lecer-villaza.webp,pendiente,no comprobado
via-arxentea-villaza,Vía Arxéntea,Monterrei,Bodega,"Godello, mencía, vinos Monterrei","Rúa Albarellos 61, 32618 Vilaza, Monterrei, Ourense",Bodega de Vilaza con vinos de Monterrei y producción de pequeña escala ligada al valle de Verín.,Consultar web o venta directa,+34687409618,,http://viaarxentea.com/,,,https://www.google.com/maps/search/?api=1&query=V%C3%ADa%20Arx%C3%A9ntea%2C%20R%C3%BAa%20Albarellos%2061%2C%2032618%20Vilaza%2C%20Monterrei%2C%20Ourense&query_place_id=ChIJB-L4ThzBOg0RLeT7ImuPPr0,41.9358808,-7.4888139,/productores/galicia/ourense/via-arxentea-villaza.webp,pendiente,no comprobado
pazos-del-rey-monterrei,Pazos del Rey,Monterrei,Bodega,"Godello, mencía, vinos Monterrei","Estrada de Vilaza 33, 32618 Monterrei, Ourense",Bodega de Monterrei que elabora vinos blancos y tintos de la comarca de Verín.,Consultar web o venta directa,+34988425959,,https://www.pazosdelrey.com/,,,https://www.google.com/maps/search/?api=1&query=Pazos%20del%20Rey%2C%20Estrada%20de%20Vilaza%2033%2C%2032618%20Monterrei%2C%20Ourense&query_place_id=ChIJUU_HXFbBOg0RgEz45ny5kQM,41.9416354,-7.4905351,/productores/galicia/ourense/pazos-del-rey-monterrei.webp,pendiente,no comprobado
ponte-da-boga-castro-caldelas,Adegas Ponte da Boga,Castro Caldelas,Bodega,"Mencía, godello, vinos Ribeira Sacra","O Couto, 32764 Castro Caldelas, Ourense",Bodega histórica de Ribeira Sacra ourensana con viñedos en ladera y elaboración de variedades autóctonas.,Consultar web o visitas,+34988203306,,http://www.pontedaboga.es/,,https://www.instagram.com/pontedaboga/,https://www.google.com/maps/search/?api=1&query=Adegas%20Ponte%20da%20Boga%2C%20O%20Couto%2C%2032764%20Castro%20Caldelas%2C%20Ourense&query_place_id=ChIJ6QguCdUOMA0R6rh9TOz29NU,42.3865417,-7.4358227,/productores/galicia/ourense/ponte-da-boga-castro-caldelas.webp,pendiente,no comprobado
adega-vella-a-teixeira,Adega Vella,A Teixeira,Bodega,"Mencía, godello, vinos Ribeira Sacra","Eirexa 14, 32765 A Abeleda, A Teixeira, Ourense",Adega de A Abeleda dedicada a vinos de Ribeira Sacra con viñedos en el cañón del Sil.,Consultar web o venta directa,+34657808984,,https://www.adegavella.es/,,,https://www.google.com/maps/search/?api=1&query=Adega%20Vella%2C%20Eirexa%2014%2C%2032765%20A%20Abeleda%2C%20A%20Teixeira%2C%20Ourense&query_place_id=ChIJzdmb_KwMMA0RvGisXIkUDS0,42.3952534,-7.4399412,/productores/galicia/ourense/adega-vella-a-teixeira.webp,pendiente,no comprobado
ronsel-do-sil-parada-de-sil,Ronsel do Sil,Parada de Sil,Bodega,"Mencía, godello, vinos Ribeira Sacra","A Barxa, Sacardebois s/n, 32747 Parada de Sil, Ourense",Bodega de Parada de Sil con viñedos en terrazas y producción de Ribeira Sacra ourensana.,Consultar web o visitas,+34685877740,,http://www.ronseldosil.com/,,,https://www.google.com/maps/search/?api=1&query=Ronsel%20do%20Sil%2C%20A%20Barxa%2C%20Sacardebois%20s%2Fn%2C%2032747%20Parada%20de%20Sil%2C%20Ourense&query_place_id=ChIJh_E_swAMMA0RakaCLh4snzI,42.3837808,-7.5193106,/productores/galicia/ourense/ronsel-do-sil-parada-de-sil.webp,pendiente,no comprobado
queixos-o-rexo-allariz,Queixos O Rexo,Allariz,Lácteos y quesos,"Queso de oveja latxa, queso artesano","Ecoespazo O Rexo, 32667 Requeixo de Valverde, Allariz, Ourense",Quesería de la Reserva de la Biosfera de Allariz que elabora queso artesano con leche cruda de oveja latxa.,Consultar visitas y tienda,+34988441175,,https://orexo.gal/,https://www.facebook.com/ecoespazo-o-rexo,https://www.instagram.com/o.rexo/,https://www.google.com/maps/search/?api=1&query=Queixos%20O%20Rexo%2C%20Ecoespazo%20O%20Rexo%2C%2032667%20Requeixo%20de%20Valverde%2C%20Allariz%2C%20Ourense&query_place_id=ChIJjTKQhF6tOg0RwcYVYUCpCSs,42.1973124,-7.7599611,/productores/galicia/ourense/queixos-o-rexo-allariz.webp,verificado,no comprobado
lacteos-da-limia-xinzo-de-limia,Quesería Lácteos da Limia,Xinzo de Limia,Lácteos y quesos,Quesos gallegos y queso fresco,"Barrio Parque Empresarial 21, 32636 Xinzo de Limia, Ourense",Quesería de Xinzo de Limia que elabora quesos con leche gallega y formatos de inspiración local e internacional.,Consultar web o venta directa,+34659004887,,https://lacteosdalimia.com/,,,https://www.google.com/maps/search/?api=1&query=Queser%C3%ADa%20L%C3%A1cteos%20da%20Limia%2C%20Barrio%20Parque%20Empresarial%2021%2C%2032636%20Xinzo%20de%20Limia%2C%20Ourense&query_place_id=ChIJf9lzcI6zOg0RGAk9BCo7LjQ,42.0792073,-7.7201423,/productores/galicia/ourense/lacteos-da-limia-xinzo-de-limia.webp,pendiente,no comprobado
lacteos-loureiro-ourense,Cooperativa Loureiro,Ourense,Lácteos y quesos,"Leche pasteurizada, yogur, kéfir, queso fresco","Rúa Irixo 3, 32004 Ourense","Cooperativa láctea ourensana que transforma leche en yogur, kéfir, requesón y queso fresco bajo la marca Loureiro.",Consultar web o venta directa,+34988287449,,http://cooperativaloureiro.es/,,https://www.instagram.com/lacteosloureiro/,https://www.google.com/maps/search/?api=1&query=Cooperativa%20Loureiro%2C%20R%C3%BAa%20Irixo%203%2C%2032004%20Ourense&query_place_id=ChIJ47dEwcD-Lw0Rgkivi7E43nI,42.4915252,-8.089076,/productores/galicia/ourense/lacteos-loureiro-ourense.webp,pendiente,no comprobado
queixos-angel-ourense,Queixos Ángel,Ourense,Lácteos y quesos,"Queso Ángel, queso de tetilla, quesos gallegos","Praza de Abastos 1, 32003 Ourense",Quesería artesana ourensana con puesto en la plaza de abastos y elaboración de queso propio de leche de vaca.,Lun-Sáb 08:00-14:00,+34988220385,hola@queixosangel.es,https://www.queixosangel.es/,,https://www.instagram.com/queixosangel/,https://www.google.com/maps/search/?api=1&query=Queixos%20%C3%81ngel%2C%20Praza%20de%20Abastos%201%2C%2032003%20Ourense&query_place_id=ChIJqWBn8GP_Lw0RcOriepmhXPM,42.3357934,-7.8665023,/productores/galicia/ourense/queixos-angel-ourense.webp,pendiente,no comprobado
touza-vella-queixeria-castro-caldelas,Touza Vella Queixería,Castro Caldelas,Lácteos y quesos,"Queso de oveja, queso curado artesano","OU-536 km 44,300, 32769 Castro Caldelas, Ourense",Quesería artesana ourensana reconocida por quesos de oveja de leche cruda y maduraciones cuidadas.,Consultar visitas y venta directa,+34628474264,,https://touzavella.com/,,https://www.instagram.com/touza_vella_queixeria/,https://www.google.com/maps/search/?api=1&query=Touza%20Vella%20Queixer%C3%ADa%2C%20OU-536%20km%2044%2C300%2C%2032769%20Castro%20Caldelas%2C%20Ourense&query_place_id=ChIJG4rUmSsLMA0RQRHdB28q7vg,42.3529759,-7.4415383,/productores/galicia/ourense/touza-vella-queixeria-castro-caldelas.webp,pendiente,no comprobado
queixeria-riola-allariz,Queixería Riola,Allariz,Lácteos y quesos,"Queso de cabra, quesos madurados en cava","Rúa Alexandre Bóveda 4, bajo, 32660 Allariz, Ourense",Quesería artesanal urbana en Allariz que elabora quesos naturales de cabra a partir de leche de su propia ganadería.,Consultar tienda,+34621196423,info@queixeriariola.com,https://queixeriariola.com,,https://www.instagram.com/queixeria_riola/,https://www.google.com/maps/search/?api=1&query=Queixer%C3%ADa+Riola+Allariz,42.1895,-7.8006,/productores/galicia/ourense/queixeria-riola-allariz.webp,verificado,no comprobado
quesos-feijoo-celanova,Quesos Feijóo,Celanova,Lácteos y quesos,"Queso Trisquel, queso Tetilla, requeixo","Lugar O Tellado 2, Acebedo del Río, 32815 Celanova, Ourense","Quesería familiar de Celanova fundada en 1949, elaboradores tradicionales de queso de tetilla, requeixo y quesos semicurados.",Consultar tienda,+34629836427,,https://quesosfeijoo.com,,https://www.instagram.com/quesosfeijoo/,https://www.google.com/maps/search/?api=1&query=Quesos+Feij%C3%B3o%2C+Lugar+O+Tellado%2C+2%2C+32815+Celanova%2C+Ourense,42.1522896,-8.0177792,/productores/galicia/ourense/quesos-feijoo-celanova.webp,verificado,no comprobado
queseria-cumbres-de-trevinca-a-veiga,Quesería Artesanal Cumbres de Trevinca,A Veiga,Lácteos y quesos,"Queso de vaca curado, quesos de montaña","Castromao 7, 32360 A Veiga, Ourense","Quesería artesanal de montaña en Castromao que elabora de forma tradicional quesos de vaca al natural, al pimentón, con finas hierbas y en aceite de oliva.",Lun-Vie 09:30-14:00 y 17:00-20:00; Sáb 10:00-14:00,+34610277833,,,,,https://www.google.com/maps/search/?api=1&query=Queser%C3%ADa+Artesanal+Cumbres+de+Trevinca%2C+Castromao%2C+7%2C+32360+A+Veiga%2C+Ourense,42.23688,-7.05711,/productores/galicia/ourense/queseria-cumbres-de-trevinca-a-veiga.webp,verificado,no comprobado
queixos-monte-ceo-nogueira-de-ramuin,Queixos Monte Ceo,Nogueira de Ramuín,Lácteos y quesos,"Queso de cabra ecológico, leche ecológica de cabra","Santo Estevo de Ribas de Sil s/n, 32162 Nogueira de Ramuín, Ourense","Única explotación de leche de cabra ecológica de Galicia, dedicada a la elaboración artesana de quesos de cabra ecológicos en el corazón de la Ribeira Sacra.",Consultar tienda,+34665633312,,https://monteceo.com,,,https://www.google.com/maps/search/?api=1&query=Queixos+Monte+Ceo%2C+Santo+Estevo+de+Ribas+de+Sil+s%2Fn%2C+32162+Nogueira+de+Ramu%C3%ADn%2C+Ourense,42.417197,-7.685761,/productores/galicia/ourense/queixos-monte-ceo-nogueira-de-ramuin.webp,verificado,no comprobado
raina-celta-o-irixo,Raíña Celta,O Irixo,Miel,"Miel artesanal de castaño, brezo y flores","Camiño de Arriba, Lugar Dadín, 32536 O Irixo, Ourense",Proyecto apícola de alta montaña ourensana que produce miel artesanal en el entorno rural de O Irixo.,Consultar web o tienda online,+34600281220,,https://mielrainacelta.gal/,,https://www.instagram.com/mielrainacelta/,https://www.google.com/maps/search/?api=1&query=Ra%C3%AD%C3%B1a%20Celta%2C%20Cami%C3%B1o%20de%20Arriba%2C%20Lugar%20Dad%C3%ADn%2C%2032536%20O%20Irixo%2C%20Ourense&query_place_id=ChIJuQlp_pXrLw0Ri-jaAeyqCW4,42.5014753,-8.1151715,/productores/galicia/ourense/raina-celta-o-irixo.webp,pendiente,no comprobado
mel-do-caminero-a-merca,Mel do Caminero,A Merca,Miel,"Miel multifloral, experiencias apícolas","Carretera de Celanova 19, 32830 A Merca, Ourense",Productor de miel de A Merca con elaboración tradicional y actividades de apicultura en entorno natural.,Consultar web o WhatsApp,+34678613929,,http://www.meldocaminero.com/,,https://www.instagram.com/meldocaminero/,https://www.google.com/maps/search/?api=1&query=Mel%20do%20Caminero%2C%20Carretera%20de%20Celanova%2019%2C%2032830%20A%20Merca%2C%20Ourense&query_place_id=ChIJi_5rjadXJQ0RA6OMUgJFyHo,42.22129,-7.907247,/productores/galicia/ourense/mel-do-caminero-a-merca.webp,pendiente,no comprobado
mel-aialma-laza,Mel Aialma,Laza,Miel,"Miel de montaña, miel de castaño, polen","32620 Souteliño, Laza, Ourense",Proyecto apícola familiar de Souteliño dedicado a miel de montaña y polen con manejo respetuoso de las abejas.,Consultar web o tienda online,+34686278489,,http://www.aialma.gal/,,https://www.instagram.com/mel.aialma/,https://www.google.com/maps/search/?api=1&query=Mel%20Aialma%2C%2032620%20Souteli%C3%B1o%2C%20Laza%2C%20Ourense&query_place_id=ChIJm_MBAwS_Og0RtfDTPgx8GNw,42.0522295,-7.4770004,/productores/galicia/ourense/mel-aialma-laza.webp,pendiente,no comprobado
polemel-rairiz-de-veiga,Polemel,Rairiz de Veiga,Miel,"Miel cruda ecológica, polen ecológico","Ordes 8, Estrada OU-1114 km 7, 32654 Rairiz de Veiga, Ourense",Productor ecológico de miel cruda y polen en el Área de la Biosfera de Allariz.,Consultar web o tienda online,+34618284446,info@polemel.es,http://www.polemel.es/,,https://www.instagram.com/polemelbio/,https://www.google.com/maps/search/?api=1&query=Polemel%2C%20Ordes%208%2C%20Estrada%20OU-1114%20km%207%2C%2032654%20Rairiz%20de%20Veiga%2C%20Ourense&query_place_id=ChIJAY_5phNMJQ0R2f1EtisZlOw,42.0595582,-7.853455,/productores/galicia/ourense/polemel-rairiz-de-veiga.webp,pendiente,no comprobado
miel-montes-do-xures-lobios,Miel Montes do Xurés,Lobios,Miel,Miel ecológica de montaña,"Lugar Gustomeau 7, 32879 Gustomeao, Lobios, Ourense",Productor de miel ecológica en el entorno del parque natural Baixa Limia-Serra do Xurés.,Consultar web o venta directa,+34606819834,,https://www.mielmontesdoxures.com/,,https://www.instagram.com/miel_ecologica_montes_do_xures/,https://www.google.com/maps/search/?api=1&query=Miel%20Montes%20do%20Xur%C3%A9s%2C%20Lugar%20Gustomeau%207%2C%2032879%20Gustomeao%2C%20Lobios%2C%20Ourense&query_place_id=ChIJF9WOVjU_JQ0RYYs-C6Oi3O0,41.888271,-8.057901,/productores/galicia/ourense/miel-montes-do-xures-lobios.webp,pendiente,no comprobado
miel-ecologica-aldea-del-norte-maceda,Miel Ecológica Aldea del Norte,Maceda,Miel,Miel ecológica gallega,"Lugar Tronceda 4, 32766 Tronceda, Maceda, Ourense","Productor de miel ecológica en la montaña ourensana, con colmenares en el entorno rural de Tronceda.",Consultar venta directa,+34665188471,,,,,https://www.google.com/maps/search/?api=1&query=Miel%20Ecol%C3%B3gica%20Aldea%20del%20Norte%2C%20Lugar%20Tronceda%204%2C%2032766%20Tronceda%2C%20Maceda%2C%20Ourense&query_place_id=ChIJDWegYPlzMA0R-x3cQXfYo-4,42.4248379,-7.390783,/productores/galicia/ourense/miel-ecologica-aldea-del-norte-maceda.webp,pendiente,no comprobado
aceites-abril-san-cibrao-das-vinas,Aceites Abril,San Cibrao das Viñas,Aceite,"Aceite de oliva virgen extra, AOVE gallego","Calle 6 18, Polígono San Cibrao, 32901 San Cibrao das Viñas, Ourense","Empresa ourensana de aceite de oliva que envasa y elabora líneas de AOVE, incluida producción con aceituna gallega.",Consultar web,+34988383747,info@aceitesabril.com,http://www.aceitesabril.com/,,,https://www.google.com/maps/search/?api=1&query=Aceites%20Abril%2C%20Calle%206%2018%2C%20Pol%C3%ADgono%20San%20Cibrao%2C%2032901%20San%20Cibrao%20das%20Vi%C3%B1as%2C%20Ourense&query_place_id=ChIJMwTDGYj_Lw0R8CN2boTe4n0,42.2860328,-7.8165461,/productores/galicia/ourense/aceites-abril-san-cibrao-das-vinas.webp,pendiente,no comprobado
aceite-novoa-natura-ourense,Aceite Novoa Natura,Ourense,Aceite,AOVE gallego,"Avenida de Santiago 1 bajo, 32001 Ourense",Productor ourensano de aceite de oliva virgen extra gallego vinculado a la recuperación del olivar local.,Consultar venta directa,+34637460133,,,,,https://www.google.com/maps/search/?api=1&query=Aceite%20Novoa%20Natura%2C%20Avenida%20de%20Santiago%201%20bajo%2C%2032001%20Ourense&query_place_id=ChIJz9WW18j-Lw0RF0V7DBrxBOM,42.3357893,-7.863881,/productores/galicia/ourense/aceite-novoa-natura-ourense.webp,pendiente,no comprobado
aguas-cabreiroa-verin,Aguas Cabreiroá,Verín,Agua mineral natural,Agua mineral natural con gas y sin gas,"Estrada do Balneario de Cabreiroá s/n, 32600 Verín, Ourense","Manantial y embotelladora de agua mineral natural de Verín, ligada al balneario histórico de Cabreiroá.",Consultar web,+34988410087,,https://cabreiroa.es/,,,https://www.google.com/maps/search/?api=1&query=Aguas%20Cabreiro%C3%A1%2C%20Estrada%20do%20Balneario%20de%20Cabreiro%C3%A1%20s%2Fn%2C%2032600%20Ver%C3%ADn%2C%20Ourense&query_place_id=ChIJVQ_-jQXqOg0RV4zg4aRvKWA,41.9269194,-7.419539,/productores/galicia/ourense/aguas-cabreiroa-verin.webp,pendiente,no comprobado
augas-de-sousas-verin,Augas de Sousas,Verín,Agua mineral natural,Agua mineral natural,"Avenida de Sousas 126, 32600 Verín, Ourense","Empresa de agua mineral natural de Verín, con manantial y embotellado en la comarca de Monterrei.",Consultar web,+34988410230,,http://www.aguasdesousas.com/,,https://www.instagram.com/aguasdesousas/,https://www.google.com/maps/search/?api=1&query=Augas%20de%20Sousas%2C%20Avenida%20de%20Sousas%20126%2C%2032600%20Ver%C3%ADn%2C%20Ourense&query_place_id=ChIJEWiamW3qOg0RaqstwJOUPVQ,41.9391519,-7.4225947,/productores/galicia/ourense/augas-de-sousas-verin.webp,pendiente,no comprobado
auga-de-fontenova-verin,Auga de Fontenova,Verín,Agua mineral natural,Agua mineral natural,"32600 Verín, Ourense","Manantial y marca de agua mineral natural de Verín, en la zona termal de Monterrei.",Consultar venta directa,+34988410087,,,,,https://www.google.com/maps/search/?api=1&query=Auga%20de%20Fontenova%2C%2032600%20Ver%C3%ADn%2C%20Ourense&query_place_id=ChIJTUpaj23qOg0RbmubnGIb-Ws,41.9380971,-7.4300944,/productores/galicia/ourense/auga-de-fontenova-verin.webp,pendiente,no comprobado
granjas-baldomero-celanova,Granjas Baldomero,Celanova,Huevos,Huevos frescos,"Rúa da Encarnación 6, 32800 Celanova, Ourense",Empresa familiar de Celanova dedicada desde mediados del siglo XX a la producción y envasado de huevos frescos.,Consultar web o venta directa,+34988431499,,https://granjasbaldomero.com/,,,https://www.google.com/maps/search/?api=1&query=Granjas%20Baldomero%2C%20R%C3%BAa%20da%20Encarnaci%C3%B3n%206%2C%2032800%20Celanova%2C%20Ourense&query_place_id=ChIJbdPHwXhQJQ0Ri2v8maWehD0,42.1503288,-7.9578764,/productores/galicia/ourense/granjas-baldomero-celanova.webp,pendiente,no comprobado
patacas-conde-xinzo-de-limia,Patacas Conde,Xinzo de Limia,Fruta y verdura,Patata de A Limia,"N-525 km 200 s/n, 32630 Xinzo de Limia, Ourense","Productor y envasador de patata de Xinzo de Limia, zona tradicional de cultivo de patata gallega.",Consultar web o venta profesional,+34988462477,,http://www.patatasconde.com/,,,https://www.google.com/maps/search/?api=1&query=Patacas%20Conde%2C%20N-525%20km%20200%20s%2Fn%2C%2032630%20Xinzo%20de%20Limia%2C%20Ourense&query_place_id=ChIJeavXt1WxOg0Rre5_gTlcqxE,42.0801467,-7.7368364,/productores/galicia/ourense/patacas-conde-xinzo-de-limia.webp,pendiente,no comprobado
gallega-de-patatas-xinzo-de-limia,Gallega de Patatas,Xinzo de Limia,Fruta y verdura,Patata gallega,"32693 Xinzo de Limia, Ourense",Empresa de Xinzo de Limia dedicada al almacenaje y comercialización de patata de la comarca de A Limia.,Consultar venta profesional,,gallegapatata@terra.es,,,,https://www.google.com/maps/search/?api=1&query=Gallega%20de%20Patatas%2C%2032693%20Xinzo%20de%20Limia%2C%20Ourense&query_place_id=ChIJs426m3mzOg0RvHJrbIeX5aI,42.0806635,-7.7398477,/productores/galicia/ourense/gallega-de-patatas-xinzo-de-limia.webp,pendiente,no comprobado
cuevas-marron-glace-san-cibrao-das-vinas,Cuevas Marron Glacé,San Cibrao das Viñas,Frutos secos,"Marron glacé, castaña transformada","Rúa Ricardo Martín Esperanza 10, 32901 San Cibrao das Viñas, Ourense","Empresa ourensana especializada en marron glacé y derivados de castaña, con ciclo completo de transformación.",Consultar web o tienda,+34988383822,info@marronglace.com,http://www.marronglace.com/,,https://www.instagram.com/cuevas.marronglace/,https://www.google.com/maps/search/?api=1&query=Cuevas%20Marron%20Glac%C3%A9%2C%20R%C3%BAa%20Ricardo%20Mart%C3%ADn%20Esperanza%2010%2C%2032901%20San%20Cibrao%20das%20Vi%C3%B1as%2C%20Ourense&query_place_id=ChIJEanYZ4__Lw0Rj0gxPl9xj8c,42.2896951,-7.8176539,/productores/galicia/ourense/cuevas-marron-glace-san-cibrao-das-vinas.webp,pendiente,no comprobado
posada-marron-glace-san-cibrao-das-vinas,Posada Marron Glacé,San Cibrao das Viñas,Frutos secos,"Marron glacé, castañas en almíbar, puré de castaña","Calle 6 1, 32901 San Cibrao das Viñas, Ourense",Productor ourensano de marron glacé y transformados de castaña con elaboración de principio a fin en San Cibrao.,Consultar web o tienda,+34988230545,posadamg@posadamg.com,https://posadamg.com/,https://www.facebook.com/PosadaMarronGlace,https://www.instagram.com/posadamarronglace/,https://www.google.com/maps/search/?api=1&query=Posada%20Marron%20Glac%C3%A9%2C%20Calle%206%201%2C%2032901%20San%20Cibrao%20das%20Vi%C3%B1as%2C%20Ourense&query_place_id=ChIJX024Jon_Lw0R6BY5nuxPNC8,42.2887511,-7.8154922,/productores/galicia/ourense/posada-marron-glace-san-cibrao-das-vinas.webp,verificado,no comprobado
amarelante-manzaneda,Amarelante Sociedade Cooperativa Galega,Manzaneda,Frutos secos,"Castaña amarelante, harina de castaña","A Corredoira 3, 32781 Manzaneda, Ourense",Cooperativa de Manzaneda dedicada a recuperar soutos y vender castaña ecológica y derivados con valor añadido.,Consultar web o tienda online,+34606226291,,https://amarelante.gal/,,https://www.instagram.com/amarelante_scg/,https://www.google.com/maps/search/?api=1&query=Amarelante%20Sociedade%20Cooperativa%20Galega%2C%20A%20Corredoira%203%2C%2032781%20Manzaneda%2C%20Ourense&query_place_id=ChIJx0PBLOGDOg0RuLqoa08NJj8,42.3020629,-7.229415,/productores/galicia/ourense/amarelante-manzaneda.webp,pendiente,no comprobado
castanas-moral-o-barco,Castañas Moral,O Barco de Valdeorras,Frutos secos,"Castaña de Galicia, castaña seleccionada","Polígono Industrial A Raña, parcela 217, calle 6, 32300 O Barco de Valdeorras, Ourense",Empresa valdeorresa dedicada a la selección y comercialización de castaña gallega.,Consultar web o venta profesional,+34638152152,,https://castañasmoral.com/,,,https://www.google.com/maps/search/?api=1&query=Casta%C3%B1as%20Moral%2C%20Pol%C3%ADgono%20Industrial%20A%20Ra%C3%B1a%2C%20parcela%20217%2C%20calle%206%2C%2032300%20O%20Barco%20de%20Valdeorras%2C%20Ourense&query_place_id=ChIJs45A6syBMA0RXSxMynUQnT4,42.4117246,-7.0118464,/productores/galicia/ourense/castanas-moral-o-barco.webp,pendiente,no comprobado
sofragal-nogueira-de-ramuin,Sofragal,Nogueira de Ramuín,Frutos secos,"Castañas, harina de castaña, repostería de castaña","Parque Empresarial de Luintra, parcela 11, 32160 Nogueira de Ramuín, Ourense",Proyecto de Ribeira Sacra centrado en recuperación de castañares tradicionales y elaboración de productos de castaña.,Consultar web o venta directa,+34606103114,,https://www.sofragal.es/,,,https://www.google.com/maps/search/?api=1&query=Sofragal%2C%20Parque%20Empresarial%20de%20Luintra%2C%20parcela%2011%2C%2032160%20Nogueira%20de%20Ramu%C3%ADn%2C%20Ourense&query_place_id=ChIJaT4KrKIDMA0RmXYUP_4umss,42.4057895,-7.7312659,/productores/galicia/ourense/sofragal-nogueira-de-ramuin.webp,pendiente,no comprobado
forno-do-carlos-san-cristovo-de-cea,Forno do Carlos,San Cristovo de Cea,Pan y pastelería,Pan de Cea IGP,"Faramontaos s/n, 32141 San Cristovo de Cea, Ourense",Horno artesano de San Cristovo de Cea que elabora pan de Cea en horno tradicional de leña.,Consultar web o tienda,+34988282279,,http://www.fornodocarlos.es/,,https://www.instagram.com/fornodocarlos/,https://www.google.com/maps/search/?api=1&query=Forno%20do%20Carlos%2C%20Faramontaos%20s%2Fn%2C%2032141%20San%20Cristovo%20de%20Cea%2C%20Ourense&query_place_id=ChIJ-3sBwRblLw0RnktAPXMMX3Q,42.4570312,-7.9330587,/productores/galicia/ourense/forno-do-carlos-san-cristovo-de-cea.webp,pendiente,no comprobado
forno-da-maria-jose-san-cristovo-de-cea,Forno da María José,San Cristovo de Cea,Pan y pastelería,Pan de Cea IGP,"32130 San Cristovo de Cea, Ourense",Horno de panadería tradicional en Cea dedicado a pan de larga fermentación y cocción artesana.,Consultar tienda,+34988282139,,,,,https://www.google.com/maps/search/?api=1&query=Forno%20da%20Mar%C3%ADa%20Jos%C3%A9%2C%2032130%20San%20Cristovo%20de%20Cea%2C%20Ourense&query_place_id=ChIJLSasSa3vLw0RBIHvAtiaYP4,42.4734012,-7.983111,/productores/galicia/ourense/forno-da-maria-jose-san-cristovo-de-cea.webp,pendiente,no comprobado
forno-da-ana-san-cristovo-de-cea,Forno da Ana,San Cristovo de Cea,Pan y pastelería,Pan de Cea IGP,"Rúa Calvo Sotelo 87, 32130 San Cristovo de Cea, Ourense",Obrador de Cea que mantiene la tradición local del pan cocido en horno de piedra.,Consultar tienda,+34988282498,,,,,https://www.google.com/maps/search/?api=1&query=Forno%20da%20Ana%2C%20R%C3%BAa%20Calvo%20Sotelo%2087%2C%2032130%20San%20Cristovo%20de%20Cea%2C%20Ourense&query_place_id=ChIJq6qqqg_vLw0RqldD6eO4HO0,42.4762552,-7.9798726,/productores/galicia/ourense/forno-da-ana-san-cristovo-de-cea.webp,pendiente,no comprobado
bicas-o-forno-castro-caldelas,Bicas O Forno,Castro Caldelas,Pan y pastelería,"Bica mantecada, repostería artesana","Rúa do Toural 6, 32760 Castro Caldelas, Ourense",Obrador de Castro Caldelas especializado en bica mantecada y repostería tradicional ourensana.,Consultar web o tienda,+34679582414,,https://bicasoforno.com/,,https://www.instagram.com/bicasoforno/,https://www.google.com/maps/search/?api=1&query=Bicas%20O%20Forno%2C%20R%C3%BAa%20do%20Toural%206%2C%2032760%20Castro%20Caldelas%2C%20Ourense&query_place_id=ChIJOZh1kJV0MA0R04sryvrpETA,42.3741801,-7.4152523,/productores/galicia/ourense/bicas-o-forno-castro-caldelas.webp,verificado,no comprobado
bica-mantecada-lalo-castro-caldelas,Bica Mantecada Lalo,Castro Caldelas,Pan y pastelería,Bica mantecada de Castro Caldelas,"OU-536 54, 32794 Castro Caldelas, Ourense",Obrador mayorista de Castro Caldelas especializado en la bica mantecada tradicional de la Ribeira Sacra.,Consultar tienda,+34988203141,,,,,https://www.google.com/maps/search/?api=1&query=Bica%20Mantecada%20Lalo%2C%20OU-536%2054%2C%2032794%20Castro%20Caldelas%2C%20Ourense&query_place_id=ChIJs0Y7HJx2MA0RXpYTPi7GLis,42.3694261,-7.3482418,/productores/galicia/ourense/bica-mantecada-lalo-castro-caldelas.webp,pendiente,no comprobado
bicas-de-trives-a-pobra-de-trives,Bicas de Trives,A Pobra de Trives,Pan y pastelería,Bica mantecada de Trives,"Avenida de Ourense 23, 32780 A Pobra de Trives, Ourense","Obrador de A Pobra de Trives dedicado a la bica mantecada, dulce emblemático de la comarca.",Consultar web o tienda,+34988330935,,http://www.bicasdetrives.com/,,https://www.instagram.com/bicasdetrives/,https://www.google.com/maps/search/?api=1&query=Bicas%20de%20Trives%2C%20Avenida%20de%20Ourense%2023%2C%2032780%20A%20Pobra%20de%20Trives%2C%20Ourense&query_place_id=ChIJh2rHzCF4MA0RGVwY9_GuQVQ,42.3414798,-7.2627364,/productores/galicia/ourense/bicas-de-trives-a-pobra-de-trives.webp,verificado,no comprobado
dona-bica-verin,Doña Bica,Verín,Pan y pastelería,"Bica, dulces artesanos, pastelería","Rúa Irmáns Fernández Álvarez 32, esquina Rúa Rosalía de Castro 2, 32600 Verín, Ourense","Confitería de Verín con obrador propio de bicas, pastelería y dulces tradicionales.",Consultar web o tienda,+34988410936,,http://www.donabica.es/,,https://www.instagram.com/donabicaverin/,https://www.google.com/maps/search/?api=1&query=Do%C3%B1a%20Bica%2C%20R%C3%BAa%20Irm%C3%A1ns%20Fern%C3%A1ndez%20%C3%81lvarez%2032%2C%20esquina%20R%C3%BAa%20Rosal%C3%ADa%20de%20Castro%202%2C%2032600%20Ver%C3%ADn%2C%20Ourense&query_place_id=ChIJlfMRlHbqOg0RdSQZ0dYAlfY,41.942177,-7.434746,/productores/galicia/ourense/dona-bica-verin.webp,pendiente,no comprobado
pura-vila-ribadavia,Pura Vila,Ribadavia,Pan y pastelería,"Repostería artesana, almendra, chocolate","Saa, 32454 Ribadavia, Ourense",Obrador de repostería de aldea en O Ribeiro que recupera recetas familiares con elaboración artesana.,Consultar web o tienda online,+34617629347,,https://puravila.com/,,,https://www.google.com/maps/search/?api=1&query=Pura%20Vila%2C%20Saa%2C%2032454%20Ribadavia%2C%20Ourense&query_place_id=ChIJtzBJ4Hr1Lw0RP5MxOUNSNp4,42.3181406,-8.0864442,/productores/galicia/ourense/pura-vila-ribadavia.webp,pendiente,no comprobado
fina-rei-allariz,Fina Rei,Allariz,Pan y pastelería,"Almendrados, chocolates, repostería artesana","Rúa Emilia Pardo Bazán 1, 32660 Allariz, Ourense","Obrador artesano de Allariz especializado en repostería, almendrados y dulces con identidad local.",Consultar web o tienda,+34988441340,,http://www.finarrei.com/,,https://www.instagram.com/fina_rei/,https://www.google.com/maps/search/?api=1&query=Fina%20Rei%2C%20R%C3%BAa%20Emilia%20Pardo%20Baz%C3%A1n%201%2C%2032660%20Allariz%2C%20Ourense&query_place_id=ChIJE8ug40BTJQ0REQql-twmDH0,42.1897071,-7.8033109,/productores/galicia/ourense/fina-rei-allariz.webp,pendiente,no comprobado
confiteria-sila-ribadavia,Confitería Sila,Ribadavia,Pan y pastelería,"Cañas, melindres, rosquillas, dulces tradicionales","Ventosela 19, 32415 Ribadavia, Ourense",Obrador artesano de Ribadavia dedicado a dulces tradicionales gallegos y venta al por mayor y mostrador.,Consultar web o tienda,+34626945896,,https://siladulcesartesanos.es/,,https://www.instagram.com/siladulcesartesanos/,https://www.google.com/maps/search/?api=1&query=Confiter%C3%ADa%20Sila%2C%20Ventosela%2019%2C%2032415%20Ribadavia%2C%20Ourense&query_place_id=ChIJSWbHkeD0Lw0RezBvqjIIN9I,42.3064989,-8.1110374,/productores/galicia/ourense/confiteria-sila-ribadavia.webp,pendiente,no comprobado
cafes-las-antillas-campos-ourense,Cafés Las Antillas - Campos,Ourense,Café,Café tostado en Galicia,"Rúa Ribeiriño 2A, 32001 Ourense",Tostador ourensano con tradición desde 1930 y tienda de café recién tostado en la ciudad de Ourense.,Consultar web o tienda,+34988219066,,https://cafesantillascampos.com/,,https://www.instagram.com/cafes_las_antillas_campos/,https://www.google.com/maps/search/?api=1&query=Caf%C3%A9s%20Las%20Antillas%20-%20Campos%2C%20R%C3%BAa%20Ribeiri%C3%B1o%202A%2C%2032001%20Ourense&query_place_id=ChIJh63YrbP-Lw0RzOEhfAor124,42.3468221,-7.8688659,/productores/galicia/ourense/cafes-las-antillas-campos-ourense.webp,pendiente,no comprobado
chocolateria-candido-ourense,Chocolatería Cándido,Ourense,Churrería,Churros artesanos y chocolate,"Rúa Irmáns Villar 15B, 32005 Ourense",Chocolatería y churrería ourensana conocida por sus churros artesanos y chocolate de elaboración diaria.,Consultar tienda,+34988229607,,https://chocolateriacandido.es/,,,https://www.google.com/maps/search/?api=1&query=Chocolater%C3%ADa%20C%C3%A1ndido%2C%20R%C3%BAa%20Irm%C3%A1ns%20Villar%2015B%2C%2032005%20Ourense&query_place_id=ChIJCbr8H3j_Lw0Rm0MkfwITpeQ,42.3373756,-7.8641993,/productores/galicia/ourense/chocolateria-candido-ourense.webp,pendiente,no comprobado
coren-ourense,Coren,Ourense,Charcutería,"Pollo, huevos, porcino, elaborados cárnicos","Santa Cruz de Arrabaldo s/n, 32990 Ourense","Cooperativa agroalimentaria ourensana centrada en producción avícola, porcina y elaborados cárnicos de origen gallego.",Consultar web,+34988369400,,http://www.coren.es/,,,https://www.google.com/maps/search/?api=1&query=Coren%2C%20Santa%20Cruz%20de%20Arrabaldo%20s%2Fn%2C%2032990%20Ourense&query_place_id=ChIJ7-uvHqb7Lw0RZhOdO0_FYdU,42.3426106,-7.9830999,/productores/galicia/ourense/coren-ourense.webp,pendiente,no comprobado
embutidos-de-entrimo,Embutidos de Entrimo,Entrimo,Charcutería,"Chorizos, embutidos curados, elaborados cárnicos","Ánimas 36, Ferreiros, 32868 Entrimo, Ourense",Obrador de Entrimo especializado en embutidos tradicionales y elaborados cárnicos de la Baixa Limia.,Consultar web o venta directa,+34988434850,,https://embutidosdeentrimo.com/,,,https://www.google.com/maps/search/?api=1&query=Embutidos%20de%20Entrimo%2C%20%C3%81nimas%2036%2C%20Ferreiros%2C%2032868%20Entrimo%2C%20Ourense&query_place_id=ChIJPYEgcvw_JQ0RnqpH3pQ1l8A,41.9394112,-8.1297096,/productores/galicia/ourense/embutidos-de-entrimo.webp,pendiente,no comprobado
cerveza-laza-ourense,Cerveza Laza,Ourense,Cerveza artesana,Cerveza artesana propia,"Rúa Marcelo Macías 121 Bajo, 32002 Ourense",Proyecto cervecero ourensano con elaboración de cerveza artesana propia y punto de degustación en la ciudad.,Mié-Sáb 12:00-15:00 y 19:00-00:00; Dom 12:00-15:00,+34698149277,,https://www.facebook.com/p/Cerveza-Laza-100071119595585/,,https://www.instagram.com/cervezalaza/,https://www.google.com/maps/search/?api=1&query=Cerveza%20Laza%2C%20R%C3%BAa%20Marcelo%20Mac%C3%ADas%20121%20Bajo%2C%2032002%20Ourense&query_place_id=ChIJ5W8otnL5Lw0ROdXYGKSw2Z8,42.3258482,-7.8779649,/productores/galicia/ourense/cerveza-laza-ourense.webp,pendiente,no comprobado
panaderia-caneda-a-pobra-de-trives,Panadería Caneda,A Pobra de Trives,Pan y pastelería,"Bica de Trives, repostería artesana","Rúa Marqués de Trives 23, 32780 A Pobra de Trives, Ourense",Panadería centenaria de A Pobra de Trives referente en la elaboración artesana de la tradicional bica mantecada.,Consultar tienda,+34988330208,,https://panaderiacaneda.es/,,https://www.instagram.com/panaderiacaneda/,https://www.google.com/maps/search/?api=1&query=Panader%C3%ADa%20Caneda%2C%20R%C3%BAa%20Marqu%C3%A9s%20de%20Trives%2023%2C%2032780%20A%20Pobra%20de%20Trives%2C%20Ourense,42.3392853,-7.2537234,/productores/galicia/ourense/panaderia-caneda-a-pobra-de-trives.webp,verificado,no comprobado
bicas-eladio-o-pereiro-de-aguiar,Bicas Eladio,O Pereiro de Aguiar,Pan y pastelería,"Bica mantecada tradicional, repostería gallega","Lugar A Derrasa 85, bajo, 32792 O Pereiro de Aguiar, Ourense",Obrador artesanal gallego reconocido por sus famosas bicas mantecadas bajo la marca Eladio.,Lun-Sáb 09:30-14:00 y 17:00-20:30; Dom 09:30-14:00,+34988380282,,https://www.bicaseladio.com/,,https://www.instagram.com/bicaseladio/,https://www.google.com/maps/search/?api=1&query=Bicas%20Eladio%2C%20Lugar%20A%20Derrasa%2085%2C%20bajo%2C%2032792%20O%20Pereiro%20de%20Aguiar%2C%20Ourense,42.322367,-7.785196,/productores/galicia/ourense/bicas-eladio-o-pereiro-de-aguiar.webp,verificado,no comprobado
a-casa-das-bicas-laza,A Casa das Bicas,Laza,Pan y pastelería,"Bica blanca de Laza, repostería artesana","Lugar Soutelo Verde 11, bajo, 32622 Laza, Ourense",Histórico obrador familiar en Soutelo Verde especializado en la bica blanca de Laza de claras de huevo.,Consultar tienda,+34678617363,,,,,https://www.google.com/maps/search/?api=1&query=A%20Casa%20das%20Bicas%2C%20Lugar%20Soutelo%20Verde%2011%2C%20bajo%2C%2032622%20Laza%2C%20Ourense,42.0762,-7.4954,/productores/galicia/ourense/a-casa-das-bicas-laza.webp,parcial,no comprobado
panaderia-vilanova-montederramo,Panadería Vilanova,Montederramo,Pan y pastelería,"Bica mantecada, empanadas, repostería artesana","Rúa Casanova 3, 32750 Montederramo, Ourense",Obrador de Montederramo conocido por sus bicas artesanales de diversos sabores e innovaciones.,Consultar tienda,+34639515406,vilanova.montederramo@gmail.com,,,https://www.instagram.com/vilanova.montederramo/,https://www.google.com/maps/search/?api=1&query=Panader%C3%ADa%20Vilanova%2C%20R%C3%BAa%20Casanova%203%2C%2032750%20Montederramo%2C%20Ourense,42.276667,-7.504167,/productores/galicia/ourense/panaderia-vilanova-montederramo.webp,verificado,no comprobado
bica-do-val-de-laza-verin,Bica do Val de Laza,Verín,Pan y pastelería,"Bica blanca de Laza, rosquillas, empanadas","Avenida de Sousas, 74, 32600 Verín, Ourense","Pastelería artesana con más de 20 años de tradición, especializada en la bica blanca gallega y repostería tradicional.",Mar-Vie 09:00-14:00 y 16:30-20:00; Sáb 09:00-14:00; Dom 09:30-14:00,+34988413757,,,,,https://www.google.com/maps/search/?api=1&query=Bica+do+Val+de+Laza%2C+Avenida+de+Sousas%2C+74%2C+32600+Ver%C3%ADn%2C+Ourense,41.9401029,-7.4277235,/productores/galicia/ourense/bica-do-val-de-laza-verin.webp,verificado,no comprobado
