slug,nombre,municipio,categoria,productos estrella,direccion,descripcion,horario,telefono,correo,web,Facebook,Instagram,Google Maps,lat,lon,imagen,verificacion,Venta online,Canal de venta,categorias adicionales
almalech,Almalech,Salillas,Aceite,aceite de oliva virgen extra,"Plaza Santa Ana, 7, 22110 Salillas, Huesca",Finca y almazara de Salillas que cultiva arbequina propia y elabora y envasa aceite de oliva virgen extra.,Consultar web,+34683456824,almalech@almalech.es,https://almalech.es,,,https://www.google.com/maps/search/?api=1&query=Finca%20Almalech%20-%20Salillas%20(Grupo%20Mazana)%2C%2022110%20Salillas%2C%20Huesca%2C%20Espa%C3%B1a&query_place_id=ChIJgXRvEAB9WA0RrT34IWegFYE,41.9758491,-0.1493506,/productores/es/aragon/huesca/almalech.webp,verificado,sí,ecommerce,
aceites-noguero,Aceites Noguero,Barbastro,Aceite,aceite de oliva virgen extra,"Pol. Ind. Valle del Cinca, 15-32, 22300 Barbastro, Huesca",Almazara familiar de Barbastro que elabora y envasa AOVE Somontano con aceitunas propias y de productores de la provincia.,Consultar web,+34974311648,info@noguerosomontano.com,https://noguerosomontano.com,,https://www.instagram.com/aceitesnoguerosomontano,https://www.google.com/maps/search/?api=1&query=Aceites%20Noguero%2C%20Pol.%20Ind.%20Valle%20del%20Cinca%2C%2032%2C%2022300%20Barbastro%2C%20Huesca%2C%20Espa%C3%B1a&query_place_id=ChIJy-iisJiEpxIRvJgTotIwsjY,42.0040626,0.1296734,/productores/es/aragon/huesca/aceites-noguero.webp,verificado,sí,ecommerce,
aceites-palacio,Aceites Palacio,Alberuela de Tubo,Aceite,aceite de oliva virgen extra,"C. San Lorenzo, 1, 22212 Alberuela de Tubo, Huesca",Almazara familiar de Alberuela de Tubo que elabora aceite de oliva virgen extra de Los Monegros desde varias generaciones.,Consultar web,+34974395050,aceitespalacio@aceitespalacio.com,https://www.aceitespalacio.com,,https://www.instagram.com/aceitespalacio,https://www.google.com/maps/search/?api=1&query=Aceites%20Palacio%2C%20C.%20San%20Lorenzo%2C%201%2C%2022212%20Alberuela%20de%20Tubo%2C%20Huesca%2C%20Espa%C3%B1a&query_place_id=ChIJBaN63e-JWA0ROBk1MzYJaSs,41.908246,-0.214615,/productores/es/aragon/huesca/aceites-palacio.webp,verificado,sí,ecommerce,
aceites-satue,Aceites Satué,Algayón,Aceite,aceite de oliva virgen extra,"C. Tamarite, 22559 Algayón, Huesca",Almazara de Algayón con más de 50 años de experiencia en la elaboración de aceite de oliva virgen extra.,Consultar web,+34974424075,info@aceitessatue.com,https://www.aceitessatue.com,,,https://www.google.com/maps/search/?api=1&query=Aceites%20Satu%C3%A9%2C%20C.%20Tamarite%2C%2022559%20Algay%C3%B3n%2C%20Huesca%2C%20Espa%C3%B1a&query_place_id=ChIJjzMVMKkOpxIRtyVACO0BmgY,41.835689,0.380203,/productores/es/aragon/huesca/aceites-satue.webp,verificado,sí,ecommerce,
flor-de-sal-shio,Flor de sal & Shio,Alcolea de Cinca,Aceite,aceite de oliva virgen extra,"Av. del Sol, 1, 22410 Alcolea de Cinca, Huesca",Finca y almazara de Alcolea de Cinca que cultiva arbequina y elabora AOVE Flor de Sal y Shio.,Consultar web,+34667219606,flordesal@aceiteflordesal.com,https://aceiteflordesal.com,,,https://www.google.com/maps/search/?api=1&query=ACEITE%20FLOR%20DE%20SAL%20%26%20SHIO%2C%20Av.%20del%20Sol%2C%201%2C%2022410%20Alcolea%20de%20Cinca%2C%20Huesca%2C%20Espa%C3%B1a&query_place_id=ChIJT7PCEVVlpxIRRbEYd6s1VsE,41.7227928,0.1149631,,verificado,sí,ecommerce,
ecostean,Ecostean,Costean,Aceite,aceite de oliva virgen extra ecológico,"Pl. Portal, 11, 22312 Costean, Huesca","Almazara de Costean que elabora AOVE del Somontano, incluido aceite ecológico y condimentado.",Consultar web,+34974110761,tienda@ecostean.com,https://ecostean.com/,,,https://www.google.com/maps/search/?api=1&query=ECOSTEAN%2C%20Pl.%20Portal%2C%2011%2C%2022312%20Costean%2C%20Huesca%2C%20Espa%C3%B1a&query_place_id=ChIJpRKOWPaPpxIRQqRE7bVqsZU,42.0883389,0.1790768,/productores/es/aragon/huesca/ecostean.webp,verificado,sí,ecommerce,
molino-de-bolea,Molino de Bolea,Bolea,Aceite,aceite de oliva virgen extra,"C. Carretera, 2, 22160 Bolea, Huesca",Almazara familiar de Bolea que moltura aceituna y elabora y embotella AOVE desde 1940.,Consultar web,+34606895605,info@aceitedebolea.es,https://tienda.aceitedebolea.es/,,,https://www.google.com/maps/search/?api=1&query=Molino%20de%20Olivas%20de%20Bolea%2C%20C.%20Carretera%2C%202%2C%2022160%20Bolea%2C%20Huesca%2C%20Espa%C3%B1a&query_place_id=ChIJyT32X6M1WA0RLeF5YNTSC3s,42.259556,-0.555281,,verificado,sí,ecommerce,
azafran-de-sobrarbe,Azafrán de Sobrarbe,Laspuña,Condimentos,azafrán artesano,"C/ Única, s/n, Ceresa, Laspuña",Proyecto familiar de Ceresa que cultiva y elabora azafrán artesano del Pirineo oscense.,Consultar web,+34638712936,info@azafrandesobrarbe.com,,,,,42.5076,0.1785,,parcial,no comprobado,,
eboca,Eboca,Cuarte,Café,café de tueste y vending de proximidad,"Autovía Zaragoza - Huesca Km. 356, 22197 Cuarte, Huesca",Tostadero de Cuarte que tuesta café de especialidad ecológico y de comercio justo para venta y servicios de café.,Consultar web,+34900200098,eboca@eboca.com,https://eboca.com/,,,https://www.google.com/maps/search/?api=1&query=Eboca%2C%20Autov%C3%ADa%20Zaragoza%20-%20Huesca%20Km.%20356%2C%2022197%20Cuarte%2C%20Huesca%2C%20Espa%C3%B1a&query_place_id=ChIJvclDDnlFWA0RXxxxz9ZednE,42.1131477,-0.4433999,,verificado,sí,ecommerce|suscripcion,
carnicas-ferrer,Cárnicas Ferrer,Huesca,Carne,derivados cárnicos y platos preparados,"Rda. Salas, 1, 22005 Huesca",Fábrica familiar de Huesca que elabora embutidos y productos cárnicos de quinta gama con sello de Artesanía Alimentaria de Aragón.,Consultar web,+34607971036,carnicasferrer@carnicasferrer.com,https://www.carnicasferrer.com,,,https://www.google.com/maps/search/?api=1&query=C%C3%A1rnicas%20Andr%C3%A9s%20Ferrer%20e%20Hijos%2C%20Rda.%20Salas%2C%201%2C%2022005%20Huesca%2C%20Espa%C3%B1a&query_place_id=ChIJYZUGkThEWA0RU5u-h9kbKvs,42.1376794,-0.4001199,/productores/es/aragon/huesca/carnicas-ferrer.webp,verificado,sí,ecommerce,
elaborados-julian-mairal,Elaborados Julián Mairal,Barbastro,Carne,elaborados cárnicos artesanos,"Av. Pirineos, 67, 22300 Barbastro, Huesca","Fabricante familiar de Barbastro que elabora jamones, embutidos, loncheados y especialidades cárnicas desde 1958.",Consultar web,+34974311323,info@julianmairal.com,https://www.julianmairal.es,,https://www.instagram.com/julian_mairal,https://www.google.com/maps/search/?api=1&query=Juli%C3%A1n%20Mairal%20S.L%2C%20C.%20Adahuesca%2C%2022300%20Barbastro%2C%20Huesca%2C%20Espa%C3%B1a&query_place_id=ChIJr8_ENiGFpxIRKqmdlyJXcU4,42.044178,0.13662,/productores/es/aragon/huesca/elaborados-julian-mairal.webp,verificado,sí,ecommerce,
ternera-valle-de-aisa,Ternera Valle de Aisa,Aísa,Carne,ternera del Pirineo,"C/ Hortazo, s/n, 22860 Aísa, Huesca",Ganadería familiar de Aísa que cría ternera parda de montaña y comercializa directamente su carne y elaborados.,Consultar web,+34620609357,contacto@terneravalledeaisa.es,https://www.terneravalledeaisa.es,,https://www.instagram.com/ternera_valle_de_aisa,,42.68278,-0.61694,/productores/es/aragon/huesca/ternera-valle-de-aisa.webp,verificado,sí,ecommerce,
pearlcherries,Pearlcherries,Albalate de Cinca,Fruta y verdura,cerezas,"Calle Ctra. de Belver, 14, 22534 Albalate de Cinca, Huesca",Productor de cerezas de Albalate de Cinca asociado a Huesca Alimentaria; su web actual no publica información comercial verificable.,Consultar web,+34630870755,jdepablocamarasa@gmail.com,,,,https://www.google.com/maps/search/?api=1&query=Pearlcherries%2C%20Calle%20Ctra.%20de%20Belver%2C%2014%2C%2022534%20Albalate%20de%20Cinca%2C%20Huesca%2C%20Espa%C3%B1a&query_place_id=ChIJt-VFi4BvpxIRTyCJsinz08g,41.72186869999999,0.1463711,,parcial,no comprobado,,
casa-cansero,Casa Canseró,Tolva,Chocolate,chocolate artesano,"C/ Bailén, 8, 22585 Tolva, Huesca","Obrador familiar de Tolva que elabora chocolates, caramelos y frutos garrapiñados de forma artesana.",Consultar web,+34669905273,casacansero@gmail.com,,https://www.facebook.com/casacansero,,https://www.google.com/maps/search/?api=1&query=Chocolates%20Casa%20Canser%C3%B3%2C%20Calle%20Ctra.%20a%20Benabarre%2C%203%2C%2022585%20Tolva%2C%20Huesca%2C%20Espa%C3%B1a&query_place_id=ChIJDXgKclezpxIRkf6xUMXYH7U,42.11511309999999,0.5634996,,parcial,no comprobado,,
chocolates-la-ofrenda,Chocolates La Ofrenda,Panillo,Chocolate,chocolates artesanos,"nº 1, La Bayona - Sosas, Acceder desde el templo budista, acceder desde el templo budista, 22438 Panillo, Huesca",Obrador familiar de Panillo que elabora tabletas y especialidades gourmet de chocolate de forma artesana.,Consultar web,+34661487866,info@laofrenda.es,https://www.laofrenda.es,,https://www.instagram.com/chocolateslaofrenda,https://www.google.com/maps/search/?api=1&query=Chocolates%20La%20Ofrenda%2C%20n%C2%BA%201%2C%20La%20Bayona%20-%20Sosas%2C%20Acceder%20desde%20el%20templo%20budista%2C%20acceder%20desde%20el%20templo%20budista%2C%2022438%20Panillo%2C%20Huesca%2C%20Espa%C3%B1a&query_place_id=ChIJFzW0QlnBpxIRxnqID7VcRAc,42.2500361,0.302271,/productores/es/aragon/huesca/chocolates-la-ofrenda.webp,verificado,no,,
chocolates-de-la-abuela-hostal-de-ipies,Chocolates de la Abuela,Hostal de Ipiés,Chocolate,chocolate y mermeladas,"N-330, s/n, 22621 Hostal de Ipiés, Huesca","Pequeña fábrica y tienda de Hostal de Ipiés que elabora chocolates, mermeladas y licores artesanos.",Consultar web,+34974496918,contacto@chocolatesdelaabuela.com,https://sites.google.com/view/chocolatesdelaabuela,,,https://www.google.com/maps/search/?api=1&query=Chocolates%20de%20la%20Abuela%20el%20Capricho%20del%20Pirineo%2C%20N-330%2C%20s%2Fn%2C%2022621%20Hostal%20de%20Ipi%C3%A9s%2C%20Huesca%2C%20Espa%C3%B1a&query_place_id=ChIJGVeItDQ6WA0RddoDnC5wOrw,42.4384602,-0.3958817,,verificado,no,,
mimes,Mimes Gourmet,Graus,Conservas,mermeladas y conservas vegetales artesanas,"C. Fray Diego Cera, 21, 22430 Graus, Huesca",Obrador artesano de Graus que transforma fruta propia y de temporada en mermeladas y conservas gourmet.,Consultar web,+34655958586,info@mimes.es,https://www.mimesgourmet.es/,,,https://www.google.com/maps/search/?api=1&query=Mimes%20conservas%20gourmet%2C%20C.%20Fray%20Diego%20Cera%2C%2021%2C%2022430%20Graus%2C%20Huesca%2C%20Espa%C3%B1a&query_place_id=ChIJRR6LXuO-pxIRI3dzAdpf2Ns,42.1915478,0.3476167,,parcial,no comprobado,,
pate-de-l-ainsa,Paté de L’Aínsa,Bielsa,Carne,patés artesanos de montaña,"Avenida de Pineta, 22351 Bielsa, Huesca",Obrador de Bielsa que elabora patés y productos cárnicos artesanos del Pirineo sin conservantes ni gluten.,Consultar web,+34653407725,patedeainsa@hotmail.es,https://www.patedeainsa.es,,https://www.instagram.com/patedeainsa,https://www.google.com/maps/search/?api=1&query=PAT%C3%89%20DE%20L'AINSA%2C%20Avenida%20de%20Pineta%2C%2022351%20Bielsa%2C%20Huesca%2C%20Espa%C3%B1a&query_place_id=ChIJzylpV7j6pxIRhkMcChwfObM,42.6424485,0.1552882,/productores/es/aragon/huesca/pate-de-l-ainsa.webp,verificado,sí,ecommerce,
carniceria-angelita,Carnicería Angelita,Monzón,Carne,longaniza y embutidos,"C. de Miguel Servet, 49, 22400 Monzón, Huesca","Carnicería familiar de Monzón que elabora embutidos, hamburguesas, congelados y platos precocinados caseros.",Consultar web,+34974401580,info@carniceriaangelita.com,https://carniceriaangelita.com,,,https://www.google.com/maps/search/?api=1&query=Carnicer%C3%ADa%20Angelita%20Cerezuela%2C%20C.%20de%20Miguel%20Servet%2C%2049%2C%2022400%20Monz%C3%B3n%2C%20Huesca%2C%20Espa%C3%B1a&query_place_id=ChIJlz_pli12pxIROWCAsw7FRhQ,41.9105302,0.1899962,,verificado,no,,
embutidos-aventin,Embutidos Aventín,Graus,Carne,longaniza de Graus y embutidos,"C. Ángel Samblancat, 27, 22430 Graus, Huesca","Fabricante de Graus que elabora longaniza, embutidos, carnes y platos cocinados desde 1963.",Consultar web,+34626813800,info@aventin.es,https://www.aventin.es,,https://www.instagram.com/aventin_graus,https://www.google.com/maps/search/?api=1&query=Embutidos%20Avent%C3%ADn.%20Longaniza%20de%20Graus.%2C%20C.%20%C3%81ngel%20Samblancat%2C%2027%2C%2022430%20Graus%2C%20Huesca%2C%20Espa%C3%B1a&query_place_id=ChIJRf4a9lW-pxIRN85BZh3GQyU,42.1906057,0.338328,/productores/es/aragon/huesca/embutidos-aventin.webp,verificado,sí,ecommerce,
embutidos-el-cortante,Embutidos El Cortante,La Puebla de Castro,Carne,embutidos artesanos,"Arbellón, s/n, 22435 La Puebla de Castro, Huesca",Artesana del Pirineo elabora en La Puebla de Castro longaniza y otros embutidos tradicionales bajo la marca El Cortante.,Consultar web,+34974545007,info@elcortante.com,https://www.elcortante.com,,,https://www.google.com/maps/search/?api=1&query=EMBUTIDOS%20EL%20CORTANTE%2C%20Pl.%20Mayor%2C%208%2C%2022435%20La%20Puebla%20de%20Castro%2C%20Huesca%2C%20Espa%C3%B1a&query_place_id=ChIJgyKdtxGWpxIR_HiJ8R0KIrQ,42.14492750000001,0.2876675,,verificado,sí,ecommerce,
embutidos-melsa,Embutidos Artesanos Melsa,Graus,Carne,"longaniza de Graus, torteta negra y embutidos artesanos","C/ Barranco, 38-40, 22430 Graus, Huesca",Empresa familiar de Graus con origen en 1860 que elabora longaniza de Graus y embutidos tradicionales del Pirineo.,Consultar web,+34974540057,pedidosonline@melsa.com,https://melsa.com/,,,https://www.google.com/maps/search/?api=1&query=Embutidos%20Melsa%20-%20Longaniza%20de%20Graus%2C%20C.%20Barranco%2C%2038%2C%2022430%20Graus%2C%20Huesca%2C%20Espa%C3%B1a&query_place_id=ChIJQ2tipPi-pxIRDf4jQ7eGj8Q,42.1903501,0.3375683,/productores/es/aragon/huesca/embutidos-melsa.webp,verificado,sí,ecommerce,
valle-de-pineta-berries,Valle de Pineta Berries,Javierre,Fruta y verdura,frutos rojos y mermeladas,"Casa Sebero, calle Única, s/n, 22351 Javierre, Huesca",Cultivo familiar de frutos rojos en el valle de Pineta y elaboración propia de mermeladas naturales.,Consultar web,+34628063611,valledepinetaberries@gmail.com,https://valledepinetaberries.es/,,https://www.instagram.com/valledepinetaberries15,https://www.google.com/maps/search/?api=1&query=Valle%20de%20Pineta%20Berries%20%7C%20Mermeladas%20Artesanales%2C%20C.%20%C3%9Anica%2C%2028%2C%2022351%20Javierre%2C%20Huesca%2C%20Espa%C3%B1a&query_place_id=ChIJxSYrfgAPqBIRWAkYomryvyA,42.6356496,0.2120387,/productores/es/aragon/huesca/valle-de-pineta-berries.webp,verificado,no,,
frutos-secos-boren,Frutos Secos Borén,Binéfar,Frutos secos,"almendras, avellanas y fruta desecada","C. Almacellas, 110, 22500 Binéfar, Huesca",Empresa artesana de Binéfar dedicada al procesado y envasado de frutos secos y fruta desecada.,Consultar web,+34974431919,comercial@frutossecosboren.com,https://www.frutossecosboren.com/,,https://www.instagram.com/frutossecosboren,https://www.google.com/maps/search/?api=1&query=Frutos%20Secos%20Boren%2C%20C.%20Almacellas%2C%20110%2C%2022500%20Bin%C3%A9far%2C%20Huesca%2C%20Espa%C3%B1a&query_place_id=ChIJu-M0Eat0pxIRRXCoEWiuJto,41.8430896,0.2980317,/productores/es/aragon/huesca/frutos-secos-boren.webp,verificado,no,,
valonga,Valonga,Valonga,Vino,"vinos, almendras y nueces","Finca Monte Valonga, s/n, 22533 Belver de Cinca, Huesca","Finca agrícola familiar con viñedo y bodega propia que también cultiva olivos, almendros y nogales.",Consultar web,+34974435127,info@valonga.com,https://valonga.com/,,https://www.instagram.com/finca_valonga,https://www.google.com/maps/search/?api=1&query=FINCA%20VALONGA%20Bodegas%2C%20Lugar%20Finca%20Monte%20Valonga%2C%200%20S%2FN%2C%2022533%20Valonga%2C%20Huesca%2C%20Espa%C3%B1a&query_place_id=ChIJo8wfeq1tpxIRRluzIa4hZlg,41.72169,0.25449,/productores/es/aragon/huesca/valonga.webp,verificado,sí,ecommerce,
la-despensa-de-matilde,La despensa de Matilde,Pozán de Vero,Comida preparada,croquetas y platos preparados sin gluten,"Calle Molino, 2, 22313 Pozán de Vero, Huesca","Obrador de platos preparados sin gluten, especializado en croquetas de autor y elaboraciones listas para consumir.",Consultar web,+34647457988,info@ladespensadematilde.es,https://ladespensadematilde.es/,,https://www.instagram.com/ladespensadematilde,https://www.google.com/maps/search/?api=1&query=La%20Despensa%20de%20Matilde%2C%20C.%20Molino%2C%2022313%20Poz%C3%A1n%20de%20Vero%2C%20Huesca%2C%20Espa%C3%B1a&query_place_id=ChIJ713T732JpxIRronnOK9-ZpY,42.0816686,0.0286232,/productores/es/aragon/huesca/la-despensa-de-matilde.webp,verificado,no,,
biopalacin-planet,BioPalacín Planet,Pomar de Cinca,Pan y cereal,"harinas, arroz y legumbres ecológicas","Paseo Canal de Terreu, 4, 22413 Pomar de Cinca, Huesca",Explotación ecológica que cultiva y transforma cereales y legumbres en Pomar de Cinca.,Consultar web,+34659482040,lucia@biopalacinplanet.com,https://tienda.biopalacinplanet.com/,,https://www.instagram.com/biopalacinplanet,,41.8595,0.1706,/productores/es/aragon/huesca/biopalacin-planet.webp,verificado,sí,ecommerce,
chelats-sarrate,Chelats Sarrate,Alcampell,Helados,helados artesanos,"Pol. Ind. II, Partida El Regue, Parcela 112, 22560 Alcampell, Huesca",Obrador de Alcampell dedicado a helados artesanos y postres congelados elaborados con materias primas seleccionadas.,Consultar web,+34974421101,info@chelatssarrate.com,https://chelatssarrate.com/,,https://www.instagram.com/sarrategourmet,https://www.google.com/maps/search/?api=1&query=Helados%20Sarrate%2C%20SL%2C%20Pol.%20Ind.%20II%2C%20Partida%20El%20Regue%2C%20Parcela%20112%2C%2022560%20Alcampell%2C%20Huesca%2C%20Espa%C3%B1a&query_place_id=ChIJmxUa7BYIpxIR3e7vcNwoBQg,41.9099904,0.4455579000000001,/productores/es/aragon/huesca/chelats-sarrate.webp,verificado,sí,ecommerce,
elarte-helados-naturales,Helados Elarte,Bierge,Helados,helados artesanos,"Calle Torno, s/n, 22144 Bierge, Huesca",Obrador de helados artesanos de la sierra de Guara que emplea fruta de cultivo propio y materias primas naturales.,Consultar web,+34974942511,info@heladoselarte.es,https://heladoselarte.es/,,,https://www.google.com/maps/search/?api=1&query=Helados%20Elarte%2C%20Calle%20Torno%2C%20s%2Fn%2C%2022144%20Bierge%2C%20Huesca&query_place_id=ChIJXWlN4vpzWA0RdvBPZ-qbmlM,42.16667,-0.08333,,verificado,no,,
hidromiel-guerrero,Hidromiel Guerrero,Biescas,Otros,hidromiel artesana,"Polígono las Pasaderas, nave 7, 22630 Biescas, Huesca",Obrador de Biescas que elabora hidromiel artesana con miel pirenaica y distintas variedades especiadas y frutales.,Consultar web,+34654196599,hidromielguerrero@gmail.com,https://hidromielguerrero.com/,,,https://www.google.com/maps/search/?api=1&query=Hidromiel%20Guerrero%2C%20Pol%C3%ADgono%20las%20Pasaderas%2C%20nave%207%2C%2022630%20Biescas%2C%20Huesca%2C%20Espa%C3%B1a&query_place_id=ChIJweC0PESLVw0R5ahAZ-432JU,42.6201777,-0.3255783,,verificado,sí,ecommerce,
granja-alto-aragon,Granja Alto Aragón,Castiello de Jaca,Huevos,huevos,"C. E.R.Z, 22710 Castiello de Jaca, Huesca",Explotación avícola registrada en Castiello de Jaca; no se ha localizado una fuente propia actual que documente su venta directa.,Consultar web,+34630124790,granjaaltoaragon@yahoo.es,,,,https://www.google.com/maps/search/?api=1&query=Granjas%20Alto%20Arag%C3%B3n%2C%20C.%20E.R.Z%2C%2022710%20Castiello%20de%20Jaca%2C%20Huesca%2C%20Espa%C3%B1a&query_place_id=ChIJ____HmeBVw0RFbnfecU1NSE,42.6217714,-0.5469075999999999,,parcial,no,,
ingravida-la-marmita,Ingrávida / Mermeladas La Marmita,Guaso,Otros,"manzanas, zumo y mermeladas ecológicas","Molino de Guaso, s/n, 22349 Guaso, Huesca","Proyecto agroecológico del Sobrarbe que cultiva manzana de montaña y elabora zumo, mermeladas y jaleas bajo la marca La Marmita.",Consultar web,+34620591833,bioingravida@gmail.com,,,https://www.instagram.com/mermeladaslamarmita,https://www.google.com/maps/search/?api=1&query=Mermeladas%20La%20Marmita%2C%20Diseminado%20Ribera%20de%20Guaso%2C%205%2C%2022349%2C%20Huesca%2C%20Espa%C3%B1a&query_place_id=ChIJSet1ZFIHWA0RxN9le_qQE3I,42.4248836,0.1115534,/productores/es/aragon/huesca/ingravida-la-marmita.webp,verificado,sí,telefono|email,
mermeladas-elasun,Mermeladas Elasun,Barbastro,Conservas,"mermeladas, gelées y conservas artesanas","Pol. Ind. Valle del Cinca, parcela 48 bis, nave B1, 22300 Barbastro, Huesca","Obrador artesano de Barbastro que elabora mermeladas, gelées y conservas con fruta seleccionada.",Consultar web,+34974269028,info@elasun.com,https://elasun.com/,,https://www.instagram.com/mermeladaselasun,https://www.google.com/maps/search/?api=1&query=Mermeladas%20Artesanas%20Elasun%2C%20Pol.%20Ind.%20Valle%20del%20Cinca%2C%20parcela%2048%20bis%2C%20nave%20B1%2C%2022300%20Barbastro%2C%20Huesca%2C%20Espa%C3%B1a&query_place_id=ChIJW_cQB6-EpxIRuUp9_Bw00ZA,42.0061517,0.1419901,/productores/es/aragon/huesca/mermeladas-elasun.webp,verificado,sí,ecommerce,
miel-a-redolada,Miel A Redolada,Artosilla,Miel,"miel, polen y propóleo","22623 Artosilla, Huesca",Proyecto apícola de Artosilla que produce miel de montaña y otros productos de la colmena y desarrolla divulgación apícola.,Consultar web,+34658966966,conoce@a-redolada.com,https://a-redolada.com/,,,https://www.google.com/maps/search/?api=1&query=A%20Redolada%2C%2022623%20Artosilla%2C%20Huesca%2C%20Espa%C3%B1a&query_place_id=ChIJSSfGnDIZWA0R_X2IkqzfuwY,42.42573520000001,-0.2629205,,verificado,sí,ecommerce,
miel-casa-bancal,Miel Casa Bancal,Tamarite de Litera,Miel,miel convencional y ecológica,"C. Lérida, 8, 22550 Tamarite de Litera, Huesca",Explotación apícola de Tamarite de Litera con colmenares trashumantes y producción propia de miel convencional y ecológica.,Consultar web,+34646536562,mielcasablancal@gmail.com,https://www.mielcasabancal.com/,,,https://www.google.com/maps/search/?api=1&query=Miel%20Casa%20Bancal%2C%20C.%20L%C3%A9rida%2C%208%2C%2022550%20Tamarite%20de%20Litera%2C%20Huesca%2C%20Espa%C3%B1a&query_place_id=ChIJUbTSq2IJpxIRudYGe0FpGw4,41.867042,0.423383,,verificado,sí,ecommerce,
miel-del-pirineo,OZ Miel Artesanal del Pirineo,Yéqueda,Miel,"miel, propóleo, polen y jalea real","Cl. Sierra de Guara, 16, 22193 Yéqueda, Huesca",Proyecto familiar de apicultores del Alto Aragón que extrae y comercializa miel y otros productos de sus colmenas.,Consultar web,+34627456011,info@mieldelpirineo.com,https://www.mieldelpirineo.com/,,,https://www.google.com/maps/search/?api=1&query=Miel%20Artesanal%20del%20Pirineo%2C%20Cl.%20Sierra%20de%20Guara%2C%2016%2C%2022193%20Y%C3%A9queda%2C%20Huesca%2C%20Espa%C3%B1a&query_place_id=ChIJWxjwEjxGWA0RCmNseODx0Sc,42.1803824,-0.4373264,/productores/es/aragon/huesca/miel-del-pirineo.webp,verificado,sí,ecommerce,
horno-de-lena-esplus,Horno de leña Esplús,Binéfar,Pan y cereal,magdalenas artesanas,"Calle Sabiñánigo, 12, 22500 Binéfar, Huesca","Obrador fundado en Esplús y trasladado a Binéfar en 2022, especializado desde 2014 en magdalenas artesanas.",Consultar web,+34676720038,juanmagri@hornoesplus.com,https://www.hornoesplus.com/,,,,41.85,0.28333,/productores/es/aragon/huesca/horno-de-lena-esplus.webp,verificado,no,,
sesplugues,Repostería Sesplugues,Alcampell,Pan y cereal,carquiñolis y repostería artesana,"Calle Mayor, 11, 22560 Alcampell, Huesca","Obrador familiar de Alcampell dedicado a carquiñolis, galletas, bizcochos y repostería artesana.",Consultar web,+34974421030,sesplugues@reposteriasesplugues.es,https://www.reposteriasesplugues.es/,,https://www.instagram.com/hornodejulia,https://www.google.com/maps/search/?api=1&query=Reposter%C3%ADa%20Sesplugues%2C%20Calle%20Mayor%2C%2011%2C%2022560%20Alcampell%2C%20Huesca&query_place_id=ChIJjcoDw7F0pxIRlKaigwrBMTU,41.9058,0.4331,,verificado,no,,
pastel-biarritz,Pastel Biarritz Albás,Barbastro,Pan y cereal,pastel Biarritz y dulces de almendra,"C. San Ramón, 23, 22300 Barbastro, Huesca",Pastelería artesana de Barbastro que mantiene la receta local del Pastel Biarritz y elabora especialidades sin gluten ni lactosa.,Consultar web,+34974314400,info@pastelbiarritzalbas.com,https://pastelbiarritzalbas.com/,,,https://www.google.com/maps/search/?api=1&query=Pastel%20Biarritz%20Alb%C3%A1s%2C%20C.%20San%20Ram%C3%B3n%2C%2023%2C%2022300%20Barbastro%2C%20Huesca%2C%20Espa%C3%B1a&query_place_id=ChIJewN_qeOEpxIRhwyXdN6E0Hg,42.035636,0.1236182,/productores/es/aragon/huesca/pastel-biarritz.webp,verificado,sí,ecommerce,
pasteleria-loa,Pastelería Loa,Huesca,Pan y cereal,"pastas, chocolates y pastelería creativa","Pol. Ind. Sepes, C. Ganadería, 44, Nave 2, 22006 Huesca","Obrador oscense de pastelería creativa que elabora pastas, chocolates y dulces con materias primas seleccionadas.",Consultar web,+34974223926,info@pastelerialoa.com,https://www.pastelerialoa.com/,,https://www.instagram.com/pastelerialoa,https://www.google.com/maps/search/?api=1&query=Pasteler%C3%ADa%20Loa%2C%20Pol.%20Ind.%20Sepes%2C%20C.%20Ganader%C3%ADa%2C%2044%2C%20Nave%202%2C%2022006%20Huesca%2C%20Espa%C3%B1a&query_place_id=ChIJi6pHPRBEWA0RX7gSNIt2kUM,42.1473739,-0.3853986,/productores/es/aragon/huesca/pasteleria-loa.webp,verificado,sí,ecommerce,
quesos-guara,Quesos Guara,Las Almunias,Lácteos y quesos,"quesos de oveja, cabra y temporada","Calle Única, 3, 22144 Las Almunias de Rodellar, Huesca",Quesería familiar de la sierra de Guara que elabora a mano quesos de oveja y cabra con leche de su propia ganadería.,Consultar web,+34608147022,info@quesosdeguara.com,https://quesosdeguara.com/,,https://www.instagram.com/quesos_de_guara,https://www.google.com/maps/search/?api=1&query=Quesos%20Guara%2C%20C.%20%C3%9Anica%20las%20Almunias%2C%20s%2Fn%2C%2022144%20Las%20Almunias%2C%20Huesca%2C%20Espa%C3%B1a&query_place_id=ChIJe0xsVmcLWA0R0vNK6Ooxuuc,42.255634,-0.0688728,,verificado,sí,ecommerce,
quesos-flor-del-aspe,Quesos Flor del Aspe,Aísa,Lácteos y quesos,"quesos de vaca, oveja y mezcla","22860 Aisa, Huesca",Quesería familiar del valle de Aísa que transforma leche de su explotación en quesos artesanos de montaña.,Consultar web,+34687731773,info@flordelaspe.com,https://flordelaspe.com/,,,https://www.google.com/maps/search/?api=1&query=Queser%C3%ADa%20Flor%20del%20Aspe%2C%2022860%20Aisa%2C%20Huesca%2C%20Espa%C3%B1a&query_place_id=ChIJPfZG2vF4Vw0RpQnAE11Be4Y,42.6573796,-0.6268155,/productores/es/aragon/huesca/quesos-flor-del-aspe.webp,verificado,sí,ecommerce,
queseria-o-xortical,Quesería O Xortical,Villanúa,Lácteos y quesos,quesos de leche cruda,"N-330, km 661, 22870 Villanúa, Huesca",Quesería artesana de Villanúa especializada en quesos de leche cruda y venta directa de productor.,Consultar web,+34974338167,info@oxortical.com,https://oxortical.com/,,,https://www.google.com/maps/search/?api=1&query=Queser%C3%ADa%20O%20Xortical%2C%20Queser%C3%ADa%20O%20Xortical%2C%2022870%20Villan%C3%BAa%2C%20Huesca%2C%20Espa%C3%B1a&query_place_id=ChIJce8C51mDVw0RTG9fjmyuAjs,42.6965815,-0.5294031,/productores/es/aragon/huesca/queseria-o-xortical.webp,verificado,no comprobado,,
queseria-val-de-cinca,ValdeCinca,Fonz,Lácteos y quesos,yogur y quesos de oveja,"C. Cantera, 1, 22422 Fonz, Huesca",Quesería familiar de Fonz que elabora yogur y quesos con leche de oveja procedente de su propio rebaño.,Consultar web,+34615401050,info@valdecinca.com,https://www.valdecinca.com/,,https://www.instagram.com/valdecinca,https://www.google.com/maps/search/?api=1&query=Valdecinca%2C%20C.%20Cantera%2C%201%2C%2022422%20Fonz%2C%20Huesca%2C%20Espa%C3%B1a&query_place_id=ChIJRaC4e9iYpxIR349nQGScPXA,42.0110435,0.2619161,/productores/es/aragon/huesca/queseria-val-de-cinca.webp,verificado,no comprobado,,
quesos-villavillera,Villa Villera,Casbas de Huesca,Lácteos y quesos,"quesos, yogures, requesón y postres lácteos","Calle Afueras, s/n, 22142 Sieso de Huesca, Huesca","Granja y quesería de Sieso de Huesca que elabora diariamente quesos, yogures y postres con leche de sus propias vacas.",Consultar web,+34974260138,quesodesieso@villavillera.es,https://www.villavillera.es/,,,https://www.google.com/maps/search/?api=1&query=Villa%20Villera%20Quesos%2C%20Afueras%2C%20sn%2C%2022142%20Casbas%20de%20Huesca%2C%20Huesca%2C%20Espa%C3%B1a&query_place_id=ChIJr5hDfwdyWA0R1788ZT_lPQk,42.1664848,-0.1485299,/productores/es/aragon/huesca/quesos-villavillera.webp,verificado,no,,
queso-d-estrabilla,Queso d’Estrabilla,Valsalada,Lácteos y quesos,"quesos de leche cruda de cabra, oveja y vaca","C. Mayor, 16, 22283 Valsalada, Huesca",Pequeña quesería de Valsalada que elabora quesos de autor con leche cruda de ganaderías próximas en pastoreo.,Consultar web,+34665823345,info@quesodestrabilla.com,https://www.quesodestrabilla.com/,,,https://www.google.com/maps/search/?api=1&query=Queso%20d'Estrabilla%2C%20C.%20Mayor%2C%2016%2C%2022283%20Valsalada%2C%20Huesca%2C%20Espa%C3%B1a&query_place_id=ChIJK9hFNqWtWQ0RH57bLkeeYmU,42.04799999999999,-0.64845,,verificado,no,,
queso-de-saravillo,Queso Artesano de Saravillo,Saravillo,Lácteos y quesos,quesos de cabra y vaca,"Ctra. de Saravillo, 22366 Saravillo, Huesca",Quesería del valle de Chistau que elabora quesos de cabra y vaca con leche de ganadería propia.,Consultar web,+34679969344,info@quesodesaravillo.com,https://www.quesodesaravillo.com/,,,https://www.google.com/maps/search/?api=1&query=Queso%20de%20Saravillo%2C%20Ctra.%20de%20Saravillo%2C%2022366%20Saravillo%2C%20Huesca%2C%20Espa%C3%B1a&query_place_id=ChIJ5yHMJYcKqBIR9vU_eLWw2gQ,42.556301,0.2640317,/productores/es/aragon/huesca/queso-de-saravillo.webp,verificado,sí,ecommerce,
quesos-de-radiquero,Quesos de Radiquero,Adahuesca,Lácteos y quesos,quesos artesanos de cabra,"Carretera de Alquézar, s/n, 22147 Adahuesca, Huesca","Quesería artesana de Adahuesca dedicada a quesos de cabra frescos, de pasta blanda, prensados y curados.",Consultar web,+34974318156,info@quesosderadiquero.es,https://www.quesosderadiquero.es/,,,https://www.google.com/maps/search/?api=1&query=Quesos%20de%20Radiquero%2C%20Cam.%20Alqu%C3%A9zar%2C%20s%2Fn%2C%2022147%20Adahuesca%2C%20Huesca%2C%20Espa%C3%B1a&query_place_id=ChIJvX6e0Gh2WA0R6BGF_WPfsBY,42.1469571,-0.0062016,/productores/es/aragon/huesca/quesos-de-radiquero.webp,verificado,sí,ecommerce,
mallata-gratal,Mallata Gratal,Bolea,Dulces y repostería,"Tarta de Gratal, cerezas y almendras ecológicas","C. Herrerías, 2, 22160 Bolea, Huesca",Productores de cereza de Bolea y almendra ecológicas que elaboran la Tarta de Gratal en su horno de leña de Bolea.,Consultar web,+34647466766,info@mallatagratal.com,https://tartadegratal.com,,,https://www.google.com/maps/search/?api=1&query=Horno%20de%20Le%C3%B1a%20Mallata%20Gratal%2C%20C.%20Herrer%C3%ADas%2C%202%2C%2022160%20Bolea%2C%20Huesca%2C%20Espa%C3%B1a&query_place_id=ChIJG2SiYcE1WA0RzD9y-kRD0MA,42.2588721,-0.5527118,/productores/es/aragon/huesca/mallata-gratal.webp,verificado,sí,ecommerce,
chesitas,Chesitas,Valle de Hecho,Dulces y repostería,"galletas, magdalenas, roscos y tartas artesanas","Ctra. Selva de Oza, km 4,2, 22720 Valle de Hecho, Huesca","Obrador de repostería artesana del valle de Hecho, conocido por sus galletas Chesitas, magdalenas, roscos y tartas.",Contactar por teléfono,+34974375201,chesitas@chesitas.com,,,,,42.748,-0.748,,parcial,no comprobado,,
navasal,Salinar de Naval,Naval,Condimentos,escamas y cristales de sal de manantial,"A-2210, 22320 Naval, Huesca",Salinar histórico de Naval que obtiene sal de manantiales hipersalinos y elabora escamas y cristales de sal.,Consultar web,+34652061030,info@salinardenaval.com,https://www.salinardenaval.com,,https://www.instagram.com/elsalinardenaval,https://www.google.com/maps/search/?api=1&query=Salinar%20de%20Naval%2C%20A-2210%2C%2022320%20Naval%2C%20Huesca%2C%20Espa%C3%B1a&query_place_id=ChIJpfnvl3mSpxIRAe4yzh7yX70,42.188608,0.153047,,verificado,sí,ecommerce,
pirinea-caviar-perse,Caviar Pirinea / Per Sé,Barbastro,Pescado,"caviar, trucha y esturión","C. Fernando el Católico, 16, 22300 Barbastro, Huesca","Empresa de acuicultura con sede en Barbastro que cría trucha y esturión en viveros pirenaicos y transforma caviar, ahumados y conservas.",Consultar web,+34639392008,laurent.sakalian@caviarpirinea.com,https://www.caviarpirinea.com,,https://www.instagram.com/grupopirinea,https://www.google.com/maps/search/?api=1&query=caviar%20pirinea%2C%20C.%20Fernando%20el%20Cat%C3%B3lico%2C%2016%2C%2022300%20Barbastro%2C%20Huesca%2C%20Espa%C3%B1a&query_place_id=ChIJx1AdGdyEpxIR1GH69OqMi7Y,42.0331378,0.1344364,/productores/es/aragon/huesca/pirinea-caviar-perse.webp,verificado,sí,ecommerce,
turrones-la-fabrica,La Fábrica de Naval,Naval,Dulces y repostería,turrones artesanos,"C/ Afueras, s/n, 22320 Naval, Huesca","Obrador de Naval que elabora manualmente turrones de frutos secos, panela, chocolate y sal de Naval.",Consultar web,+34629206706,info@lafabricadenaval.com,https://lafabricadenaval.com,,https://www.instagram.com/la_fabrica_de_naval,https://www.google.com/maps/search/?api=1&query=La%20F%C3%A1brica%20de%20Naval%2C%20C%2F%20Afueras%2C%20s%2Fn%2C%2022320%20Naval%2C%20Huesca%2C%20Espa%C3%B1a&query_place_id=ChIJtalr24GSpxIRPojyzbndQHI,42.1925759,0.1526315,/productores/es/aragon/huesca/turrones-la-fabrica.webp,verificado,sí,ecommerce,
bodega-edra,Bodega Edra,Ayerbe,Vino,vinos de viñedo propio de la Ribera del Gállego,"Ctra A132 km26, 22800 Ayerbe, Huesca",Bodega y viñedo propio de Ayerbe que elabora vinos de la IGP Ribera del Gállego con vendimia manual.,Consultar web,+34679420455,edra@bodega-edra.com,https://www.bodega-edra.com,,,https://www.google.com/maps/search/?api=1&query=Edra%20Bodega%2C%20Ctra%20A132%20km26%2C%2022800%20Ayerbe%2C%20Huesca%2C%20Espa%C3%B1a&query_place_id=ChIJtx__BCnKWQ0R5UpGvx4OLqw,42.2669039,-0.6745377,/productores/es/aragon/huesca/bodega-edra.webp,verificado,sí,email,
bodegas-sers,Bodegas Sers,Cofita,Vino,vinos del Somontano de viñedo propio,"Pl. Mayor, 7, 22417 Cofita, Huesca",Bodega familiar de Cofita que elabora producciones limitadas de seis vinos con uva vendimiada a mano en doce hectáreas propias.,Consultar web,+34652979718,info@bodegassers.es,https://www.bodegassers.es,,https://www.instagram.com/bodegassers,https://www.google.com/maps/search/?api=1&query=BODEGAS%20SERS%2C%20Pl.%20Mayor%2C%207%2C%2022417%20Cofita%2C%20Huesca%2C%20Espa%C3%B1a&query_place_id=ChIJ5TDhN2WcpxIR9ulApYeOkq4,41.9881861,0.1945498,,verificado,sí,ecommerce,
bal-d-isabena-bodegas,Bal d’Isábena Bodegas,Laguarres,Vino,vinos de Ribagorza,"Ctra. A-1605, km 11,200, 22587 Laguarres, Huesca","Bodega de Laguarres que cultiva y elabora vinos de montaña bajo las marcas Isábena, Perrochico e Ixeia.",Consultar web,+34605785178,info@baldisabena.com,https://baldisabena.com,,,https://www.google.com/maps/search/?api=1&query=Bal%20d'Isabena%2C%20A-1605%2C%2022587%20Laguarres%2C%20Huesca%2C%20Espa%C3%B1a&query_place_id=ChIJU9dGec23pxIRXW8AcbBtMAI,42.2042619,0.4675657,,verificado,sí,ecommerce,
bodegas-bal-minuta,Bodegas Bal Minuta,Barbenuta,Vino,Vino de las Nieves y vinos de montaña,"Carretera a, Km 8, 22637 Barbenuta, Huesca",Bodega de montaña de Barbenuta que recupera viñedos pirenaicos de altura y elabora el Vino de las Nieves y otras referencias artesanas.,Consultar web,+34677254659,bodegasbalminuta@gmail.com,https://www.bodegasbalminuta.es,,https://www.instagram.com/bodegasbalminuta,https://www.google.com/maps/search/?api=1&query=Bodegas%20Bal%20Minuta%2C%20Carretera%20a%2C%20Km%208%2C%2022637%20Barbenuta%2C%20Huesca%2C%20Espa%C3%B1a&query_place_id=ChIJdfThn2WLVw0R15BoH9tj7kc,42.5974047,-0.2903662,/productores/es/aragon/huesca/bodegas-bal-minuta.webp,verificado,sí,ecommerce,
bodega-claveria-barrabes,Bodega Clavería Barrabés,Almunia de San Juan,Vino,vinos Zinca y Bin de Ric,"C. Mayor, 1, 22420 Almunia de San Juan, Huesca","Elaborador artesano inscrito en Aragón para los vinos Zinca y Bin de Ric, con obrador en Almunia de San Juan.",Contactar por teléfono,+34686178400,claveriabarrabes@gmail.com,,,,,41.9349,0.2438,,parcial,no comprobado,,
bodega-el-vino-del-desierto,El Vino del Desierto,Lanaja,Vino,"Duna, Sed y vinos de Los Monegros","C. las Peñas, 8, 22250 Lanaja, Huesca",Bodega familiar de Lanaja que cultiva viñedos de secano en el paraje Sardiruela y elabora vinos artesanos ligados a Los Monegros.,Consultar web,+34974574006,bodega@elvinodeldesierto.com,https://elvinodeldesierto.com,,https://www.instagram.com/fernandomir_elvinodeldesierto,https://www.google.com/maps/search/?api=1&query=Bodega%20El%20Vino%20del%20Desierto%2C%20C.%20las%20Pe%C3%B1as%2C%208%2C%2022250%20Lanaja%2C%20Huesca%2C%20Espa%C3%B1a&query_place_id=ChIJ7Y1vcYjyWA0RJqz6Sxna3ak,41.7705315,-0.3356802,/productores/es/aragon/huesca/bodega-el-vino-del-desierto.webp,verificado,sí,ecommerce,
bodega-sommos,Bodega SOMMOS,Barbastro,Vino,vinos D.O. Somontano,"Ctra. Nacional 240, km 155, 22300 Barbastro, Huesca",Bodega de Barbastro que cultiva viñedos propios y elabora vinos D.O. Somontano mediante un proceso por gravedad.,Consultar web,+34974269900,info@bodegasommos.com,https://www.bodegasommos.com,,https://www.instagram.com/bodegasommos,https://www.google.com/maps/search/?api=1&query=Bodega%20Sommos%2C%20N-240%2C%20Km%20155%2C%2022300%20Barbastro%2C%20Huesca%2C%20Espa%C3%B1a&query_place_id=ChIJgRJtKnuOpxIRXltcpjDamxQ,41.99163,0.1531517,/productores/es/aragon/huesca/bodega-sommos.webp,verificado,sí,ecommerce,
arilo-fruits,Arilo Fruits,Fraga,Bebidas sin alcohol,zumo de granada y granada fresca,"Poligono industrial Fondo Litera, 22520 Fraga, Huesca",Empresa familiar de Fraga que cultiva granadas en fincas propias y las transforma en zumo 100 % natural en su obrador local.,Consultar web,+34633674376,arilofruits@gmail.com,https://www.arilofruits.com/,,https://www.instagram.com/arilofruits,https://www.google.com/maps/search/?api=1&query=Arilo%20Fruits%20sl%2C%20Poligono%20industrial%20Fondo%20Litera%2C%2022520%20Fraga%2C%20Huesca%2C%20Espa%C3%B1a&query_place_id=ChIJcWcY_8xFpxIRc2FoJC3RXEE,41.5334698,0.4168215,/productores/es/aragon/huesca/arilo-fruits.webp,verificado,sí,ecommerce,
cerveza-rondadora,Cerveza Rondadora,La Cabezonada,Cerveza,"cervezas artesanas Rondadora, Tronzadora y Onso","C. Única, s/n, 22452 La Cabezonada, Huesca",Microcervecería del Sobrarbe que elabora en La Cabezonada cervezas artesanas y sidra en una instalación con capacidad productiva propia.,Consultar web,+34633504018,info@cervezarondadora.com,https://www.cervezarondadora.com,,,https://www.google.com/maps/search/?api=1&query=Cerveza%20Rondadora%2C%20C.%20%C3%9Anica%20San%20Juan%2C%2022452%2C%20Huesca%2C%20Espa%C3%B1a&query_place_id=ChIJIeBVnYHdpxIRxHm44qRLqEg,42.43516959999999,0.3037642,/productores/es/aragon/huesca/cerveza-rondadora.webp,verificado,sí,ecommerce,
cervezas-borda,Cervezas Borda,Aineto,Cerveza,cervezas artesanas ecológicas,"C. Única, s/n, 22623 Aineto, Huesca",Cooperativa de Aineto que elabora cervezas artesanas ecológicas con agua del Pirineo en una antigua borda rehabilitada como fábrica.,Consultar web,+34619019090,admin@cervezasborda.es,https://www.cervezasborda.es/,,,https://www.google.com/maps/search/?api=1&query=Cervezas%20Borda%20F%C3%A1brica%2C%20C%2F%C3%9Anica%2C%201%2C%2022623%20Aineto%2C%20Huesca%2C%20Espa%C3%B1a&query_place_id=ChIJc1bb9IIQWA0Rp1Ee_m5Yacc,42.3923326,-0.1942251,,verificado,sí,ecommerce,
tensina,Cerveza Tensina,Tramacastilla de Tena,Cerveza,cervezas artesanas de agua de alta montaña,"C. Pigüelo, 16, 22663 Tramacastilla de Tena, Huesca",Microcervecería de Tramacastilla de Tena que elabora distintas variedades artesanas con agua de alta montaña.,Consultar web,+34671428610,tensina@tensina.es,https://www.tensina.es,,https://www.instagram.com/cervezatensina,https://www.google.com/maps/search/?api=1&query=Cerveza%20Tensina%2C%20C.%20Pig%C3%BCelo%2C%2016%2C%2022663%20Tramacastilla%20de%20Tena%2C%20Huesca&query_place_id=ChIJPREbP6KSVw0Rj9gfnRnKtd4,42.7131558,-0.3170142,/productores/es/aragon/huesca/tensina.webp,verificado,sí,ecommerce,
blacko-truffles,Blacko Truffles,Nachá,Setas,trufa negra y experiencias de truficultura,"C. Balsa, 22569 Nachá, Huesca","Proyecto trufero de Nachá con plantación, venta estacional de trufa negra y experiencias guiadas de truficultura.",Temporada de noviembre a marzo; contactar,+34685418679,info@blackotruffles.com,,,https://www.instagram.com/blackotruffles,https://www.google.com/maps/search/?api=1&query=TRUFFLE%20EXPERIENCE%20-%20BLACKO%20TRUFFLES%20-%2C%20C.%20Balsa%2C%2022569%20Nach%C3%A1%2C%20Huesca%2C%20Espa%C3%B1a&query_place_id=ChIJDYDhnBOppxIRSzr0_zdGv5w,41.956613,0.4887291,,parcial,no comprobado,,
bolets-la-mandraula,Bolets La Mandraula,Estopiñán del Castillo,Setas,setas de cultivo y trufa negra,"22589 Estopiñán del Castillo, Huesca",Granja de Estopiñán del Castillo que controla el ciclo completo de cultivo de setas de proximidad y produce distintas variedades y trufa.,Consultar web,+34661875843,lamandraula@gmail.com,http://boletslamandraula.com,,https://www.instagram.com/boletslamandraula,https://www.google.com/maps/search/?api=1&query=Bolets%20la%20Mandraula%2C%2022589%20Estopi%C3%B1%C3%A1n%20del%20Castillo%2C%20Huesca%2C%20Espa%C3%B1a&query_place_id=ChIJT-tfYDmrpxIRT-qvbhmlTVQ,41.9951369,0.5444274,/productores/es/aragon/huesca/bolets-la-mandraula.webp,verificado,no,,
pacharan-layan,Pacharán Layán,Loarre,Destilados y licores,pacharán artesano y pacharán con trufa negra,"C. Coarasa, 9, 22809 Loarre, Huesca","Elaborador artesano de Loarre que macera endrinas de sus propios endrinos en barricas de roble para producir pacharán, incluido uno con trufa negra.",Contactar por teléfono,+34689699121,pacharanlayan@gmail.com,,,,https://www.google.com/maps/search/?api=1&query=PACHAR%C3%81N%20LAY%C3%81N%20S.C.%2C%20C.%20Antonio%20Coarasa%2C%20n%C2%BA%209%2C%2022809%20Loarre%2C%20Huesca%2C%20Espa%C3%B1a&query_place_id=ChIJkSa58Z3MWQ0RjUmgrI5ah_o,42.3139252,-0.6259468,,parcial,no comprobado,,
aguardientes-y-licores-colungo,Aguardientes y Licores Colungo,Colungo,Destilados y licores,"Anís de Colungo, orujos y licores artesanos","C. Val, s/n, 22148 Colungo, Huesca",Destilería artesana de Colungo que obtiene aguardiente y orujo de vino del Somontano en alambique tradicional y elabora anís y licores.,Consultar web,+34619041741,colungo@aguardientescolungo.com,http://aguardientescolungo.com,,,,42.2285,0.0694,,verificado,no,,
queso-de-la-litera,Queso de La Litera,Altorricón,Lácteos y quesos,queso semicurado artesano de oveja,"Calle Afueras, s/n, 22540 Altorricón, Huesca","Quesería familiar de Altorricón retomada en 2024 por Isabel Segarra, que elabora a mano un semicurado con leche cruda de oveja de proximidad.",Consultar web,+34628577972,info@quesodelalitera.es,https://quesodelalitera.es/,,,,41.801621403221,0.41309734601445,,verificado,no,,
la-canabla,La Cañabla,Broto,Lácteos y quesos,quesos artesanos de leche cruda de cabra,"C. Porches, 22370 Broto, Huesca",Proyecto familiar de Broto con rebaño propio en manejo extensivo que elabora quesos artesanos de leche cruda de cabra.,Tienda: 11:00-14:00 y 17:00-20:00,+34629578744,lacanabla@gmail.com,https://lacanabla.es/,,https://www.instagram.com/lacanabla/,https://www.google.com/maps/search/?api=1&query=La%20Ca%C3%B1abla%2C%20C.%20Porches%2C%2022370%20Broto%2C%20Huesca&query_place_id=ChIJMe1snLz5Vw0RrfEwCNVLb6k,42.60462969530768,-0.12478738077438477,,verificado,no,,
quesos-bal-de-broto,Quesos Bal de Broto,Broto,Lácteos y quesos,quesos de leche cruda de vaca,"Ctra. N-260, km 472, Casa de Planduviar, 22370 Broto, Huesca",Quesería artesana de Casa de Planduviar que elabora y afina quesos de leche cruda de vaca con cortezas naturales.,Consultar web,,info@quesosbaldebroto.com,https://quesosbaldebroto.com/,https://www.facebook.com/QueseriaBaldeBroto/,,https://www.google.com/maps/search/?api=1&query=Quesos%20Bal%20de%20Broto%2C%20Ctra.%20N-260%2C%20km%20472%2C%20Casa%20de%20Planduviar%2C%2022370%20Broto%2C%20Huesca&query_place_id=ChIJ3Z6Acln3Vw0RhXle0Cm4Zdw,42.558167,-0.118494,,verificado,sí,ecommerce,
quesos-el-benasques,Quesos El Benasqués,Sahún,Lácteos y quesos,quesos curados artesanos,"C/ Benasque, baja, 5, 22468 Sahún, Huesca",Quesería tradicional de Sahún que elabora quesos curados y los madura de forma natural en una bodega subterránea.,Contactar por teléfono,+34974551340,quesodebenasque@yahoo.es,,,,https://www.google.com/maps/search/?api=1&query=Quesos%20El%20Benasqu%C3%A9s%2C%20C%2F%20Benasque%2C%20baja%2C%205%2C%2022468%20Sah%C3%BAn%2C%20Huesca&query_place_id=ChIJLSyb8dV5qBIRegDbX67UxAM,42.57667,0.46583,/productores/es/aragon/huesca/quesos-el-benasques.webp,parcial,no comprobado,,
quesos-de-senz,Quesos de Senz,Senz,Lácteos y quesos,quesos artesanos de vaca y oveja,"C/ Única, s/n, 22466 Senz, Huesca","Quesería familiar de Senz que desde 1996 elabora quesos de vaca y oveja de pastoreo, sin aditivos ni artificios.",Consultar web,+34695702381,quesosdesenz@gmail.com,https://quesosdesenz.es,,,https://www.google.com/maps/search/?api=1&query=Quesos%20de%20Senz%2C%20C%2F%20%C3%9Anica%2C%20s%2Fn%2C%2022466%20Senz%2C%20Huesca&query_place_id=ChIJITE6a33cpxIRGHwrw4KcRO4,42.4336876,0.3665066,,verificado,sí,telefono,
mas-del-tano,Mas del Tano,Fraga,Lácteos y quesos,"Tanet, Lo Puntal y quesos de cabra","Ptda. de Litera, s/n, 22520 Fraga, Huesca",Quesería familiar de Fraga con rebaño propio de cabras y catálogo histórico de quesos de leche cruda con corteza natural.,Contactar por teléfono,+34620108764,info@masdeltano.com,,,,https://www.google.com/maps/search/?api=1&query=Mas%20del%20Tano%2C%20Ptda.%20de%20Litera%2C%20s%2Fn%2C%2022520%20Fraga%2C%20Huesca&query_place_id=ChIJUbaoFpk5pxIR2sfp2Nj_Bzo,41.480901784796,0.18675980046075,,parcial,no comprobado,,
quesos-carlina,Quesos Carlina,Biescas,Lácteos y quesos,quesos artesanos de cabra y vaca,"Pol. Las Pasaderas Sur, Nave 7, 22630 Biescas, Huesca","Quesería artesana vinculada al vivero agroalimentario de Biescas, con producción de quesos del Pirineo de cabra y vaca.",Consultar web,+34626887684,quesoscarlina@gmail.com,,,,,42.62833,-0.32111,,parcial,no comprobado,,
granja-torre-la-julia,Granja Torre La Julia,Altorricón,Lácteos y quesos,queso de vaca,"Altorricón, 22540 Altorricón, Huesca",Ganadería de Altorricón incluida en el directorio agroalimentario aragonés como elaboradora de queso de vaca con leche de explotación propia.,Contactar por teléfono,+34974425225,,,,,https://www.google.com/maps/search/?api=1&query=Granja%20Torre%20La%20Julia%2C%20Altorric%C3%B3n%2C%2022540%20Altorric%C3%B3n%2C%20Huesca&query_place_id=ChIJIe2DAAEPpxIRjF2UsWUzNtU,41.80417,0.41472,,parcial,no,,
lactea-altoaragon,Sociedad Cooperativa Láctea Altoaragón,Binéfar,Lácteos y quesos,leche de cooperativistas y productos Copirineo,"Pol. Ind. El Sosal, C. Magnesio 10, 22500 Binéfar, Huesca",Cooperativa de Binéfar que recoge y comercializa leche de ganaderos asociados y mantiene marcas lácteas como Copirineo.,Contactar por teléfono,+34974432024,,,,,https://www.google.com/maps/search/?api=1&query=Sociedad%20Cooperativa%20L%C3%A1ctea%20Altoarag%C3%B3n%2C%20Pol.%20Ind.%20El%20Sosal%2C%20C.%20Magnesio%2010%2C%2022500%20Bin%C3%A9far%2C%20Huesca&query_place_id=ChIJZ1HlOnMNpxIRNWGTR8Bwxtc,41.85,0.28333,,parcial,no,,
casa-bergua-queseria,Casa Bergua Quesería,Torla-Ordesa,Lácteos y quesos,proyecto de quesos de cabra y vaca,"C. Única, s/n, 22378 Viu de Linás, Torla-Ordesa, Huesca","Sociedad de Viu de Linás con licencia ambiental para una quesería artesanal de cabra y vaca, sin prueba pública aún del inicio efectivo de elaboración.",Sin actividad pública confirmada,,,,,,,42.62778,-0.11222,,parcial,no,,
bodegas-alodia,Bodegas Alodia,Adahuesca,Vino,vinos D.O. Somontano,"Ctra. A-1229, km 11,3, 22147 Adahuesca, Huesca",Bodega dedicada a la recuperación de variedades autóctonas del Somontano y elaboración artesana.,Consultar web,+34974318265,contacto@alodia.es,https://www.alodia.es,,https://www.instagram.com/bodegasalodia,https://www.google.com/maps/search/?api=1&query=Bodegas%20Alodia%2C%20Ctra.%20A-1229%2C%20km%2011%2C3%2C%2022147%20Adahuesca%2C%20Huesca&query_place_id=ChIJMz6qiRp2WA0R2YQUQ6RdXvw,42.1469,-0.0062,,verificado,sí,ecommerce,
bodega-familia-estrada-palacio,Bodega Familia Estrada Palacio,Bespén,Vino,vinos artesanos de autor,"Calle Baja, 4, 22123 Bespén, Huesca",Bodega familiar con viñedos propios dedicada a la elaboración artesanal de vinos tintos y blancos de autor.,Consultar web,+34620929693,sentif@estradapalacio.com,https://www.estradapalacio.com,,,https://www.google.com/maps/search/?api=1&query=Bodega%20Familia%20Estrada%20Palacio%2C%20Calle%20Baja%2C%204%2C%2022123%20Besp%C3%A9n%2C%20Huesca&query_place_id=ChIJXyotDTZlWA0RyAWJdYzTA4k,42.0571,-0.1547,,verificado,no,,
casa-vinicola-molinias,Casa Vinícola Moliniás,Fosado,Vino,vinos de altura del Pirineo,"Calle Moliniás s/n, 22452 Fosado, Huesca",Proyecto vitivinícola recuperado en el Pirineo aragonés que produce vinos ecológicos y singulares de alta montaña.,Consultar web,+34699498689,info@casavinicolamolinias.com,https://casavinicolamolinias.com,,https://www.instagram.com/casavinicolamolinias,,42.4282,0.2516,,verificado,sí,ecommerce,
pasteleria-tolosana,Pastelería Tolosana,Almudévar,Pan y cereal,Trenza de Almudévar,"Polígono Industrial Canal de Monegros, parcela C-1, 22270 Almudévar, Huesca","Obrador centenario y creadores de la famosa Trenza de Almudévar, elaborado siguiendo procesos tradicionales de pastelería.",Consultar web,+34974250705,info@pasteleriatolosana.com,https://www.pasteleriatolosana.com,,https://www.instagram.com/trenzadealmudevar,https://www.google.com/maps/search/?api=1&query=Pasteler%C3%ADa%20Tolosana%2C%20Pol%C3%ADgono%20Industrial%20Canal%20de%20Monegros%2C%20parcela%20C-1%2C%2022270%20Almud%C3%A9var%2C%20Huesca&query_place_id=ChIJywo-5-ZSWA0RbPe35nyWDVQ,42.0373,-0.5837,,verificado,sí,ecommerce,
pasteleria-ascaso,Pastelería Ascaso,Huesca,Pan y cereal,Pastel Ruso,"Coso Alto, 9, 22002 Huesca","Pastelería artesana con más de 130 años de historia, creadora del emblemático Pastel Ruso de Huesca.",Consultar web,+34974225050,huesca@pasteleriaascaso.com,https://www.pasteleriaascaso.com,,https://www.instagram.com/pasteleriaascaso,https://www.google.com/maps/search/?api=1&query=Pasteler%C3%ADa%20Ascaso%2C%20Coso%20Alto%2C%209%2C%2022002%20Huesca&query_place_id=ChIJD58s8jVEWA0ROJgiDmvisJ4,42.1371,-0.4087,,verificado,sí,ecommerce,
chocolates-bresco,Chocolates Brescó,Benabarre,Chocolate,chocolates y bombones artesanos,"Ctra. Nacional 230, km 68, 22580 Benabarre, Huesca","Obrador artesanal de chocolates de gran tradición familiar, especializado en bombones, tabletas y especialidades locales.",Consultar web,+34974543008,tienda@chocolatesbresco.es,https://chocolatesbresco.es,,https://www.instagram.com/chocolatesbresco,https://www.google.com/maps/search/?api=1&query=Chocolates%20Bresc%C3%B3%2C%20Ctra.%20Nacional%20230%2C%20km%2068%2C%2022580%20Benabarre%2C%20Huesca&query_place_id=ChIJkdO9A7CxpxIRufbkE5Ru72E,42.1065,0.4970,,verificado,sí,ecommerce,
bodega-enate,Bodega Enate,Salas Bajas,Vino,vinos D.O. Somontano,"Av. de las Artes, 1, 22314 Salas Bajas, Huesca","Una de las bodegas más emblemáticas del Somontano, caracterizada por maridar la elaboración del vino con el arte contemporáneo.",Consultar web,+34974302580,enoturismo.enate@grupoenate.es,https://www.enate.es,,https://www.instagram.com/bodegaenate,,42.1460,0.0380,,verificado,sí,ecommerce,
bodega-pirineos,Bodega Pirineos,Barbastro,Vino,vinos D.O. Somontano,"Ctra. Barbastro-Naval, km 3,5, 22300 Barbastro, Huesca","Bodega fundadora de la D.O. Somontano, heredera de la cooperativa comarcal y pionera en vinos del territorio.",Consultar web,+34974312273,bpvisitas@bodegapirineos.com,https://bodegapirineos.com,,https://www.instagram.com/bodegapirineos,https://www.google.com/maps/search/?api=1&query=Bodega%20Pirineos%2C%20Ctra.%20Barbastro-Naval%2C%20km%203%2C5%2C%2022300%20Barbastro%2C%20Huesca&query_place_id=ChIJL1KzI8CFpxIR45NrD9XVG1o,42.0576,0.0923,,verificado,sí,ecommerce,
vinas-del-vero,Viñas del Vero,Barbastro,Vino,vinos D.O. Somontano,"Ctra. de Barbastro a Naval, Km. 3,7, 22300 Barbastro, Huesca","Bodega líder de la D.O. Somontano, caracterizada por la diversidad de sus variedades de uva y fincas vitícolas.",Consultar web,+34974302216,info@vinasdelvero.es,https://www.vinasdelvero.es,,https://www.instagram.com/vinasdelvero,https://www.google.com/maps/search/?api=1&query=Vi%C3%B1as%20del%20Vero%2C%20Ctra.%20de%20Barbastro%20a%20Naval%2C%20Km.%203%2C7%2C%2022300%20Barbastro%2C%20Huesca&query_place_id=ChIJZSwf6_2EpxIRF_I4XCc0COU,42.0604,0.0912,,verificado,sí,ecommerce,
bodegas-lalanne,Bodegas Lalanne,Barbastro,Vino,vinos de crianza y reserva,"Ctra. A-1232, Km. 3,800, Castillo de San Marcos, 22300 Barbastro, Huesca","Bodega de arraigo familiar fundada a finales del siglo XIX por la familia Lalanne, de origen bordelés.",Consultar web,+34974310689,lalanne@bodegaslalanne.com,https://bodegaslalanne.eu,,https://www.instagram.com/bodegaslalanne,https://www.google.com/maps/search/?api=1&query=Bodegas%20Lalanne%2C%20Ctra.%20A-1232%2C%20Km.%203%2C800%2C%20Castillo%20de%20San%20Marcos%2C%2022300%20Barbastro%2C%20Huesca&query_place_id=ChIJqwIY6_2EpxIR0yGL6N7Si_Y,42.0615,0.0891,,verificado,sí,ecommerce,
bodega-laus,Bodega Laus,Barbastro,Vino,vinos tintos y rosados,"Ctra. N-240, km 154,8, 22300 Barbastro, Huesca","Bodega moderna con diseño zen integrada en la naturaleza del Somontano, destacada por sus vinos elegantes y fáciles de disfrutar.",Consultar web,+34974269708,enoturismo.laus@grupoenate.es,https://www.bodegalaus.es,,https://www.instagram.com/bodegalaus,https://www.google.com/maps/search/?api=1&query=Bodega%20Laus%2C%20Ctra.%20N-240%2C%20km%20154%2C8%2C%2022300%20Barbastro%2C%20Huesca&query_place_id=ChIJJXr7rQGFpxIRlC5LH0m-Qdc,41.9903,0.1388,,verificado,sí,ecommerce,
bodega-otto-bestue,Bodega Otto Bestué,Enate,Vino,vinos tintos D.O. Somontano,"Ctra. A-138, Km 0,5, 22312 Enate, Huesca","Bodega familiar vinculada a la viticultura en Enate desde 1640, elaborando vinos honestos que reflejan el carácter del viñedo.",Consultar web,+34974305157,info@bodega-ottobestue.com,https://bodega-ottobestue.com,,https://www.instagram.com/bodegaottobestue,https://www.google.com/maps/search/?api=1&query=Bodega%20Otto%20Bestu%C3%A9%2C%20Ctra.%20A-138%2C%20Km%200%2C5%2C%2022312%20Enate%2C%20Huesca&query_place_id=ChIJ7dd2vg6apxIRE8IkyhICbOQ,42.0721,0.2115,,verificado,sí,ecommerce,
bodegas-valdovinos,Bodegas Valdovinos,Antillón,Vino,vinos artesanos del Somontano,"Camino de la Almunia, s/n, 22133 Antillón, Huesca",Pequeña bodega familiar que elabora vinos artesanos expresivos combinando tradición y técnicas modernas en la Hoya de Huesca.,Consultar web,+34974260437,info@bodegasvaldovinos.com,https://bodegasvaldovinos.com,,,,42.0964,-0.1656,,verificado,sí,ecommerce,
bodegas-fabregas,Bodegas Fábregas,Barbastro,Vino,vinos de variedades tradicionales,"Calle Cerler, 3, 22300 Barbastro, Huesca",Bodega familiar con más de 130 años de trayectoria que apuesta por variedades tradicionales del Somontano como la Moristel.,Consultar web,+34636480238,info@bodegasfabregas.com,https://bodegasfabregas.com,,https://www.instagram.com/bodegasfabregas,https://www.google.com/maps/search/?api=1&query=Bodegas%20F%C3%A1bregas%2C%20Calle%20Cerler%2C%203%2C%2022300%20Barbastro%2C%20Huesca&query_place_id=ChIJHfO0ZAKFpxIRy9hFt1bV-XY,42.0354,0.1264,,verificado,sí,ecommerce,
bodega-batan-de-salas,Bodega Batán de Salas,Barbastro,Vino,vinos tintos y blancos de autor,"Pol. Ind. Valle del Cinca, Calle B, 4, 22300 Barbastro, Huesca",Bodega con vinos atrevidos y modernos que buscan transmitir la riqueza varietal de la D.O. Somontano.,Consultar web,+34974316217,bodega@deberoz.es,https://batandesalas.com,,,https://www.google.com/maps/search/?api=1&query=Bodega%20Bat%C3%A1n%20de%20Salas%2C%20Pol.%20Ind.%20Valle%20del%20Cinca%2C%20Calle%20B%2C%204%2C%2022300%20Barbastro%2C%20Huesca&query_place_id=ChIJRbmTLKSEpxIRpzfN7uHALKs,42.0042,0.1377,,verificado,sí,ecommerce,
bodega-blecua,Bodega Blecua,Barbastro,Vino,vino Blecua de alta gama,"Ctra. Barbastro-Naval, km 3, 22300 Barbastro, Huesca",Bodega boutique exclusiva que elabora el icónico vino Blecua mediante selección de los mejores viñedos y barricas.,Consultar web,+34974302216,visitas@vinasdelvero.es,https://www.gonzalezbyass.com/es/bodegas-marcas/blecua,,,https://www.google.com/maps/search/?api=1&query=Bodega%20Blecua%2C%20Ctra.%20Barbastro-Naval%2C%20km%203%2C%2022300%20Barbastro%2C%20Huesca&query_place_id=ChIJp1WPf1ORpxIR3ZO987WUdro,42.0550,0.0910,,verificado,sí,ecommerce,
bodegas-idrias,Bodegas Idrias,Lascellas,Vino,vinos ecológicos Somontano,"Ctra. de Abiego, A-1229, Km 0,2, 22124 Lascellas, Huesca","Bodega enfocada en el cultivo ecológico y sostenible, que elabora vinos respetuosos con el medio ambiente.",Consultar web,+34974340671,info@bsdg.es,https://www.idrias.es,,https://www.instagram.com/bodegasidrias,https://www.google.com/maps/search/?api=1&query=Bodegas%20Idrias%2C%20Ctra.%20de%20Abiego%2C%20A-1229%2C%20Km%200%2C2%2C%2022124%20Lascellas%2C%20Huesca&query_place_id=ChIJL5JTEAh6WA0RLCbBcdgCbTY,42.0884,-0.0924,,verificado,sí,ecommerce,
bodega-aldahara,Bodega Aldahara,Estadilla,Vino,vinos D.O. Somontano,"Ctra. Barbastro, 10, 22423 Estadilla, Huesca",Bodega que elabora vinos de producción limitada con uvas de sus propios viñedos de secano en Estadilla.,Consultar web,+34974305236,bodega@aldahara.es,https://aldahara.es,,,https://www.google.com/maps/search/?api=1&query=Bodega%20Aldahara%2C%20Ctra.%20Barbastro%2C%2010%2C%2022423%20Estadilla%2C%20Huesca&query_place_id=ChIJtdXudoKZpxIR3FfrbYVZ99g,42.0569,0.2338,,verificado,sí,ecommerce,
bodegas-meler,Bodegas Meler,Barbastro,Vino,"vinos tintos, blancos y rosados","Ctra. N-240, km 155,2, 22300 Barbastro, Huesca",Bodega de tradición familiar que une el esfuerzo de tres generaciones dedicadas al cultivo del viñedo en el Somontano.,Consultar web,+34679954988,info@bodegasmeler.com,https://bodegasmeler.com,,https://www.instagram.com/bodegasmeler,,42.0435,0.0988,,verificado,no,,
pasteleria-vilas,Pastelería Vilas,Huesca,Pan y cereal,Castañas de Huesca y repostería,"Calle Alcoraz, 5, 22002 Huesca","Pastelería emblemática de Huesca con elaboraciones tradicionales, famosa por sus castañas de mazapán y chocolate.",Consultar web,+34974211354,vilasconfiteria@gmail.com,http://www.pasteleriavilas.com,,https://www.instagram.com/confiteriavilas,https://www.google.com/maps/search/?api=1&query=Pasteler%C3%ADa%20Vilas%2C%20Calle%20Alcoraz%2C%205%2C%2022002%20Huesca&query_place_id=ChIJnRdzX0pEWA0RwkF6FWJaqis,42.1384,-0.4074,,verificado,no,,
panaderia-lartica,Panadería L'Artica,Alquézar,Pan y cereal,pan de hogaza y tortas tradicionales,"Calle la Iglesia, 1, 22145 Alquézar, Huesca","Obrador de pan artesanal en la villa medieval de Alquézar, famoso por su pan de masa madre y dulces de la zona.",Consultar web,+34615417396,info@panaderialartica.com,https://panaderialartica.com,,https://www.instagram.com/panaderialartica,,42.1724,0.0270,,verificado,sí,telefono,
miel-de-asque,Miel de Asque,Asque,Miel,"miel de romero, espliego, encina y tomillo","Plaza Mayor, 6, 22146 Asque, Huesca",Agropecuaria Berges produce en Asque miel artesanal de distintas floraciones del entorno de Guara y el Somontano.,Consultar web,+34620360682,david@casasanz.net,,,,https://www.google.com/maps/search/?api=1&query=Miel%20de%20Asque%2C%20Plaza%20Mayor%2C%206%2C%2022146%20Asque%2C%20Huesca&query_place_id=ChIJKf4c6sCLpxIRdHUA14P6TbA,42.1727,0.0645,,parcial,no comprobado,,
excosa,EXCOSA Craft Beer,Buisán,Cerveza,cervezas artesanales del Pirineo,"Calle Única, 11, 22375 Buisán, Huesca",Microcervecería de montaña dedicada a la producción de cervezas artesanas singulares en el Pirineo aragonés.,Consultar web,+34666417809,info@excosa.es,https://www.excosa.es,,https://www.instagram.com/excosa.es,https://www.google.com/maps/search/?api=1&query=EXCOSA%20Craft%20Beer%2C%20Calle%20%C3%9Anica%2C%2011%2C%2022375%20Buis%C3%A1n%2C%20Huesca&query_place_id=ChIJdaXXd03_Vw0RLk-z2XbXtfI,42.5816,-0.0101,,verificado,sí,ecommerce,
bachiella,Cerveza Bachiella,Salas Bajas,Cerveza,cerveza artesanal Bachiella,"Calle Mayor, 43, 22314 Salas Bajas, Huesca",Pequeña fábrica de cerveza artesanal en el Somontano que elabora cervezas frescas empleando ingredientes seleccionados.,Consultar web,+34657535263,info@bachiella.com,,,https://www.instagram.com/cerveza_bachiella,https://www.google.com/maps/search/?api=1&query=Cerveza%20Bachiella%2C%20Calle%20Mayor%2C%2043%2C%2022314%20Salas%20Bajas%2C%20Huesca&query_place_id=ChIJbcZBn2mPpxIRO8CYZKN9yt8,42.1007,0.0843,,parcial,no comprobado,,
el-rinconer,El Rinconer / La Miel de Cris,Huesca,Miel,miel cruda artesanal,"Travesía Ballesteros, 2, 22001 Huesca","Proyecto de la apicultora Cristina Luque, que produce a pequeña escala la miel cruda La Miel de Cris y la comercializa en su tienda El Rinconer.",Consultar web,+34974709418,elrinconer.huesca@gmail.com,https://elrinconer.es,,https://www.instagram.com/elrinconer,https://www.google.com/maps/search/?api=1&query=El%20Rinconer%20%2F%20La%20Miel%20de%20Cris%2C%20Traves%C3%ADa%20Ballesteros%2C%202%2C%2022001%20Huesca&query_place_id=ChIJsVGUdEtFWA0RC8XjCheZcLY,42.1364,-0.4027,,verificado,no,,
bodega-el-grillo-y-la-luna,Bodega El Grillo y la Luna,Barbastro,Vino,vinos D.O. Somontano Grillo,"Ctra. de Berbegal, A-1226, Km 2,5, 22300 Barbastro, Huesca",Bodega boutique familiar del Somontano dedicada a elaborar vinos singulares de alta expresión respetando el terruño.,Consultar web,+34974269188,info@elgrilloylaluna.com,https://elgrilloylaluna.com,,https://www.instagram.com/elgrilloylaluna,https://www.google.com/maps/search/?api=1&query=Bodega%20El%20Grillo%20y%20la%20Luna%2C%20Ctra.%20de%20Berbegal%2C%20A-1226%2C%20Km%202%2C5%2C%2022300%20Barbastro%2C%20Huesca&query_place_id=ChIJl7XEi1WEpxIRfVKWcZim4HE,42.0290,0.1250,,verificado,sí,ecommerce,
bodegas-obergo,Bodegas Obergo,Secastilla,Vino,vinos de viñedos de altura,"Carretera La Puebla de Castro, Km 6, 22439 Secastilla, Huesca","Vinos de gran altitud de la D.O. Somontano, procedentes del idílico valle de Secastilla y cultivados de forma manual.",Consultar web,+34974942674,info@obergo.es,https://www.obergo.es,,https://www.instagram.com/bodegasobergo,https://www.google.com/maps/search/?api=1&query=Bodegas%20Obergo%2C%20Carretera%20La%20Puebla%20de%20Castro%2C%20Km%206%2C%2022439%20Secastilla%2C%20Huesca&query_place_id=ChIJn7VoTnmWpxIRiID0tBK-EZs,42.1527,0.2670,,verificado,sí,ecommerce,
trufa-negra-del-pirineo,Trufa Negra del Pirineo,Aínsa,Setas,trufa negra fresca (Tuber melanosporum),"Finca Las Hifas, carretera Aínsa–Margudgued–Boltaña, km 5, 22330 Aínsa, Huesca","Truficultores de Sobrarbe con plantaciones de roble y encina, venta de trufa negra fresca con trazabilidad y experiencias de trufiturismo.",Consultar web,+34665955955,info@trufanegradelpirineo.com,https://trufanegradelpirineo.com,,,,42.4350,0.0920,,verificado,sí,ecommerce,
trufa-pyrenees,Trufa Pyrenees,Santorens,Setas,trufa fresca y productos trufados,"Calle Mayor, 1, 22584 Santorens, Huesca",Empresa familiar dedicada al cultivo y recolección sostenible de trufa negra de excelente calidad en el Pirineo.,Consultar web,+34650546924,info@trufapyrenees.com,https://www.trufapyrenees.com,,,,42.3507,0.7162,,verificado,sí,email|telefono,
truf-truf,Truf-Truf,Canal de Berdún,Setas,trufa negra fresca de plantaciones propias,"22770 Canal de Berdún, Huesca","Proyecto trufero de la Jacetania con plantaciones propias, venta de trufa negra fresca y experiencias de trufiturismo en temporada.",Consultar web,+34660719147,info@truf-truf.com,https://www.truf-truf.com,,,,42.6035,-0.8574,,verificado,sí,telefono,
azafran-d-estana,Azafrán d'Estaña,Estaña,Condimentos,hebras de azafrán artesano,"22580 Estaña, Huesca","Cultivo familiar y artesanal de azafrán en Estaña, con recolección, desbriznado y secado manuales.",Consultar web,+34638330684,,,,,https://www.google.com/maps/search/?api=1&query=Azafr%C3%A1n%20d%27Esta%C3%B1a%2C%2022580%20Esta%C3%B1a%2C%20Huesca&query_place_id=ChIJu4Vw54WupxIRzqEJdd0Icy4,42.0322,0.5189,,parcial,no comprobado,,
el-colmenar-de-angel,El Colmenar de Ángel,Huesca,Miel,miel cruda e hidromiel,"Calle Agustín Viñuales Pardo, 1, 22004 Huesca","Empresa apícola familiar de tercera generación que produce miel cruda, hidromiel y otros productos de sus colmenas de la Sierra de Gratal.",Consultar web,+34639180648,info@elcolmenardeangel.es,https://elcolmenardeangel.es,,,https://www.google.com/maps/search/?api=1&query=El%20Colmenar%20de%20%C3%81ngel%2C%20Calle%20Agust%C3%ADn%20Vi%C3%B1uales%20Pardo%2C%201%2C%2022004%20Huesca&query_place_id=ChIJcYCRCMlFWA0RdRATmrvHx4w,42.1400,-0.4220,,verificado,sí,ecommerce,
aceites-ferrer-bierge,Aceites Ferrer,Bierge,Aceite,Aceite de oliva virgen extra,"Plaza Mayor s/n, 22144 Bierge, Huesca","Almazara familiar de Bierge, en el Parque Natural de la Sierra y los Cañones de Guara, que elabora aceite de oliva desde 1959 y sigue en manos de la tercera generación.",,+34974318106,aceitesferrer@aceitesferrer.com,https://aceitesferrer.com/,,,,42.163813,-0.081123,,parcial,sí,ecommerce,
chistau-natural-san-juan-de-plan,Chistau Natural,San Juan de Plan,Carne,Carne de ternera del Pirineo,"Calle Borda Moré, 1, 22367 San Juan de Plan, Huesca",Familia ganadera del valle de Chistau que cría vacas y terneros en los puertos altos del Pirineo y vende su carne de ternera directamente desde la explotación.,,+34644558199,info@chistaunatural.com,https://chistaunatural.com/,https://www.facebook.com/profile.php?id=100048039444060,https://www.instagram.com/chistaunatural/,,42.586573,0.348225,,parcial,sí,ecommerce,
